3682950
3683325
3683543
3683724
3683816
3683912
3684004
3684095
3684173
3684249
3684341
3684439
3684447
3684585
3684677
3684776
3684847
3684992
3685110
3685282
3685370
3685585
3685800
3685977
3686062
3686279
3686460
3686550
3686589
3686678
3686775
3687311
3687390
3687477
3687743
3688068
3688158
3688250
3688390
3688517
3688566
3688862
3688950
3689358
3689468
3689561
3689648
3689738
3689810
3690030
3690246
3690694
3690766
3690952
3691161
3691352
3691694
3691866
3691962
3692044
3692156
3692241
3692320
3692394
3692477
3692642
3693035
3693189
3693272
3693988
3694125
3694237
3694273
3694314
3694420
3694731
3694836
3694954
3695031
3695488
3695689
3695845
3696024
3696179
3696365
3696842
3697137
3697227
3697279
3697380
3697579
3698011
3698062
3698150
3698781
3699057
3699362
3699551
3700408
3700440
3701114
3701232
3701324
3701379
3701470
3701653
3701776
3701876
3702075
3702188
3702375
3702462
3702555
3702654
3702705
3702911
3703012
3703111
3703353
3703516
3703913
3704233
3704440
3704519
3705079
3705174
3705282
3705291
3705387
3705458
3705518
3705618
3705715
3705811
3705910
3705995
3706096
3706153
3706203
3706311
3706406
3706611
3706899
3707303
3707548
3707684
3707848
3708048
3708251
3708383
3708716
3709178
3709212
3709641
3709743
3710301
3710400
3710567
3710963
3711181
3711392
3711698
3711975
3712089
3712197
3712383
3713232
3713331
3713339
3713391
3713614
3713968
3714073
3714151
3714189
3714206
3714281
3714578
3714762
3715136
3715549
3715666
3715774
3715880
3716851
3717182
3717433
3717631
3717801
3718032
3718359
3718547
3718739
3719015
3719256
3719641
3719883
3720033
3720347
3720954
3721379
3721489
3721590
3721728
3721953
3722177
3722423
3722610
3722835
3723053
3723269
3723562
3723939
3724057
3724364
3724480
3724538
3724663
3724784
3724799
3724923
3725045
3725105
3725218
3725338
3725345
3725462
3725522
3725624
3725744
3725863
3725980
3726103
3726217
3726536
3726784
3727041
3727190
3727613
3728492
3728628
3728707
3728897
3729261
3729396
3729654
3729782
3730050
3730175
3730263
3730368
3730560
3730681
3730715
3730835
3730962
3731139
3731251
3731355
3731562
3731813
3731941
3732835
3732959
3733081
3733088
3733217
3733334
3733343
3733461
3733579
3733701
3733813
3733948
3733972
3734094
3734198
3734278
3734383
3734996
3735251
3735373
3735623
3735785
3736163
3736421
3736588
3736919
3737172
3737279
3737315
3737572
3737682
3738076
3738306
3738528
3738758
3739035
3739418
3739668
3739989
3740462
3740670
3740853
3740946
3741032
3741226
3741298
3741374
3741589
3741793
3741853
3741875
3741965
3742056
3742724
3742970
3743232
3743624
3744137
3744511
3744763
3744875
3745370
3745616
3745870
3746116
3746163
3746423
3746802
3747136
3747322
3747366
3747474
3747581
3747675
3747883
3748037
3748095
3748222
3748328
3748431
3748657
3748768
3748878
3749238
3749514
3749900
3750151
3750902
3751169
3751422
3751672
3751794
3751920
3752037
3752207
3752403
3752592
3752867
3753125
3753700
3753825
3753952
3754071
3754188
3754307
3754412
3754541
3754611
3754706
3754822
3754939
3755053
3755134
3755254
3755371
3757393
3757519
3757804
3758053
3758292
3758538
3758786
3759063
3759177
3759384
3759568
3759680
3759851
3760084
3760191
3760292
3760613
3760943
3761174
3761405
3761629
3761886
3762002
3762376
3762601
3762872
3763110
3763493
3763620
3763721
3763760
3763789
3764128
3764395
3764647
3764782
3765036
3765236
3765488
3765749
3765875
3766000
3766244
3766622
3767008
3767851
3768131
3768484
3768615
3768743
3768868
3769116
3769167
3769263
3769420
3769578
3769807
3769933
3770416
3770663
3770914
3771165
3771515
3772175
3772478
3772605
3772717
3772838
3772930
3773055
3773179
3773311
3773442
3773575
3773705
3773896
3774008
3774022
3774136
3774228
3774233
3774257
3774272
3774295
3774421
3774762
3774881
3774922
3775039
3775150
3775214
3775337
3775585
3775823
3775940
3776049
3776073
3776428
3776797
3777067
3777163
3777568
3777584
3777700
3777833
3777928
3777993
3778217
3778391
3778518
3779118
3779418
3779652
3780034
3780265
3780441
3780690
3780795
3780912
3781161
3781348
3781536
3781867
3782162
3782295
3782542
3782988
3783213
3783436
3783682
3783934
3784243
3784636
3784882
3785069
3785320
3785566
3785811
3786402
3786776
3787086
3787322
3787565
3787757
3788050
3788192
3788387
3788525
3788658
3788831
3788991
3789244
3789355
3789491
3789616
3789822
3790075
3790498
3790625
3790871
3791182
3791435
3791697
3791969
3792294
3792531
3792720
3792826
3793845
3794101
3794238
3794572
3795051
3795211
3795520
3795662
3796582
3797030
3797281
3797426
3797958
3798099
3798372
3798733
3799097
3799344
3799581
3799878
3800122
3800334
3800519
3800742
3801037
3801293
3801548
3801808
3802360
3802579
3802880
3803345
3803626
3803868
3804261
3804504
3804755
3804956
3805095
3805225
3805279
3805406
3805702
3805899
3806182
3806324
3806573
3806830
3806968
3807222
3807332
3807582
3807829
3808078
3808214
3808400
3808622
3808741
3808991
3809380
3809627
3809867
3810038
3810147
3810266
3810477
3810533
3810567
3810773
3810986
3811108
3811233
3811501
3811651
3811904
3812157
3812522
3812890
3813145
3813797
3814053
3814353
3814632
3814769
3814903
3815030
3815165
3815295
3815374
3815500
3815572
3815707
3815837
3815880
3816011
3816080
3816208
3816256
3816344
3816530
3816788
3816991
3817308
3817565
3817686
3817898
3818142
3818364
3818529
3818655
3819029
3819153
3819576
3819979
3820104
3820223
3820524
3820724
3821167
3821322
3821576
3821828
3821914
3822169
3822531
3822982
3823280
3823524
3823712
3823828
3824184
3824294
3824361
3824845
3825178
3825433
3825692
3825814
3826070
3826316
3826599
3826813
3827048
3827388
3827750
3827983
3828381
3829237
3829438
3829551
3829640
3829888
3830153
3830336
3830556
3830968
3831116
3831277
3831521
3831753
3831850
3831985
3832098
3832221
3832434
3832493
3832599
3832666
3832894
3833255
3834251
3834524
3834756
3835195
3835404
3835781
3836299
3836697
3836951
3837229
3837377
3837537
3837740
3837943
3838193
3838325
3838683
3838744
3838871
3839008
3839430
3841036
3841172
3841305
3841439
3841562
3841686
3841825
3843103
3843351
3843530
3843538
3843855
3844100
3844230
3844318
3844446
3844583
3844825
3845128
3845300
3845541
3845707
3845839
3846035
3846299
3846547
3846813
3846949
3847177
3847312
3847528
3847663
3847865
3848104
3848319
3848527
3848722
3848971
3849316
3849475
3849969
3850204
3850352
3850585
3850784
3851143
3851390
3851719
3851877
3852140
3852279
3852530
3852758
3852841
3853184
3853323
3853692
3854074
3854342
3854585
3854841
3855078
3855398
3855593
3856061
3856154
3856298
3856431
3856509
3856878
3857124
3857441
3857670
3857921
3858060
3858246
3858548
3858793
3859008
3859186
3859759
3859955
3860190
3861391
3861543
3861797
3862050
3862193
3862400
3862602
3862744
3863000
3863583
3863830
3864638
3864881
3865013
3865209
3865458
3865704
3865986
3866239
3866491
3866731
3866914
3867192
3867492
3867994
3869374
3869707
3869955
3870139
3870394
3870637
3870721
3871022
3871125
3871303
3871592
3871835
3872078
3872570
3872815
3873072
3873271
3873471
3873712
3873907
3874083
3874307
3874669
3875050
3875199
3875460
3875596
3875797
3876000
3876144
3876403
3876647
3876773
3876860
3877117
3877263
3877485
3877691
3877818
3878002
3878134
3878200
3878330
3878452
3878688
3878823
3878949
3879200
3879457
3879703
3879906
3880031
3880189
3880320
3880710
3880948
3881382
3881488
3881776
3882022
3882181
3882427
3882703
3882874
3883234
3883416
3883541
3883735
3883847
3884091
3884296
3884421
3884514
3884517
3884643
3884718
3884827
3884954
3885078
3885186
3885309
3885426
3885530
3885615
3885740
3885861
3885891
3886000
3886117
3886383
3886627
3886870
3887122
3887471
3887723
3888260
3888388
3888557
3889953
3890251
3890454
3890710
3890973
3891221
3891468
3891837
3892033
3892274
3892519
3892627
3892785
3893091
3893260
3893496
3893611
3893726
3893826
3894064
3894306
3894707
3894977
3895115
3895350
3895484
3896265
3896451
3896536
3896646
3896709
3896804
3896866
3896963
3897265
3898340
3898591
3898651
3898769
3899006
3899336
3899505
3900289
3900427
3900676
3900926
3901313
3901553
3902101
3902600
3902627
3902745
3902822
3903063
3903487
3903738
3903935
3904066
3904539
3904717
3904989
3905826
3905833
3906035
3906281
3906368
3906453
3906587
3906865
3907025
3907144
3907386
3907578
3907698
3908064
3908464
3908596
3908734
3908851
3908964
3909377
3909493
3909698
3909947
3910059
3910255
3910456
3910642
3910891
3911130
3911759
3911918
3912241
3912350
3912457
3912963
3913147
3914638
3914754
3914869
3915286
3915422
3915795
3915915
3915968
3916088
3916198
3916316
3916394
3916492
3916608
3916665
3916770
3916892
3916983
3918223
3918476
3918713
3918991
3919240
3919756
3920008
3920203
3920458
3920619
3920758
3920962
3921129
3921229
3921377
3921501
3921904
3922107
3922332
3922449
3922590
3922842
3923118
3923243
3923459
3923655
3923753
3923958
3924151
3924285
3924494
3924647
3924771
3924875
3924997
3925102
3925215
3925336
3925433
3925550
3925653
3925769
3925971
3926252
3926462
3926650
3926901
3927079
3927266
3927409
3927668
3927812
3927894
3928049
3928326
3928521
3929003
3929239
3930067
3930191
3930444
3930673
3930797
3931050
3931151
3931277
3931826
3931963
3932211
3932356
3932469
3932716
3932803
3932988
3933382
3933558
3933794
3934618
3934865
3935100
3935226
3935524
3935640
3935834
3935943
3936239
3936502
3936621
3936881
3937048
3937330
3937397
3937628
3937715
3937837
3938071
3938368
3938664
3938906
3939151
3939416
3939535
3939825
3940014
3940246
3940569
3940778
3940875
3940966
3941048
3941629
3941869
3941989
3942111
3942350
3942434
3942560
3942670
3942922
3942948
3943179
3943439
3943669
3943912
3944036
3944096
3944315
3944451
3944602
3944842
3944953
3945071
3945186
3945433
3946016
3946706
3946946
3947180
3947300
3947486
3947745
3947858
3948107
3948316
3948437
3948548
3948664
3948913
3949169
3949426
3949658
3950077
3950311
3950696
3950902
3951064
3951700
3951975
3952198
3952312
3952591
3952872
3953121
3953408
3953557
3953718
3953893
3954140
3954342
3954543
3954828
3955074
3955185
3955422
3955689
3956018
3956154
3956591
3956848
3957093
3957589
3957691
3957889
3958143
3958753
3959076
3959459
3959723
3959959
3960070
3960316
3960478
3960840
3960973
3961224
3961463
3961576
3961837
3962082
3962347
3962694
3962881
3963225
3963339
3963593
3963884
3964164
3964416
3964656
3964951
3965212
3965416
3965746
3965825
3966089
3966303
3966448
3966688
3966810
3967059
3967306
3967429
3967683
3968377
3969005
3969192
3969584
3969925
3970052
3970304
3970440
3970918
3971211
3971471
3971710
3971944
3972193
3972324
3972439
3972460
3972711
3973281
3973391
3973471
3973587
3973835
3973951
3974074
3974330
3974560
3974806
3975063
3975197
3975313
3975651
3975780
3976009
3976171
3976424
3977041
3977287
3977544
3977902
3978153
3978414
3978853
3979124
3979273
3979388
3979502
3979615
3979680
3979803
3979922
3979983
3980034
3980044
3980093
3980216
3980382
3980739
3981086
3981332
3981571
3981958
3982064
3982194
3982438
3982746
3983034
3983245
3983643
3983807
3984038
3984113
3984135
3984509
3984580
3984698
3984920
3985120
3985484
3985602
3985758
3985772
3985877
3986045
3986166
3986267
3986391
3986647
3986791
3987021
3987120
3987380
3987623
3987872
3988097
3988202
3988278
3988506
3988918
3989070
3989271
3989384
3989614
3989723
3989984
3990393
3990688
3990972
3991082
3991193
3991433
3991706
3991870
3992139
3992537
3992724
3992999
3993124
3993390
3993626
3994065
3994201
3996350
3996465
3996610
3996747
3996851
3996923
3997029
3997144
3997249
3997352
3997457
3997753
3998021
3998175
3999180
3999262
3999369
3999486
3999689
3999802
3999910
4000017
4000116
4000252
4000521
4000769
4000885
4000991
4001251
4001550
4001842
4001982
4002205
4002345
4002444
4002539
4002607
4002851
4002964
4003068
4003321
4003569
4003816
4004026
4004153
4004271
4004361
4004458
4004546
4004598
4004681
4004760
4004856
4005284
4005479
4005729
4005980
4006151
4006408
4006645
4006746
4006993
4007315
4007564
4007832
4007931
4008185
4008396
4009796
4010083
4010275
4010532
4010793
4010810
4011034
4011135
4011359
4011499
4011585
4011687
4011781
4012009
4012137
4012418
4012571
4013143
4013379
4013474
4013717
4013817
4014487
4014841
4015088
4015191
4015280
4015554
4015800
4015997
4016071
4016326
4016448
4016701
4016932
4017038
4017139
4017192
4017405
4017512
4017617
4017869
4017929
4018031
4018247
4018487
4018494
4018588
4018689
4018780
4018849
4018939
4019023
4019055
4020028
4021378
4021608
4021713
4021778
4021999
4022108
4022173
4022254
4022343
4022395
4022493
4022587
4022685
4022770
4022864
4023116
4023212
4023459
4023973
4024185
4024513
4024623
4024692
4024805
4025069
4025165
4025251
4025542
4025693
4025789
4025849
4025943
4025994
4026089
4026169
4026259
4026351
4026434
4026494
4026578
4026668
4026775
4026870
4026893
4026990
4027087
4027184
4027252
4027352
4027484
4027577
4027683
4027786
4027863
4027957
4028048
4028297
4028546
4028801
4028886
4028918
4029005
4029257
4029340
4029606
4029794
4030113
4030565
4030783
4030882
4030967
4031052
4031305
4031379
4031558
4031853
4032166
4032323
4032554
4032917
4033111
4033308
4033836
4034090
4034491
4034746
4035136
4035391
4035936
4036268
4036698
4036967
4037223
4037644
4037905
4038100
4038336
4038967
4039136
4039308
4039587
4039877
4040115
4040220
4040401
4040565
4040719
4040868
4040999
4041034
4041247
4041434
4041601
4041775
4041866
4042030
4042425
4042714
4042873
4043139
4043325
4044068
4044313
4044504
4044928
4045257
4045533
4045696
4045944
4046197
4046382
4046985
4047508
4047763
4047963
4048131
4048377
4048659
4048811
4049171
4050215
4050463
4050739
4050921
4051224
4051332
4051856
4052186
4052396
4052888
4053281
4053480
4053738
4053980
4054483
4054620
4054812
4055092
4055348
4055511
4055764
4055920
4056412
4056587
4056804
4057054
4057313
4057583
4057809
4057966
4058126
4058269
4058487
4058746
4059047
4059312
4059566
4059758
4059856
4060112
4060699
4061575
4061825
4062094
4062360
4062465
4062784
4062966
4063101
4063504
4063623
4063867
4064094
4064217
4064325
4064350
4064680
4064942
4065087
4065327
4065653
4065765
4066608
4066815
4066957
4067231
4067445
4067566
4067711
4068024
4068278
4068515
4068756
4069000
4069345
4069769
4069893
4070022
4070273
4070447
4070710
4070827
4070932
4071182
4071510
4071887
4072171
4072240
4072499
4072755
4072880
4073302
4073662
4073795
4073931
4074066
4074200
4074346
4074475
4074527
4074681
4074800
4074874
4074998
4075107
4075226
4075341
4075823
4076007
4076189
4076434
4076669
4076771
4076900
4077087
4077190
4077435
4077708
4077931
4078188
4078305
4078547
4078661
4078805
4078913
4079135
4079372
4079488
4079749
4079864
4079912
4080158
4080408
4080717
4080981
4081290
4081504
4081672
4081686
4081769
4082369
4082478
4082534
4082919
4083286
4083956
4084073
4084266
4084430
4084549
4084696
4084810
4084867
4084973
4085202
4085718
4085949
4086202
4086412
4086564
4086815
4086900
4087017
4087259
4087475
4087713
4087903
4088015
4088124
4088189
4088413
4088656
4088768
4088874
4088950
4089199
4089447
4089802
4089915
4090062
4090303
4090339
4090575
4090683
4090920
4091030
4091139
4091158
4091533
4091704
4091780
4092033
4092513
4093164
4093284
4093892
4094145
4094266
4094631
4094822
4094832
4095125
4095245
4095358
4095368
4095603
4095923
4096365
4096487
4096546
4096745
4096970
4097115
4097314
4097650
4097761
4097882
4098114
4098235
4099088
4099332
4099451
4099518
4099636
4100186
4100289
4100408
4100621
4100736
4101126
4101243
4101480
4101560
4101817
4102099
4102277
4102406
4102531
4102673
4102789
4102896
4103019
4103127
4103277
4103416
4103530
4103586
4103710
4103825
4103939
4104053
4104166
4104476
4104590
4104838
4104930
4105171
4105410
4105515
4105586
4105740
4105873
4106313
4106819
4107044
4107289
4107787
4108259
4108370
4108617
4108793
4109282
4109645
4109894
4110545
4110698
4110952
4111141
4111235
4111304
4111405
4111486
4111700
4111780
4111873
4112066
4112491
4113320
4113643
4113891
4114023
4114140
4114406
4114660
4114778
4114882
4115141
4115248
4115548
4115924
4116061
4116175
4116268
4116396
4116498
4116714
4116863
4117287
4117535
4117650
4117762
4118239
4118928
4119103
4119319
4119429
4119645
4119772
4119859
4120102
4120203
4120437
4120632
4120818
4120925
4121037
4121183
4121439
4121545
4121655
4121910
4122023
4122139
4122385
4123290
3683297
3683517
3683698
3683791
3683886
3683977
3684041
3684133
3684225
3684315
3684366
3684466
3684560
3684653
3684749
3684826
3684969
3685086
3685261
3685349
3685506
3685650
3685779
3685954
3686040
3686254
3686432
3686517
3686629
3686721
3686811
3687292
3687369
3687417
3687497
3687756
3688065
3688154
3688249
3688389
3688513
3688646
3688836
3688930
3689415
3689446
3689611
3689695
3689785
3689923
3690010
3690166
3690597
3690744
3690932
3691138
3691315
3691670
3691769
3691938
3692023
3692101
3692139
3692218
3692300
3692374
3692432
3692622
3693015
3693166
3693252
3693425
3694013
3694148
3694222
3694270
3694290
3694298
3694335
3694710
3694800
3694889
3694923
3695011
3695451
3695654
3695821
3696005
3696019
3696159
3696348
3696824
3697122
3697211
3697260
3697359
3697559
3697758
3697911
3698021
3698388
3698471
3698572
3698641
3698668
3698688
3698712
3698842
3699049
3699222
3699321
3699431
3699620
3699717
3699818
3699909
3699988
3700072
3700181
3700282
3700475
3700571
3701076
3701176
3701206
3701298
3701351
3701441
3701623
3701667
3701738
3701844
3702001
3702112
3702158
3702345
3702433
3702533
3702613
3702673
3702880
3702976
3703073
3703288
3704072
3704199
3704407
3704497
3705062
3705159
3705265
3705356
3705461
3705492
3705592
3705696
3705791
3705865
3705964
3706060
3706166
3706275
3706373
3706472
3706665
3706792
3706885
3707277
3708553
3708681
3709141
3709603
3709705
3710035
3710142
3710197
3710307
3710526
3710645
3711029
3711231
3711663
3711942
3712044
3712104
3712332
3712356
3712668
3712769
3712941
3713033
3713127
3713215
3713264
3713359
3713582
3713928
3714034
3714118
3714180
3714467
3714684
3714930
3715079
3715302
3715477
3716103
3716366
3716418
3716769
3716900
3717100
3717355
3717560
3717841
3718104
3718281
3718503
3718833
3719082
3719434
3719575
3719814
3720017
3720160
3720435
3720622
3720737
3720882
3721121
3721361
3721695
3722153
3722388
3722606
3722831
3723046
3723264
3723452
3723807
3723899
3724255
3726337
3726486
3726496
3726735
3727000
3727392
3727562
3727816
3728004
3728105
3728227
3728475
3728859
3729093
3729223
3729615
3730008
3731528
3731767
3732052
3732310
3734522
3734694
3734847
3734988
3735240
3735591
3735956
3735991
3736120
3736378
3736544
3736798
3737132
3737524
3737898
3738044
3738292
3738654
3738966
3739236
3739377
3739632
3739876
3740113
3740313
3740439
3740784
3741187
3741527
3741750
3741825
3742036
3742239
3742840
3743180
3743450
3743573
3744156
3744523
3744775
3744887
3745380
3745626
3745882
3746129
3746173
3746434
3746810
3747145
3747267
3747375
3747483
3747592
3747677
3747885
3748048
3748234
3748336
3748438
3748664
3748774
3748783
3749069
3749326
3749525
3749910
3750161
3750912
3751231
3751431
3751681
3751806
3751931
3752045
3752243
3752414
3752594
3752856
3753135
3753714
3753832
3753963
3754081
3754197
3754314
3754421
3754551
3754664
3754717
3754832
3754948
3755062
3755143
3755265
3755399
3757427
3757790
3758044
3758300
3758547
3758795
3759064
3759182
3759394
3759583
3759830
3760093
3760199
3760305
3760623
3760953
3761184
3761413
3761637
3761887
3762006
3762157
3762384
3762610
3762880
3763118
3763499
3763626
3763729
3763762
3763788
3764129
3764405
3764657
3764791
3765043
3765242
3765494
3765756
3765881
3766007
3766250
3766937
3767860
3768122
3768493
3768625
3768751
3768875
3769126
3769170
3769276
3769397
3769588
3769817
3769945
3770425
3770672
3770923
3771173
3771525
3772185
3772488
3772614
3772724
3772847
3772940
3773066
3773189
3773316
3773450
3773578
3773708
3773825
3774109
3774221
3774235
3774259
3774277
3774332
3774771
3774891
3775008
3775128
3775222
3775346
3775594
3775834
3775952
3776058
3776161
3776272
3776520
3776806
3777069
3777171
3777566
3777685
3777799
3777908
3778001
3778224
3778400
3778528
3779125
3779425
3779659
3780042
3780270
3780448
3780692
3780817
3780920
3781168
3781355
3781543
3781877
3782372
3782628
3782790
3782860
3783041
3783277
3783530
3783792
3784026
3784140
3784357
3784489
3784724
3784802
3784826
3785129
3785413
3785729
3785883
3785978
3786101
3786258
3786498
3786606
3786862
3786939
3787167
3787403
3787939
3789016
3789889
3790152
3790276
3790385
3790698
3790904
3790960
3791219
3791474
3791735
3791856
3792030
3792140
3792305
3792636
3792961
3793043
3793149
3793248
3793347
3793451
3793548
3793626
3793661
3793850
3794276
3794392
3794618
3794779
3794893
3794997
3795191
3795324
3795407
3795717
3795838
3795934
3796034
3796143
3796255
3796371
3796381
3796500
3796692
3796787
3796901
3797155
3797479
3797678
3797794
3798145
3798390
3798592
3798819
3798942
3799197
3799378
3799994
3800141
3800571
3800783
3800905
3801055
3801164
3801346
3801605
3801862
3801976
3802055
3802170
3802420
3802665
3802979
3803093
3803184
3803411
3803569
3803722
3803955
3804059
3804313
3804524
3804773
3805507
3805748
3805976
3806229
3806343
3806577
3806708
3806986
3807376
3807630
3807876
3808481
3808788
3808794
3809036
3809426
3809673
3809910
3810077
3810188
3810312
3810522
3810579
3810814
3811030
3811151
3811275
3811547
3811694
3811947
3812206
3812561
3812934
3813192
3813842
3814098
3814396
3814674
3814810
3814946
3815075
3815210
3815337
3815470
3815615
3815751
3815922
3816052
3816177
3816266
3816470
3816593
3817018
3817343
3817604
3817852
3818179
3818564
3818682
3819061
3819184
3819609
3820015
3820134
3820551
3820747
3821194
3821328
3821581
3821835
3821941
3822194
3822466
3822716
3823009
3823312
3823555
3823737
3824004
3824102
3824232
3824371
3824864
3825202
3825458
3825715
3825841
3826094
3826342
3826626
3826839
3827323
3827768
3827999
3828406
3828559
3828920
3829207
3829522
3829666
3829917
3830183
3830365
3830583
3830690
3830791
3830899
3831413
3831666
3832334
3832801
3832995
3833486
3833618
3833727
3833832
3833934
3834032
3834142
3834444
3834681
3834930
3835114
3835486
3835611
3835705
3835940
3836049
3836178
3836406
3836530
3836632
3836880
3836894
3837143
3837713
3837836
3838116
3838431
3838626
3839193
3839360
3839577
3839758
3839894
3840043
3840168
3840334
3840450
3840569
3840690
3840810
3840921
3842013
3842151
3842267
3842392
3842540
3842656
3842736
3842752
3842775
3842876
3843032
3843287
3843539
3843785
3844034
3844765
3845046
3845464
3845957
3846213
3846462
3846708
3847069
3847460
3847800
3848015
3848061
3848221
3848437
3848842
3849098
3849243
3849652
3849814
3850131
3850515
3850700
3850927
3851051
3851320
3851684
3851808
3852061
3852574
3852688
3852934
3853053
3853444
3853616
3853865
3853971
3854243
3854494
3854746
3854940
3855314
3855680
3855921
3856702
3856926
3857183
3857296
3857419
3857842
3858120
3858260
3858422
3858757
3858960
3859244
3859579
3859824
3860078
3860270
3860401
3860529
3860642
3860734
3860843
3860948
3861053
3861193
3861307
3861723
3861968
3862317
3862511
3862828
3863082
3863269
3863376
3863496
3863774
3864115
3864412
3864546
3864801
3865111
3865359
3865615
3865864
3866155
3866402
3866639
3866857
3866987
3867180
3867401
3867658
3867777
3867892
3868105
3868296
3868408
3868528
3868581
3868782
3869024
3869631
3869903
3870066
3870323
3870569
3870858
3871124
3871390
3871520
3871709
3871956
3872242
3872340
3872452
3872701
3872956
3873180
3873423
3873660
3874002
3874245
3874462
3874582
3874838
3874966
3875379
3875687
3875921
3876569
3876744
3876836
3877048
3877189
3877445
3877922
3878615
3879083
3879334
3879628
3879814
3880386
3880749
3881024
3881385
3881490
3881652
3881911
3882079
3882200
3882445
3882721
3883034
3883286
3883459
3883750
3883867
3884108
3884367
3884496
3884511
3884638
3884739
3884846
3884967
3885096
3885220
3885329
3885451
3885576
3885632
3885758
3885908
3886003
3886127
3886399
3886644
3886888
3887141
3887484
3887734
3888275
3888402
3888573
3889969
3890250
3890462
3890723
3890992
3891330
3891481
3891725
3891938
3892143
3892526
3892796
3893050
3893270
3893508
3893625
3893740
3893838
3894079
3894720
3894999
3895126
3895364
3895495
3896278
3896453
3896550
3896661
3896770
3896974
3897221
3898352
3898603
3898664
3898828
3899029
3899350
3899520
3900307
3900443
3900692
3900941
3901329
3901569
3902118
3902345
3902643
3902764
3903008
3903501
3903614
3903739
3903928
3903996
3904115
3904325
3904428
3904682
3904984
3905239
3905347
3905470
3905605
3905695
3906318
3906581
3906888
3907021
3907466
3907812
3907942
3908190
3908317
3908442
3908582
3909094
3909227
3909356
3909575
3909762
3909880
3910184
3910411
3910750
3911083
3911219
3911320
3911376
3911488
3911605
3911691
3912026
3912154
3912711
3913002
3913268
3913396
3913758
3913905
3914041
3914172
3914470
3914967
3915097
3915231
3915552
3915679
3917116
3917259
3917401
3917487
3917622
3917755
3917803
3917911
3918043
3918105
3918350
3918603
3918853
3918983
3919133
3919381
3919509
3919634
3919878
3921769
3921897
3922236
3922607
3922859
3922959
3923018
3923046
3923062
3923414
3923843
3924058
3924374
3925852
3926103
3926284
3926519
3926772
3926922
3927094
3927338
3927573
3927927
3928095
3928370
3928608
3928728
3928852
3929091
3929313
3929438
3929567
3929856
3929960
3930392
3930601
3930738
3930935
3931425
3931791
3931833
3932160
3932557
3932934
3933024
3934246
3934392
3934530
3934781
3935040
3935308
3935442
3935743
3936075
3936204
3936460
3936791
3937214
3937548
3937917
3938167
3938298
3938540
3938752
3939026
3939334
3939687
3939924
3940153
3940372
3940487
3941138
3941326
3941471
3941591
3941596
3941823
3942237
3942831
3943094
3943351
3943606
3943856
3944370
3944755
3945372
3945517
3945682
3945908
3946196
3946333
3946466
3946597
3946852
3947130
3947429
3947672
3948048
3948291
3948791
3949040
3949283
3949523
3949752
3949883
3950122
3950397
3950602
3950850
3951262
3951403
3951542
3951792
3952045
3952458
3952641
3952929
3953253
3953986
3954229
3954649
3954891
3955354
3955599
3955793
3955889
3956240
3956435
3956690
3956938
3957188
3957372
3957752
3957980
3958086
3958192
3958794
3959020
3959399
3959663
3959899
3960014
3960031
3960273
3960452
3960534
3960804
3960910
3961158
3961405
3961474
3961517
3961647
3961884
3962130
3962293
3962629
3962813
3963160
3963280
3963533
3963826
3964103
3964350
3964594
3964835
3965149
3965353
3965579
3965684
3965763
3965852
3966119
3966313
3966434
3966680
3966800
3967047
3967274
3967397
3967635
3968307
3968808
3969056
3969137
3969524
3969855
3969980
3970236
3970358
3970795
3971140
3971405
3971645
3971885
3972119
3972227
3972370
3972646
3972893
3973227
3973239
3973328
3973457
3973574
3973822
3973948
3974076
3974298
3974542
3974789
3974902
3975143
3975278
3975498
3975693
3975876
3976122
3976250
3976504
3977048
3977296
3977550
3977880
3978127
3978373
3978678
3978926
3979115
3979254
3979370
3979484
3980681
3980916
3981218
3981460
3981689
3981818
3982295
3982523
3982651
3982899
3983147
3983387
3983530
3983887
3984183
3984292
3984791
3985038
3985263
3985402
3986531
3986930
3987253
3987502
3987748
3987986
3988392
3988742
3988982
3989080
3989313
3989502
3989808
3990120
3990269
3990527
3991351
3991585
3991808
3991982
3992261
3992403
3992664
3992870
3993243
3993512
3993621
3993662
3993950
3994339
3994498
3994686
3994905
3995049
3995196
3995346
3995512
3995650
3995745
3995927
3996077
3996227
3997627
3997893
3998288
3998538
3998848
3999107
3999627
4000353
4000647
4001125
4001425
4001727
4002087
4002739
4003201
4003447
4003699
4003942
4004989
4005168
4005416
4005613
4005810
4006217
4006533
4006883
4007193
4007444
4007661
4008066
4008313
4008564
4008815
4009033
4009527
4009671
4009829
4010091
4010324
4010582
4010839
4011078
4011181
4011449
4011551
4012355
4012614
4013189
4013432
4013517
4013756
4013864
4014531
4014887
4015133
4015325
4015344
4015603
4015848
4016042
4016149
4016399
4016529
4017005
4017113
4017233
4017478
4017579
4017897
4018006
4018310
4018563
4018671
4018777
4018920
4019009
4019114
4019357
4019654
4019849
4021369
4021643
4021748
4022041
4022155
4022295
4022453
4022565
4022652
4022749
4022847
4023098
4023190
4023290
4023543
4023649
4023758
4024010
4024256
4024590
4024765
4024884
4025139
4025234
4025540
4025759
4025919
4026056
4026151
4026246
4026345
4026467
4026557
4026667
4026767
4026868
4026969
4027075
4027178
4027321
4027478
4027575
4027766
4027925
4028022
4028272
4028527
4028830
4028976
4029065
4029319
4029413
4029678
4029741
4030135
4030631
4030849
4030946
4031142
4031406
4031471
4031696
4032021
4032141
4032288
4032531
4032883
4033070
4033285
4033790
4034053
4034452
4034700
4034791
4035094
4035361
4035893
4036217
4036465
4036808
4036924
4037096
4037339
4037605
4037864
4038003
4038297
4038828
4039085
4039256
4039326
4039762
4039847
4040087
4040179
4040341
4040362
4040527
4040638
4040789
4040878
4040995
4041032
4041186
4041325
4041393
4041561
4041730
4041986
4042379
4042608
4042799
4042987
4043285
4044035
4044185
4044465
4044887
4045329
4045654
4045905
4046160
4046342
4046947
4047470
4047724
4047925
4048083
4048236
4048599
4048770
4049026
4049133
4050177
4050425
4050661
4050884
4051176
4051324
4051798
4052054
4052142
4052349
4052842
4053184
4053345
4053500
4053760
4053937
4054439
4054600
4054757
4054776
4055023
4055053
4055308
4055470
4055727
4056047
4056226
4056303
4056554
4056640
4056745
4056982
4057203
4057480
4057726
4058320
4058640
4058886
4059190
4059304
4059575
4059767
4059868
4060121
4060707
4061582
4061833
4062102
4062367
4062472
4062785
4062972
4063107
4063510
4063778
4063996
4064158
4064266
4064683
4064947
4065136
4065332
4065658
4065771
4066612
4066769
4066836
4066959
4067233
4067425
4067550
4067609
4067862
4068027
4068280
4068516
4068760
4069006
4069347
4069774
4069896
4070027
4070317
4070451
4070715
4070833
4070937
4071186
4071515
4071891
4072174
4072502
4072760
4072883
4073307
4073668
4073800
4073936
4074071
4074205
4074351
4074482
4074536
4074687
4074807
4074881
4075830
4076011
4076194
4076440
4076675
4076772
4076901
4077091
4077264
4077657
4077939
4078193
4078311
4078553
4078563
4078587
4078718
4078809
4078920
4079447
4079602
4080009
4080254
4080583
4080835
4081080
4081328
4081663
4081696
4082500
4082826
4082865
4082901
4083028
4083075
4083197
4083432
4083569
4083808
4083831
4084133
4084391
4084582
4085081
4085330
4085465
4085525
4085654
4085841
4086076
4086324
4086575
4086773
4086880
4087151
4087428
4087592
4087792
4088141
4088369
4088539
4089072
4089324
4089563
4089702
4090106
4090455
4090803
4091272
4091411
4091652
4091911
4092092
4092099
4092106
4092236
4092262
4092392
4092634
4092673
4092804
4092898
4093031
4093296
4093427
4093527
4093658
4093784
4094042
4094387
4094527
4094772
4094958
4095090
4095481
4095712
4095837
4096053
4096180
4096281
4096580
4096926
4097198
4097441
4097565
4098001
4098268
4098394
4098601
4098737
4098863
4098986
4099235
4099672
4099853
4099977
4100053
4100508
4100806
4101024
4101233
4101365
4101686
4101956
4102226
4102234
4102367
4102456
4102554
4102635
4102742
4102844
4102923
4103054
4103159
4103296
4103378
4103499
4103552
4103667
4103781
4103890
4103991
4104146
4104397
4104506
4104756
4104872
4105116
4105594
4105751
4105842
4105948
4106280
4106514
4106625
4106853
4107050
4107252
4107362
4107744
4108223
4108333
4108578
4108762
4109246
4109594
4109855
4110107
4110602
4110846
4110953
4111120
4111255
4111347
4111372
4111932
4112015
4112108
4112458
4112759
4112981
4113600
4113851
4113954
4114033
4114147
4114251
4114434
4114669
4114804
4114887
4115175
4115251
4115354
4115415
4115509
4115686
4115944
4116018
4116129
4116238
4116283
4116369
4116466
4116682
4116775
4117253
4117498
4117613
4117723
4118184
4118855
4119055
4119281
4119397
4119592
4119702
4119781
4120171
4120438
4120633
4120819
4120923
4121035
4121182
4121438
4121544
4121656
4121909
4122022
4122140
4122384
4122630
4122870
4122993
4123094
4123331
4124791
4124901
4124977
4125086
4125187
4125273
4125376
4125478
4125577
4125648
4125750
4126110
4126228
4126291
4126537
4126672
4126941
4127200
4127495
4127744
4127983
4128080
4128165
4128257
4128342
4128420
4128668
4128820
4128916
4130426
4130533
4130786
4130988
4131087
4131185
4131260
4131360
4131458
4131711
4131967
4132817
4133062
4133204
4133304
4133388
4133488
4133583
4133692
4133791
4133880
4133983
4134028
4134252
4134403
4134654
4134897
4135003
4135258
4135353
4135606
4135651
4135863
4136141
4136386
4136661
4136916
4137161
4137559
4137780
4138117
4138349
4138454
4138766
4138883
4139139
4139254
4139286
4139421
4139528
4139778
4140023
3683348
3683659
3683753
3683845
3683936
3684067
3684158
3684276
3684417
3684440
3684532
3684612
3684704
3684802
3685015
3685138
3685312
3685613
3685830
3686006
3686095
3686314
3686488
3686608
3686710
3686841
3687341
3687454
3687540
3687996
3688145
3688227
3688325
3688523
3688573
3688886
3688975
3689385
3689495
3689588
3689676
3689819
3689960
3690142
3690623
3690792
3690977
3691187
3691635
3691831
3691985
3692067
3692180
3692266
3692344
3692454
3692671
3693064
3693217
3693406
3694039
3694173
3694259
3694287
3694330
3694685
3694772
3694802
3694894
3695169
3695522
3695723
3695873
3696050
3696207
3696770
3696879
3697173
3697307
3697417
3697615
3697948
3698059
3698184
3698820
3699095
3699401
3699591
3700452
3700672
3701727
3702064
3702318
3702857
3703258
3703554
3703729
3703734
3703840
3704055
3704136
3704342
3704568
3704677
3704786
3704897
3705004
3706526
3706736
3706972
3707093
3707207
3707412
3707592
3707802
3708081
3708323
3708487
3708617
3708831
3708944
3709073
3709288
3709401
3709523
3709816
3709933
3710452
3710696
3710854
3711081
3711299
3711473
3711589
3712065
3712251
3712506
3712627
3712892
3712909
3713507
3713707
3713847
3714260
3714391
3714634
3714877
3715015
3715252
3715382
3715608
3716050
3716312
3716475
3716718
3716853
3716980
3717075
3717299
3717504
3717734
3717914
3718157
3718308
3718629
3718895
3719141
3719381
3719518
3719760
3719997
3720140
3720277
3720510
3720684
3720830
3721073
3721308
3721644
3721876
3722104
3722343
3722561
3722789
3723007
3723217
3723408
3723529
3723718
3723858
3724209
3724334
3726297
3726448
3726696
3726939
3727292
3727429
3727518
3727769
3728370
3728607
3728653
3728895
3729329
3729479
3729734
3729866
3730129
3730253
3730398
3730573
3730703
3730844
3730993
3731203
3731319
3731633
3731893
3732152
3732420
3732614
3732772
3732909
3733035
3733166
3733293
3733410
3733529
3733663
3733817
3733926
3734034
3734151
3734259
3734374
3735063
3735310
3735439
3735691
3736230
3736657
3736989
3737233
3737377
3737632
3737742
3738137
3738368
3738582
3738809
3739094
3739473
3739725
3739949
3740195
3740507
3740822
3740926
3741075
3741268
3741337
3741426
3741637
3741862
3741955
3742087
3742764
3743018
3743278
3743670
3744225
3744331
3744557
3744809
3745403
3745663
3745915
3746197
3746463
3746849
3747180
3747345
3747453
3747567
3747681
3747903
3748091
3748459
3748689
3748798
3749277
3749559
3749945
3750195
3750949
3751213
3751465
3751767
3751838
3752003
3752117
3752363
3752448
3752607
3752881
3753163
3753789
3753908
3754039
3754167
3754281
3754490
3754628
3754787
3754904
3755020
3755196
3755339
3755472
3757512
3757883
3758133
3758432
3758683
3758876
3759124
3759237
3759478
3759655
3759940
3760183
3760286
3760688
3761031
3761261
3761494
3761733
3761995
3762232
3762688
3762961
3763195
3763582
3763744
3763776
3763806
3764145
3764492
3764740
3764871
3765120
3765336
3765577
3765853
3766061
3766336
3766713
3767088
3767953
3768214
3768584
3768701
3768837
3769085
3769162
3769244
3769368
3769668
3769894
3770019
3770510
3770761
3771003
3771254
3771606
3772272
3772575
3772732
3772898
3773026
3773149
3773272
3773398
3773539
3773696
3773820
3773953
3774071
3774216
3774252
3774270
3774291
3774427
3774853
3775002
3775118
3775286
3775423
3775671
3776322
3776560
3776689
3776760
3776955
3777274
3777412
3778101
3778634
3778776
3778907
3778957
3779204
3779359
3779566
3779760
3779871
3779988
3780218
3780285
3780536
3781009
3781197
3781453
3781575
3781713
3781967
3782097
3782207
3782459
3782699
3782926
3783152
3783369
3783618
3783741
3783973
3783994
3784185
3784572
3784839
3784900
3785151
3785494
3785629
3786201
3786454
3786703
3787010
3787248
3787492
3787649
3787686
3787921
3788066
3788206
3788314
3788448
3788486
3788618
3788740
3788909
3789128
3789269
3789286
3789422
3789551
3789670
3789738
3789761
3790012
3790420
3790555
3790663
3791082
3791325
3791602
3791902
3792229
3792473
3792543
3792654
3792777
3793774
3794023
3794169
3794507
3794699
3795128
3795203
3795454
3795595
3796514
3796956
3797210
3797350
3797599
3797881
3798024
3798282
3798562
3798809
3799151
3799315
3799559
3799697
3799831
3799952
3800140
3800329
3800509
3800731
3801029
3801282
3801537
3801796
3802349
3802572
3802812
3802953
3803615
3803859
3804250
3804492
3804747
3804947
3805085
3805221
3805285
3805401
3805691
3805966
3806168
3806311
3806559
3806819
3806954
3807209
3807320
3807571
3807817
3808069
3808206
3808320
3808433
3808657
3809150
3809428
3809674
3809911
3810078
3810186
3810313
3810521
3810815
3811031
3811152
3811276
3811546
3811692
3811948
3812204
3812563
3812933
3813191
3813843
3814101
3814395
3814676
3814811
3814945
3815074
3815209
3815336
3815469
3815613
3815750
3815921
3816048
3816122
3816244
3816276
3816525
3816801
3817019
3817344
3817602
3817850
3818099
3818395
3818565
3818683
3819060
3819183
3819607
3820012
3820133
3820552
3820748
3821193
3821476
3821598
3821845
3821890
3822143
3822414
3822658
3822956
3823256
3823430
3823612
3823686
3823804
3823898
3823988
3824057
3824164
3824186
3824295
3824327
3824817
3825151
3825330
3825666
3825785
3826042
3826287
3826571
3826786
3827020
3827362
3827714
3827948
3828350
3828461
3828513
3828867
3828989
3829159
3829409
3829517
3829614
3829860
3829968
3830128
3830311
3830535
3830631
3830712
3830798
3830880
3831354
3831603
3832277
3832728
3832935
3833052
3833382
3833501
3833582
3833680
3833783
3833834
3833938
3834044
3834133
3834368
3834609
3834843
3834949
3835029
3835273
3835492
3835589
3835620
3835860
3835964
3836077
3836185
3836377
3836487
3836886
3837088
3837626
3837743
3837854
3838063
3838360
3838519
3838763
3839108
3839217
3839267
3839478
3839661
3839779
3839813
3839928
3839953
3840069
3841003
3841141
3841274
3841389
3841527
3841652
3841793
3843070
3843322
3843578
3843824
3844069
3844196
3844288
3844417
3844543
3844666
3844884
3845111
3845272
3845514
3845638
3845686
3845819
3846008
3846270
3846498
3846788
3846924
3847148
3847501
3847638
3847841
3848082
3848298
3848507
3848701
3848947
3849283
3849443
3849928
3850172
3850326
3850559
3850757
3851113
3851361
3851485
3851845
3852109
3852246
3852507
3852726
3852835
3852996
3853152
3853287
3853484
3853664
3854043
3854310
3854554
3854810
3855052
3855364
3855563
3855809
3856043
3856175
3856323
3856453
3856536
3857020
3857518
3857698
3857949
3858195
3858280
3858547
3858801
3859022
3859278
3859414
3859645
3859902
3860131
3861414
3861568
3861824
3862082
3862201
3862409
3862626
3862769
3863024
3863611
3863867
3864058
3864246
3864673
3865257
3865502
3865752
3866034
3866287
3866540
3866780
3866942
3867212
3867543
3868002
3868204
3868661
3868898
3869214
3869342
3869426
3869553
3869770
3870198
3870451
3870704
3871046
3871281
3871431
3871635
3871886
3872135
3872630
3872877
3873378
3873567
3873803
3873962
3874147
3874413
3874728
3875104
3875262
3875517
3875851
3876060
3876201
3876329
3876459
3876705
3876787
3876869
3877129
3877324
3877553
3877752
3878054
3878186
3878370
3878513
3878758
3878889
3879002
3879253
3879594
3879962
3880091
3880264
3880521
3880766
3881043
3881408
3881495
3881782
3882029
3882209
3882451
3882725
3883068
3883318
3883578
3883773
3883898
3884141
3884397
3884562
3884722
3884918
3885003
3885127
3885252
3885359
3885481
3885606
3885728
3885788
3885938
3886008
3886138
3886429
3886674
3886921
3887168
3887517
3887904
3888089
3888226
3888526
3888800
3888945
3889059
3889246
3889371
3889532
3889689
3889823
3889919
3890180
3890428
3890695
3890956
3891206
3891452
3891699
3891972
3892268
3892475
3892510
3892768
3893024
3893394
3893907
3894218
3894416
3894551
3894693
3894935
3895034
3895316
3895693
3895889
3896058
3896213
3897190
3897395
3897521
3897547
3897672
3897804
3897988
3898128
3898309
3898560
3898987
3899231
3899471
3899708
3899869
3899996
3900137
3900265
3900660
3900907
3901164
3901299
3901538
3901769
3901885
3902079
3902424
3902601
3902995
3903247
3903418
3903705
3904204
3904654
3904829
3905096
3905942
3906145
3906561
3906809
3907130
3907255
3907505
3907686
3908172
3908571
3908842
3908956
3909394
3909509
3909752
3910033
3910345
3910589
3910829
3911057
3913046
3913245
3913513
3913741
3914357
3914792
3914889
3915333
3915443
3915817
3915935
3915989
3916122
3916217
3916329
3916409
3916511
3916626
3916683
3916874
3917002
3918242
3918509
3918740
3919147
3919767
3920106
3920291
3920502
3920636
3920772
3920975
3921143
3921147
3921390
3921515
3921921
3922587
3922717
3923134
3923264
3923473
3923666
3923765
3923970
3924207
3924315
3924541
3924651
3924773
3924879
3925010
3925107
3925228
3925349
3925447
3925563
3925668
3925784
3925985
3926234
3926554
3926804
3926977
3927098
3927344
3927516
3927781
3927887
3928041
3928325
3928500
3928983
3929217
3930047
3930171
3930284
3930651
3930775
3931029
3931130
3931255
3931501
3931610
3931855
3931979
3932226
3932340
3932452
3932699
3932784
3932857
3932986
3933379
3933535
3933769
3934597
3934842
3935079
3935207
3935507
3935620
3935814
3935925
3936219
3936499
3936625
3936883
3937220
3937402
3937635
3937759
3938004
3938373
3938668
3938908
3939152
3939420
3939538
3939830
3940017
3940251
3940575
3940771
3940881
3940991
3941052
3941633
3941873
3941993
3942115
3942317
3942439
3942551
3942666
3942930
3943183
3943446
3943459
3943676
3943914
3944044
3944085
3944201
3944458
3944610
3944849
3944962
3945084
3945184
3945432
3946024
3946714
3946954
3947186
3947306
3947491
3947756
3947868
3948114
3948209
3948321
3948608
3948854
3949104
3949352
3949597
3950002
3950239
3950486
3950741
3950942
3951006
3951118
3951634
3951882
3952130
3952249
3952373
3952621
3952800
3953051
3953162
3953397
3953584
3953660
3953775
3953828
3954073
3954265
3954386
3954490
3954761
3955460
3956037
3956332
3956536
3956788
3957035
3957263
3957281
3957498
3957621
3957730
3957737
3958248
3958391
3958517
3958653
3958864
3959095
3959221
3959349
3959559
3959742
3960102
3960335
3960658
3961000
3961239
3961652
3961894
3962143
3962367
3962511
3962747
3962904
3963055
3963380
3963623
3963760
3963908
3964181
3964362
3964430
3964670
3964894
3965009
3965226
3965428
3965765
3965896
3966160
3966516
3966813
3967061
3967479
3967733
3967863
3967997
3968013
3968143
3968389
3968549
3968666
3968850
3969072
3969213
3969346
3969478
3969681
3969937
3970194
3970481
3970612
3970742
3970928
3971057
3971278
3971506
3971750
3971984
3972465
3972600
3972836
3973044
3973063
3973649
3974125
3974372
3974880
3975171
3975342
3975554
3975804
3976054
3976336
3976521
3976656
3976755
3976860
3977115
3977329
3977575
3977707
3977964
3978210
3978479
3978602
3978682
3978811
3978935
3979214
3980678
3980910
3981277
3982135
3982378
3982608
3982852
3983116
3983431
3983574
3983929
3984218
3984371
3984850
3985302
3986592
3986987
3987316
3987557
3987811
3988095
3988445
3988804
3989050
3989076
3989257
3989560
3989884
3990183
3990332
3990592
3991419
3991645
3992026
3992329
3992636
3992939
3993316
3993584
3993657
3993906
3994619
3994787
3994953
3995143
3995333
3995498
3995662
3995808
3995991
3996144
3996286
3997685
3997962
3998356
3998606
3998912
3999162
4000218
4000436
4000714
4001195
4001492
4001790
4003041
4003270
4003517
4003775
4004061
4005091
4005340
4005678
4005933
4006361
4006945
4007262
4007731
4008134
4008540
4008827
4009044
4009556
4009688
4009834
4010328
4010732
4010987
4011315
4011960
4012317
4012738
4012958
4013284
4013661
4014001
4014148
4014308
4014592
4014770
4015026
4015472
4015724
4016031
4016138
4016390
4016515
4016996
4017103
4017224
4017469
4017565
4017670
4017992
4018297
4018552
4018649
4018765
4018909
4019001
4019103
4019196
4019426
4019746
4019853
4021362
4021633
4021733
4022032
4022125
4022216
4022335
4022444
4022545
4022639
4022732
4022832
4022923
4022975
4023176
4023280
4023532
4023640
4023748
4024000
4024245
4024581
4024754
4024876
4025131
4025226
4025480
4025756
4025910
4026048
4026150
4026241
4026336
4026456
4026545
4026658
4026760
4026861
4026959
4027057
4027170
4027312
4027410
4027568
4027662
4027758
4027917
4028014
4028265
4028523
4028823
4028970
4029056
4029304
4029400
4029842
4030126
4030621
4030838
4030936
4031389
4031570
4031816
4031892
4032098
4032397
4032659
4032758
4033502
4033591
4033685
4033788
4034035
4034240
4034348
4034442
4034691
4034740
4035253
4035460
4035548
4035601
4035692
4035781
4035851
4036038
4036122
4036375
4036484
4036565
4036588
4036842
4037124
4037373
4037463
4037549
4037712
4037963
4038140
4038222
4038461
4038542
4038622
4038680
4038733
4038813
4038876
4039474
4039875
4039920
4041902
4042156
4042213
4042255
4042345
4042560
4042900
4043083
4043254
4043497
4043583
4043658
4043667
4043762
4043843
4043942
4044212
4044370
4044614
4044708
4044793
4045039
4045122
4045390
4045552
4045807
4046062
4046219
4046301
4046331
4046557
4046643
4046733
4046820
4046914
4047165
4047198
4047294
4047376
4047632
4047790
4048281
4048488
4048581
4048938
4049036
4049286
4049379
4049475
4049565
4049612
4049675
4049763
4049851
4049889
4049974
4050051
4050139
4050325
4050569
4050817
4051114
4051320
4051430
4051575
4051601
4051692
4051787
4052105
4052568
4052669
4052800
4053041
4053138
4053691
4053887
4054137
4054205
4054300
4054396
4054972
4055260
4055680
4056009
4056222
4056325
4056572
4056644
4056947
4057223
4057501
4057527
4058340
4058660
4058907
4059209
4059597
4059787
4060035
4060153
4060726
4061603
4061851
4062123
4062386
4062521
4062805
4062814
4062995
4063127
4063531
4063798
4064113
4064283
4064704
4064970
4065140
4065356
4065681
4065792
4066651
4066821
4066974
4067246
4067464
4067637
4068050
4068306
4068543
4068789
4069031
4069374
4069800
4069930
4069937
4070055
4070345
4070493
4070743
4070862
4070962
4071214
4071544
4071916
4072200
4072528
4072785
4072912
4073336
4073695
4073828
4073966
4074097
4074235
4074380
4074563
4074715
4074894
4075016
4075141
4075298
4075413
4075859
4076048
4076221
4076468
4076701
4076776
4077099
4077267
4077658
4077945
4078204
4078323
4078562
4078676
4078817
4078936
4079144
4079383
4079455
4079563
4079761
4079769
4079926
4080171
4080426
4080718
4080998
4081244
4081484
4081666
4081770
4082406
4082502
4082555
4082801
4083326
4083998
4084120
4084384
4084470
4084737
4084844
4084900
4085006
4085244
4085762
4085989
4086248
4086453
4086701
4086897
4086999
4087248
4087510
4087748
4087964
4088088
4088290
4088454
4088698
4088810
4088919
4088994
4089244
4089490
4089848
4089967
4090212
4090366
4090615
4090727
4090962
4091082
4091200
4091579
4091739
4091819
4092069
4092563
4093219
4093946
4094201
4094320
4094685
4094886
4095179
4095295
4095412
4095653
4095976
4096420
4096540
4096751
4096855
4097099
4097373
4097702
4097827
4097984
4098230
4099110
4099384
4099510
4099627
4100201
4100340
4100791
4100989
4101121
4101402
4101756
4102029
4102317
4102446
4102798
4102911
4103044
4103173
4103289
4103453
4103613
4103742
4103854
4103968
4104078
4104199
4104446
4104566
4104823
4104938
4105177
4105437
4105541
4105591
4105802
4105903
4106344
4106581
4106676
4106998
4107179
4107315
4107811
4108291
4108399
4108680
4108835
4109311
4109677
4109968
4110552
4110838
4110962
4111064
4111165
4111267
4111359
4111446
4111519
4111738
4111802
4111897
4111979
4112086
4112517
4112815
4113661
4113910
4114106
4114217
4114507
4114744
4114851
4115152
4115269
4115381
4115474
4115746
4116094
4116202
4116326
4116438
4116728
4116864
4117055
4117298
4117555
4117688
4117795
4118273
4118967
4119272
4119384
4119610
4119763
4119886
4120134
4120458
4120756
4120876
4120886
4121003
4121117
4121171
4121472
4121577
4122200
4122447
4122877
4123151
4123389
4123545
4123696
4123751
4123898
4124048
4124081
4124231
4124341
4124432
4124526
4124670
4126386
4126744
4126890
4127219
4127346
4127556
4127810
4127881
4128511
4128950
4129099
4129149
4129306
4129451
4129578
4129727
4129865
4129939
4130082
4130228
4130369
4130604
4130857
4131567
4132307
4132326
4132461
4132596
4132735
4132875
4133141
4134320
4134471
4134727
4135065
4135367
4135709
4135854
4135970
4136213
4136460
4136711
4136864
4137093
4137311
4137607
4137811
4137942
4138173
4138293
4138964
4139602
4139847
4140089
4140298
4140432
4140900
4140993
4141121
4141398
4141546
4141950
4142199
4142339
4142496
4142773
4143185
4143425
4143682
4143745
4143861
4143989
4144033
4144244
4144478
4144722
4144866
4145238
4145462
4145606
4145729
4145855
4145973
4146191
3682959
3683339
3683651
3683746
3683835
3683928
3684058
3684151
3684267
3684407
3684508
3684604
3684694
3684793
3685005
3685128
3685302
3685603
3685819
3685996
3686084
3686305
3686478
3686565
3686649
3686742
3686834
3687331
3687445
3687531
3687987
3688135
3688219
3688316
3688500
3688879
3688966
3689376
3689486
3689580
3689665
3689756
3689846
3689977
3690217
3690703
3690786
3690969
3691181
3691629
3691825
3691979
3692060
3692176
3692185
3692281
3692339
3692449
3692664
3693056
3693209
3693289
3694033
3694169
3694255
3694285
3694301
3694326
3694686
3694777
3694856
3694961
3695049
3695512
3695714
3695866
3696043
3696198
3696381
3696862
3697163
3697296
3697406
3697604
3697939
3698048
3698173
3698808
3699084
3699390
3699580
3700442
3700661
3700818
3700904
3700993
3701593
3701970
3702305
3702843
3703281
3703420
3703894
3704219
3704429
3704503
3705072
3705167
3705281
3705373
3705479
3705585
3705679
3705778
3705877
3705979
3706077
3706182
3706291
3706388
3706594
3706810
3706904
3707295
3707504
3707669
3707830
3708032
3708233
3708369
3708699
3709160
3709622
3709724
3710053
3710161
3710218
3710550
3710945
3711164
3711375
3711680
3711956
3712072
3712180
3712364
3712688
3712784
3712958
3713050
3713143
3713231
3713326
3713377
3713600
3713947
3714054
3714134
3714184
3714339
3714575
3714737
3715112
3715522
3715636
3715743
3715851
3715941
3716146
3716244
3716590
3717152
3717405
3717602
3717627
3717773
3717982
3718324
3718519
3718711
3718982
3719227
3719614
3719855
3720027
3720342
3720922
3721161
3721398
3721505
3721742
3721970
3722190
3722435
3722624
3722848
3723070
3723285
3723600
3723958
3724147
3724464
3724632
3724761
3724903
3725028
3725205
3725325
3725446
3725608
3725726
3725844
3725960
3726080
3726202
3726635
3726883
3727178
3727603
3728265
3728510
3728686
3728986
3729359
3729511
3729762
3729903
3730162
3730310
3730429
3730583
3730710
3730850
3731000
3731238
3731357
3731665
3731929
3732193
3732455
3732648
3732807
3732943
3733069
3733199
3733326
3733445
3733563
3733679
3733805
3733933
3734071
3734185
3734341
3734452
3735093
3735350
3735470
3735725
3735739
3736264
3736691
3737022
3737269
3737415
3737662
3737774
3738168
3738401
3738618
3738843
3739135
3739509
3739761
3739994
3740543
3740908
3741087
3741280
3741368
3741574
3741649
3741867
3741963
3742123
3742801
3743058
3743317
3743707
3744308
3744595
3744849
3745441
3745699
3745954
3746237
3746499
3746944
3747221
3747330
3747532
3747651
3747926
3748103
3748281
3748414
3748713
3748846
3749303
3749581
3749969
3750219
3750971
3751235
3751489
3751743
3751864
3751990
3752103
3752350
3752445
3752604
3752844
3753091
3753775
3753893
3754024
3754152
3754272
3754480
3754614
3754774
3754889
3754923
3755041
3755183
3755324
3755460
3757493
3757865
3758115
3758414
3758659
3758858
3759100
3759214
3759452
3759706
3759936
3760159
3760267
3760474
3760680
3761017
3761242
3761475
3761712
3761978
3762213
3762446
3762676
3762945
3763180
3763562
3763689
3763773
3763799
3764141
3764473
3764722
3764849
3765100
3765310
3765561
3765829
3765959
3766316
3766694
3767081
3767932
3768192
3768561
3768679
3768819
3769065
3769157
3769238
3769358
3769645
3769873
3769999
3770489
3770729
3770980
3771229
3771580
3772246
3772548
3772673
3773000
3773230
3773359
3773494
3773637
3773769
3773914
3774035
3774177
3774244
3774265
3774281
3774370
3774808
3774959
3775073
3775246
3775382
3775628
3776182
3776296
3776770
3776923
3777205
3777603
3777718
3777841
3777949
3778028
3778260
3778435
3778560
3779160
3779742
3780080
3780486
3780732
3780844
3780960
3781389
3781910
3782415
3782665
3782827
3783074
3783314
3783567
3783829
3784063
3784293
3784394
3784527
3784759
3784809
3784999
3785245
3785452
3785769
3785915
3786021
3786140
3786297
3786534
3786647
3786901
3787152
3787400
3787874
3788788
3789092
3789966
3790226
3790342
3790766
3791040
3791295
3791555
3791815
3792096
3792205
3792394
3792929
3793052
3793162
3793291
3793400
3793503
3793595
3793713
3793957
3794343
3795136
3795293
3795426
3795794
3795910
3796027
3796137
3796248
3796364
3796378
3796701
3796857
3797113
3797520
3797718
3797829
3798183
3798496
3798629
3798854
3798984
3799416
3800031
3800149
3800590
3800801
3800944
3801146
3801362
3801643
3801898
3802012
3802094
3802212
3802461
3802699
3803020
3803129
3803223
3803449
3803689
3803930
3804101
3804354
3804569
3804812
3805549
3805790
3806025
3806385
3806619
3807036
3807424
3807673
3807926
3808528
3808974
3809143
3809261
3809523
3809773
3810337
3810456
3810553
3810734
3811394
3811799
3812052
3812698
3812790
3813044
3813286
3813412
3813564
3813695
3813950
3814198
3814318
3814557
3816375
3816662
3816868
3817121
3817241
3817450
3817765
3818009
3818258
3818469
3818797
3818921
3819300
3819466
3819732
3819874
3820283
3820418
3820667
3820858
3820988
3821057
3821306
3821351
3821656
3822029
3822274
3822408
3822664
3822863
3823109
3823474
3824465
3824627
3824760
3825009
3825274
3825616
3825988
3826239
3826524
3826775
3827063
3827211
3827498
3827626
3827879
3828084
3828204
3828509
3828742
3829086
3829330
3829809
3830079
3830120
3830459
3830997
3831148
3831304
3831546
3831755
3831875
3832007
3832119
3832247
3832468
3832499
3832603
3832690
3832918
3833281
3834273
3834558
3834785
3835223
3835432
3835806
3836324
3836724
3836973
3837257
3837402
3837566
3837953
3838222
3838468
3838711
3838900
3839036
3839454
3841064
3841204
3841332
3841451
3841588
3841717
3841852
3843136
3843379
3843636
3843969
3844451
3844586
3844846
3845153
3845323
3845568
3845736
3845981
3846325
3846604
3846722
3846910
3847202
3847356
3849069
3849341
3849500
3849983
3850224
3850374
3850610
3850962
3851167
3851414
3851537
3851900
3852162
3852302
3852550
3852902
3853022
3853416
3853591
3853827
3853959
3854222
3854469
3854722
3854916
3855168
3855287
3855510
3855760
3855996
3856670
3856825
3856944
3857200
3857311
3857442
3857858
3858139
3858263
3858425
3858759
3858962
3859252
3859591
3859876
3860125
3860290
3860438
3860549
3860660
3860756
3860862
3860985
3861098
3861213
3861327
3861742
3861987
3862335
3862529
3862849
3863100
3863285
3863394
3863514
3863796
3864144
3864431
3864564
3864823
3865138
3865384
3865634
3865884
3866175
3866419
3866657
3866875
3867119
3867413
3867678
3867796
3867910
3868123
3868345
3868471
3868598
3868800
3869045
3869653
3869895
3870084
3870343
3870589
3870873
3871149
3871382
3871540
3871714
3871940
3872260
3872365
3872476
3872728
3872978
3873209
3873601
3873642
3873880
3874211
3874492
3874606
3874865
3874993
3875406
3875755
3875976
3876538
3876724
3876828
3876881
3877137
3877386
3877542
3877894
3878579
3879050
3879301
3879593
3879784
3880352
3880554
3880792
3880988
3881125
3881284
3881471
3881605
3881796
3882004
3882319
3882562
3882685
3882911
3883133
3883379
3883654
3883927
3884288
3886209
3886342
3886589
3886834
3887074
3887301
3887447
3887679
3887980
3887993
3888125
3888416
3888686
3888836
3888974
3889091
3889183
3889280
3889398
3889471
3889652
3889724
3889852
3889929
3890083
3890329
3890585
3890840
3891099
3891347
3891593
3891756
3891986
3892230
3892373
3892672
3892915
3893159
3894142
3894332
3894464
3894576
3894830
3894951
3895167
3895410
3895586
3895719
3895853
3895972
3896091
3896175
3896417
3897086
3897307
3897438
3897565
3897684
3897808
3897935
3898074
3898201
3898329
3898582
3898889
3899135
3899519
3900305
3900442
3900691
3900940
3901545
3902117
3902346
3902642
3902762
3903007
3903500
3903737
3903941
3904069
3904323
3904427
3904681
3904881
3905128
3905263
3905382
3905515
3905621
3905710
3905965
3906212
3906344
3906664
3906911
3907285
3907534
3907829
3907957
3908204
3908330
3908446
3908592
3909112
3909244
3909368
3909591
3909776
3909895
3910198
3910447
3910699
3910907
3911154
3911270
3911391
3911504
3911618
3911852
3912071
3912170
3912727
3913021
3913286
3913404
3913767
3913924
3914054
3914177
3914486
3914973
3915104
3915237
3915569
3915698
3917133
3917269
3917404
3917504
3917640
3917771
3917819
3917917
3918049
3918215
3918368
3918619
3918870
3919035
3919281
3919397
3919523
3919647
3919890
3920057
3920350
3920587
3920882
3921085
3921299
3921640
3921786
3922035
3922255
3922625
3923184
3923378
3923733
3924280
3924513
3924690
3924811
3924919
3925046
3925148
3925279
3925402
3925498
3925617
3925733
3926035
3926332
3926683
3926998
3927288
3927450
3927704
3927852
3927901
3928054
3928229
3928549
3929033
3929267
3930100
3930225
3930886
3931113
3931237
3931481
3931657
3931904
3932027
3932272
3932388
3932635
3932770
3932860
3932994
3933390
3933624
3933854
3934640
3934884
3935129
3935369
3935547
3935793
3935856
3935963
3936262
3936518
3936645
3936900
3937068
3937318
3937420
3937653
3937778
3938023
3938390
3938683
3938922
3939166
3939436
3939554
3939847
3940032
3940268
3940593
3940790
3940902
3941012
3941650
3941892
3942458
3942572
3942685
3942944
3943302
3943569
3943809
3943992
3944100
3944477
3944622
3944862
3944977
3945102
3945182
3945229
3946044
3946730
3947029
3947237
3947616
3947735
3947846
3947910
3948152
3948315
3948433
3948491
3948593
3948831
3949087
3949337
3949581
3949983
3950221
3950468
3950720
3950925
3950987
3951103
3951618
3951866
3952113
3952231
3952342
3952527
3952654
3952783
3953035
3953149
3953384
3953499
3953579
3953652
3953766
3953809
3954058
3954251
3954368
3954474
3954746
3954996
3955107
3955213
3955444
3955919
3956072
3956295
3956514
3956755
3957011
3957249
3957277
3957485
3957607
3957717
3957958
3958069
3958178
3958777
3959004
3959383
3959644
3959882
3959995
3960232
3960370
3960445
3960551
3960786
3960893
3961142
3961388
3961471
3961501
3961624
3961867
3962113
3962276
3962609
3962791
3962912
3963238
3963499
3963804
3964079
3964328
3964576
3964816
3965127
3965331
3965584
3965611
3965679
3965769
3965877
3966143
3966337
3966420
3966658
3967161
3967564
3967813
3967950
3968089
3968217
3968495
3968651
3968771
3969022
3969289
3969425
3969663
3969808
3970141
3970555
3970694
3970830
3971043
3971254
3971483
3971826
3972057
3972547
3972797
3973009
3973139
3973729
3974212
3974453
3974705
3975017
3975420
3975568
3975852
3976101
3976385
3976634
3976766
3976945
3977190
3977466
3977796
3978046
3978314
3978556
3978744
3978836
3979017
3980632
3980878
3981057
3981235
3981477
3981709
3981836
3982311
3982540
3982689
3982935
3983180
3983404
3983548
3983903
3984201
3984353
3984812
3985176
3985306
3986553
3986949
3987276
3987525
3987775
3988630
3988776
3989007
3989221
3989521
3989826
3990139
3990289
3990545
3991369
3991601
3991911
3992037
3992282
3992630
3992890
3993267
3993533
3993644
3993896
3994359
3994519
3994707
3994851
3994995
3995108
3996402
3996503
3996568
3996679
3996705
3996812
3996879
3996987
3997100
3997208
3997312
3997406
3997462
3997713
3997979
3998090
3998185
3998365
3998613
3998784
3998969
3999213
3999320
3999399
3999452
3999563
4000487
4000723
4000842
4000949
4001206
4001504
4001799
4001934
4002157
4002260
4002304
4002404
4002492
4002566
4002813
4002919
4003024
4003277
4003525
4003781
4003992
4004112
4004210
4004299
4004357
4004432
4004517
4004557
4004646
4004726
4004817
4005243
4005438
4005688
4005941
4006111
4006202
4006370
4006602
4006705
4006953
4007015
4007277
4007498
4007790
4007889
4008143
4008357
4008604
4008789
4009051
4009171
4009228
4009423
4009691
4009900
4010162
4010234
4010490
4010746
4010751
4010998
4011098
4011324
4011459
4011548
4011635
4011654
4011745
4011976
4012100
4012364
4012533
4013101
4013339
4013442
4013679
4013778
4014519
4014796
4015045
4015147
4015237
4016111
4016308
4016432
4016684
4016916
4017024
4017124
4017238
4017485
4017582
4017629
4017858
4017913
4018015
4018231
4018460
4018574
4018673
4018747
4018833
4019108
4019352
4019579
4019774
4021292
4021546
4021654
4021754
4021986
4022079
4022163
4022242
4022308
4022385
4022478
4022568
4022663
4022758
4022851
4023104
4023200
4023450
4023546
4023572
4023677
4023924
4024172
4024499
4024618
4024678
4024779
4024888
4025055
4025155
4025396
4025681
4025767
4025841
4025932
4025983
4026068
4026158
4026247
4026299
4026380
4026425
4026483
4026567
4026638
4026738
4026798
4026880
4026978
4027070
4027144
4027238
4027331
4027422
4027496
4027590
4027671
4027774
4027850
4027943
4028287
4028566
4028786
4028855
4028906
4028990
4029241
4029578
4030191
4030352
4030505
4030756
4031285
4031457
4031743
4032045
4032278
4032522
4033027
4033407
4033949
4034597
4034899
4035241
4036022
4036355
4036785
4037073
4037326
4037829
4038069
4038433
4039063
4039250
4039438
4039678
4039820
4039981
4040320
4040505
4040689
4040836
4040983
4041204
4041375
4041532
4041695
4041718
4041974
4042523
4042783
4043056
4043418
4044162
4044590
4045016
4045361
4045786
4046042
4046457
4047082
4047612
4048052
4048229
4048616
4048910
4049267
4050308
4050557
4051445
4051586
4051950
4052281
4052496
4052984
4053321
4053638
4054073
4054581
4054751
4054908
4055189
4055441
4055457
4055618
4055864
4056138
4056510
4056611
4056633
4056975
4057413
4057677
4057905
4058063
4058227
4058506
4058834
4059143
4059754
4060148
4060457
4060648
4060883
4061014
4061140
4061281
4061531
4061742
4061990
4062241
4062587
4062718
4063220
4063373
4063686
4063932
4064383
4064542
4064819
4065133
4065437
4065912
4066061
4066198
4066326
4066453
4066738
4067134
4067371
4067774
4067942
4068154
4068407
4068657
4068886
4069135
4069268
4069521
4069615
4070195
4070578
4071066
4071319
4071453
4071701
4071770
4072049
4072302
4072443
4072671
4073039
4073174
4073430
4073533
4075496
4075630
4075761
4075988
4076319
4076568
4076732
4076950
4077325
4077550
4077794
4078074
4078462
4079012
4079252
4079647
4080048
4080292
4080618
4080867
4081114
4081361
4081599
4081707
4081957
4082097
4082265
4082670
4082897
4083025
4083108
4083201
4083463
4083600
4083725
4083866
4084324
4084604
4085119
4085370
4085503
4085634
4085853
4086099
4086351
4086606
4086801
4086887
4087157
4087434
4087629
4087826
4088179
4088402
4088943
4089115
4089362
4089601
4089745
4090149
4090498
4090938
4091309
4091452
4091693
4091953
4092128
4092301
4092432
4092709
4092834
4092931
4093070
4093338
4093466
4093596
4093696
4093824
4094080
4094428
4095077
4095518
4095749
4095876
4096120
4096248
4096567
4096966
4097237
4097479
4097603
4098041
4098307
4098432
4098642
4098776
4098900
4099023
4099273
4099710
4099890
4100014
4100135
4100545
4100843
4100963
4101085
4101376
4101729
4102001
4102289
4102418
4102542
4102683
4103157
4103233
4103341
4103430
4103546
4103668
4103671
4103785
4103893
4103997
4104100
4104178
4104441
4104544
4104804
4105137
4105241
4105483
4105554
4105587
4105752
4105883
4106327
4106562
4106664
4106981
4107170
4107301
4107792
4108275
4108630
4108811
4109296
4109659
4109908
4110158
4110648
4110902
4111095
4111197
4111278
4111375
4111456
4111674
4111757
4111835
4111934
4112019
4112251
4112467
4112768
4112989
4113612
4113681
4113863
4113966
4114045
4114161
4114446
4114684
4114792
4115011
4115186
4115295
4115399
4115499
4115696
4116024
4116135
4116257
4116357
4116432
4116654
4116760
4116861
4117263
4117510
4117625
4117737
4118192
4118876
4119065
4119290
4119398
4119601
4119714
4119818
4119924
4120248
4120481
4120789
4120894
4121002
4121116
4121389
4121500
4121612
4121711
4121892
4121989
4122086
4122119
4122365
4122605
4122843
4122967
4123067
4123302
4124761
4124869
4124947
4125063
4125143
4125245
4125348
4125451
4125550
4125623
4125724
4125833
4125904
4126005
4126102
4126202
4126273
4126296
4126507
4126643
4126909
4127173
4127463
4127729
4127955
4128051
4128131
4128219
4128313
4128392
4128751
4128984
4129136
4129185
4129341
4129489
4129616
4129766
4129914
4129970
4130114
4130263
4130639
4130887
4131602
4131852
4132088
4132220
4132363
4132502
4132639
4132773
4133012
4134122
4134368
4134600
4134764
4135104
4135411
4135757
4136003
4136254
4136500
4136771
4137006
4137234
4137462
4137635
4137852
4138008
4138211
4138625
4139009
4139097
4139648
4139893
4140133
4140341
4140474
4140712
4140903
4141073
4141310
4141462
4141603
4141993
4142244
4142544
4142820
4143234
4143479
4143713
4143838
4143970
4144059
4144287
4144522
4144776
4145281
4145505
4145648
4145786
4145920
4146041
4146224
4146523
4146734
4146894
4147234
4147489
4147745
4148270
4148640
4148888
4149091
4149575
4149869
4150024
4150138
4150395
4150544
4150673
4150915
4151144
4151280
4151687
4151815
4152092
4152434
4152945
3683326
3683546
3683726
3683842
3683914
3684006
3684098
3684177
3684253
3684391
3684493
3684588
3684679
3684777
3684940
3685060
3685284
3685587
3685801
3685983
3686064
3686291
3686464
3686551
3686636
3686732
3686892
3687316
3687399
3687519
3687975
3688124
3688206
3688304
3688497
3688557
3688866
3688954
3689363
3689473
3689566
3689652
3689743
3689813
3689954
3690132
3690613
3690771
3690957
3691165
3691358
3691700
3691871
3691966
3692050
3692160
3692407
3692485
3692649
3693041
3693197
3693277
3693377
3694022
3694158
3694249
3694276
3694325
3694422
3694735
3694840
3694945
3695033
3695496
3695694
3695846
3696028
3696184
3696369
3696846
3697143
3697235
3697326
3697387
3697582
3697884
3698010
3698084
3698156
3698787
3699061
3699368
3699555
3700416
3700638
3700795
3700885
3700963
3701043
3701570
3701784
3701882
3702085
3702194
3702380
3702472
3702564
3702710
3702923
3703021
3703119
3703333
3703442
3703849
3703925
3704243
3704452
3705083
3705184
3705290
3705394
3705526
3705625
3705723
3705829
3705918
3705999
3706105
3706210
3706316
3706414
3706616
3706833
3707309
3707561
3708285
3708393
3708726
3709189
3709650
3709752
3710083
3710239
3710349
3710579
3710973
3711191
3711404
3711709
3711984
3712128
3712393
3712708
3712976
3713070
3713166
3713277
3713398
3713620
3713977
3714081
3714153
3714192
3714340
3714581
3714772
3715146
3715564
3715682
3715788
3715883
3715974
3716181
3716407
3716626
3717191
3717443
3717639
3717942
3718140
3718367
3718554
3718749
3719026
3719267
3719652
3719893
3720034
3720354
3720965
3721245
3721438
3721543
3721779
3722010
3722232
3722467
3722656
3722878
3723098
3723334
3723616
3723978
3724097
3724404
3724526
3724645
3724701
3724839
3724964
3725085
3725146
3725221
3725383
3725497
3725560
3725665
3725785
3725903
3726017
3726141
3726393
3726576
3726823
3727067
3727227
3727650
3728341
3728554
3728670
3728927
3729298
3729443
3729694
3729827
3730093
3730218
3730340
3730564
3730688
3730840
3730996
3731175
3731290
3731408
3731603
3731860
3732123
3732387
3732584
3732744
3732880
3733003
3733134
3733258
3733383
3733503
3733622
3733745
3733866
3734007
3734125
3734349
3734460
3735033
3735283
3735411
3735665
3736202
3736625
3736959
3737209
3737542
3737679
3737934
3738335
3738558
3738789
3739069
3739450
3739700
3739945
3740172
3740482
3740689
3740872
3740964
3741051
3741246
3741317
3741407
3741617
3741856
3741876
3741986
3742069
3742740
3742994
3743251
3743642
3744122
3744506
3744758
3744870
3745364
3745610
3745864
3746111
3746159
3746418
3746796
3747130
3747252
3747360
3747469
3747575
3747674
3747882
3748030
3748215
3748321
3748379
3748649
3748760
3748869
3749231
3749506
3749893
3750145
3750896
3751163
3751416
3751666
3751789
3751905
3752021
3752141
3752395
3752562
3752838
3753058
3753694
3753818
3753946
3754064
3754181
3754306
3754409
3754535
3754679
3754683
3754817
3754934
3755048
3755130
3755250
3755369
3755482
3757414
3757669
3757803
3758052
3758285
3758532
3758782
3758914
3759141
3759381
3759564
3759677
3759933
3760129
3760232
3760438
3760487
3760610
3760939
3761171
3761400
3761626
3761888
3762134
3762372
3762595
3762865
3763103
3763485
3763618
3763715
3763757
3763785
3764125
3764386
3764649
3764774
3765028
3765229
3765594
3765802
3765915
3766247
3766395
3766563
3766814
3767013
3767857
3768119
3768489
3768620
3768748
3768882
3769120
3769168
3769275
3769396
3769585
3769810
3769937
3770424
3770430
3770667
3770918
3771169
3771521
3772183
3772483
3772609
3772728
3772843
3772936
3773061
3773185
3773310
3773446
3773576
3773703
3773806
3773901
3774012
3774140
3774213
3774234
3774297
3774420
3774766
3774889
3775004
3775120
3775217
3775341
3775589
3775829
3775944
3776054
3776158
3776270
3776519
3776802
3777068
3777168
3777562
3777682
3777795
3777904
3777997
3778310
3778395
3778523
3779120
3779421
3779656
3780037
3780269
3780443
3780691
3780815
3780915
3781164
3781351
3781539
3781870
3782365
3782621
3782784
3783135
3783524
3783786
3784020
3784135
3784351
3784483
3784718
3784801
3784830
3785127
3786010
3786095
3786249
3786488
3786600
3786830
3787051
3787288
3787530
3787725
3788035
3788183
3788353
3788492
3788626
3788753
3788927
3789150
3789155
3789322
3789458
3789591
3789712
3789794
3790046
3790657
3790840
3791150
3791404
3791665
3791936
3792261
3792500
3792625
3792760
3793806
3794058
3794199
3794537
3794735
3795162
3795484
3795628
3796546
3796990
3797242
3797377
3797627
3797915
3798058
3798312
3798552
3798791
3799131
3799273
3799529
3799665
3799797
3799920
3800129
3800319
3800479
3800702
3800995
3801246
3801504
3801764
3802316
3802537
3802779
3802923
3803302
3803539
3803806
3804214
3804463
3804718
3804914
3805050
3805184
3805265
3805290
3805424
3805657
3805851
3806135
3806278
3806528
3806789
3806925
3807179
3807287
3807538
3807787
3808025
3808163
3808292
3808584
3808756
3809006
3809395
3809641
3809881
3810052
3810164
3810430
3810563
3810751
3811445
3811850
3812103
3812342
3812471
3812741
3812837
3813089
3813327
3813454
3813645
3813741
3813994
3814248
3814496
3816311
3816711
3816916
3817167
3817490
3817814
3818062
3818207
3818493
3818820
3818972
3819351
3819516
3819783
3819922
3820330
3820466
3820906
3821099
3821370
3821705
3822077
3822320
3822617
3822822
3823073
3823231
3823485
3824532
3824775
3825108
3825382
3825628
3826000
3826249
3826535
3826917
3827075
3827222
3827540
3827666
3827889
3828095
3828497
3828744
3829100
3829343
3829825
3830090
3830468
3831010
3831158
3831316
3831560
3831767
3831894
3832026
3832053
3832163
3832417
3832500
3832606
3832699
3832927
3833288
3834283
3834569
3834800
3835241
3835446
3835820
3836342
3836743
3837343
3837580
3837966
3838236
3838479
3838721
3838912
3839048
3839466
3839673
3839790
3839909
3839963
3840081
3840204
3840256
3840376
3840493
3840819
3840929
3841928
3842066
3842071
3842191
3842340
3842459
3842575
3842692
3842702
3842742
3842758
3842769
3842796
3842913
3842950
3843203
3843451
3843703
3843877
3844648
3844969
3845074
3845382
3845876
3846132
3846382
3846555
3846732
3846994
3847231
3847559
3847720
3847911
3848038
3848065
3848220
3848433
3848777
3848904
3849159
3849568
3849681
3849766
3849873
3850064
3850430
3850625
3850851
3850969
3851236
3851603
3851727
3851977
3852370
3852580
3852849
3852964
3853083
3853391
3853570
3853810
3853921
3854156
3854262
3854513
3854667
3854781
3855018
3855238
3855462
3855707
3855944
3856615
3856773
3856891
3857144
3857254
3857371
3857627
3857805
3858084
3858251
3858411
3858736
3858936
3859209
3859541
3859786
3860041
3861428
3861582
3861838
3862094
3862413
3862638
3862780
3863033
3863625
3863886
3864071
3864261
3864686
3864931
3865062
3865262
3865505
3865743
3866025
3866277
3866528
3866766
3866938
3867204
3867530
3868734
3868889
3869128
3869264
3869417
3869543
3869759
3869763
3870184
3870444
3870691
3870929
3871218
3871625
3871874
3872122
3872619
3872875
3873319
3873527
3873756
3873949
3874125
3874374
3874718
3875093
3875170
3875251
3875506
3875753
3876133
3876271
3876449
3876698
3876784
3876867
3877127
3877312
3877540
3877733
3877866
3878045
3878173
3878313
3878435
3878504
3878749
3878870
3878993
3879243
3879504
3879752
3879949
3880078
3880250
3880508
3880755
3881032
3881395
3881493
3881780
3882027
3882207
3882519
3882755
3883057
3883308
3883567
3883763
3883890
3884135
3884389
3884551
3884677
3884799
3885009
3885173
3885258
3885365
3885490
3885669
3885794
3885943
3886011
3886135
3886434
3886679
3886943
3887186
3887520
3887766
3888316
3888611
3890000
3890245
3890500
3890761
3891069
3891290
3891521
3891862
3892067
3892310
3892566
3892836
3893086
3893308
3893544
3893661
3893777
3894021
3894275
3894756
3895038
3895149
3895398
3895789
3896376
3896582
3896694
3896808
3896909
3897008
3897253
3898394
3898639
3898872
3899059
3899382
3899547
3900343
3900478
3900729
3900975
3901364
3901606
3902154
3902267
3902682
3902807
3903045
3903538
3903746
3903930
3904071
3904361
3904466
3904846
3904972
3905164
3905297
3905417
3905564
3905745
3905998
3906247
3906378
3906698
3906945
3907319
3907570
3907862
3907991
3908237
3908366
3908454
3908590
3909149
3909280
3909628
3909810
3910137
3910367
3910611
3910851
3911150
3911266
3911386
3911480
3911613
3911703
3912038
3912166
3912724
3913018
3913283
3913401
3913764
3913920
3914048
3914175
3914481
3914974
3915102
3915235
3915564
3915695
3917131
3917268
3917403
3917501
3917637
3917768
3917816
3917915
3918047
3918118
3918365
3918617
3918867
3919034
3919277
3919483
3919608
3919695
3919954
3920221
3920468
3920717
3920879
3921082
3921295
3921637
3921783
3922031
3922248
3922619
3923043
3923304
3923518
3923856
3924071
3924387
3925866
3926116
3926298
3926533
3926786
3926967
3927135
3927491
3927745
3927940
3927956
3928107
3928444
3928750
3928868
3929102
3929323
3929456
3929847
3929910
3930342
3930552
3930882
3931363
3931738
3932105
3932504
3932875
3932984
3933114
3933235
3933708
3934255
3934384
3934478
3934731
3934982
3935277
3935417
3935715
3936044
3936152
3936482
3936606
3936865
3937034
3937285
3937383
3937617
3937741
3937989
3938355
3938663
3938970
3939209
3939403
3939518
3939813
3940096
3940505
3940707
3940824
3940928
3941039
3941617
3941735
3941974
3942107
3942306
3942423
3942538
3942655
3942912
3943166
3943428
3943661
3943902
3944022
3944067
3944186
3944442
3944594
3944832
3944943
3945063
3945175
3945187
3945434
3946006
3946696
3946933
3947104
3947231
3947481
3947734
3947845
3947909
3948161
3948319
3948432
3948487
3948592
3948830
3949086
3949199
3949444
3949578
3949982
3950210
3950467
3950719
3950924
3950986
3951102
3951617
3951865
3952112
3952230
3952340
3952526
3952653
3952782
3953034
3953148
3953383
3953498
3953578
3953651
3953765
3953810
3954057
3954250
3954371
3954441
3954473
3954745
3954995
3955106
3955212
3955443
3955917
3956071
3956437
3956693
3956941
3957192
3957380
3957817
3958341
3958479
3958617
3958929
3959172
3959301
3959548
3959824
3960186
3960613
3960859
3961086
3961326
3961741
3961977
3962216
3962471
3962477
3962727
3963184
3963469
3963713
3963995
3964269
3964515
3964756
3965003
3965285
3965515
3965793
3966055
3966605
3966901
3967166
3967568
3967817
3967954
3968093
3968219
3968538
3968742
3968930
3969296
3969429
3969668
3969812
3970145
3970559
3970696
3970831
3971046
3971334
3971580
3971830
3972059
3972551
3973733
3974216
3974490
3974748
3975021
3975424
3975571
3975855
3976104
3976388
3976637
3976770
3976948
3977238
3977494
3977799
3978050
3978318
3978560
3978743
3979021
3980636
3980920
3981240
3981481
3981712
3981840
3982314
3982542
3982691
3982937
3983182
3983406
3983550
3983905
3984203
3984355
3984815
3985243
3985386
3986515
3986910
3987234
3987484
3987731
3987970
3988374
3988721
3988854
3989055
3989181
3989479
3989786
3990053
3990203
3990450
3990516
3991336
3991565
3991794
3991968
3992246
3992479
3992853
3993226
3993498
3993619
3993723
3993935
3994322
3994481
3994669
3994815
3994961
3995080
3995224
3995408
3995555
3995725
3995908
3996056
3996204
3997610
3997873
3998268
3998515
3998764
3998966
3999169
4000186
4000406
4000626
4001104
4001361
4001643
4001710
4002068
4002719
4003177
4003428
4003678
4003920
4004966
4005144
4005394
4005589
4005897
4006209
4006513
4006860
4007165
4007419
4007635
4008041
4008406
4008647
4009357
4009564
4009669
4009826
4010137
4010386
4010646
4010899
4011236
4011878
4012232
4012409
4012487
4012672
4012864
4013017
4013239
4013578
4013919
4014070
4014217
4014287
4014589
4014733
4014989
4015433
4015684
4015932
4016269
4016625
4016828
4017333
4017783
4018165
4018404
4019301
4019526
4019764
4020017
4020172
4020204
4020244
4020267
4020449
4020563
4020733
4020919
4021074
4021217
4021487
4021923
4023044
4023398
4023860
4024115
4024360
4024895
4025149
4025388
4025590
4025654
4028155
4028466
4028691
4029184
4029535
4029809
4029974
4030310
4030512
4031133
4031447
4031732
4032037
4032221
4032475
4032981
4033253
4033897
4034147
4034553
4034852
4035197
4035871
4036223
4036471
4036818
4037031
4037284
4037790
4038030
4038393
4039023
4039194
4039397
4039638
4039936
4040276
4040459
4040621
4040772
4040940
4041019
4041136
4041295
4041493
4041658
4041836
4042086
4042482
4042741
4043021
4043380
4044127
4044556
4044980
4045321
4045747
4046005
4046418
4047042
4047570
4047874
4048337
4048534
4048984
4049082
4049331
4049422
4049528
4049624
4049663
4049749
4049840
4049913
4049936
4050000
4050090
4050357
4050608
4050826
4051069
4051160
4051422
4051580
4051676
4051740
4051995
4052096
4052512
4052602
4052659
4052789
4053030
4053128
4053681
4053876
4054128
4054707
4055017
4055243
4055670
4056000
4056213
4056315
4056565
4056643
4056730
4056986
4057214
4057491
4058331
4058650
4058897
4059199
4059582
4059775
4060023
4060163
4060715
4061592
4061842
4062057
4062376
4062481
4062794
4062980
4063170
4063309
4063520
4063786
4064102
4064486
4064696
4064960
4065138
4065342
4065669
4065781
4066641
4066820
4066965
4067238
4067259
4067457
4067650
4068039
4068295
4068530
4068776
4069018
4069361
4069788
4069914
4070041
4070331
4070465
4070730
4070849
4070951
4071201
4071531
4071992
4071999
4072228
4072511
4072768
4072895
4073315
4073676
4073807
4073946
4074078
4074214
4074359
4074543
4074695
4074814
4074889
4075011
4075136
4075279
4075395
4075839
4076024
4076204
4076449
4076683
4076773
4076902
4077101
4077266
4077659
4077947
4078205
4078322
4078565
4078679
4078689
4078721
4078818
4078938
4079376
4079500
4079764
4079881
4079992
4080235
4080428
4080721
4081001
4081247
4081485
4081668
4081690
4081816
4082407
4082535
4082560
4082811
4083327
4084000
4084121
4084385
4084472
4084738
4084845
4084901
4085007
4085246
4085761
4085992
4086249
4086455
4086700
4086879
4087001
4087250
4087512
4087750
4087966
4088090
4088291
4088457
4088700
4088812
4088921
4088997
4089245
4089491
4089856
4089875
4089987
4090223
4090369
4090617
4090729
4090964
4091083
4091202
4091581
4091741
4092076
4092210
4092255
4092385
4092628
4092672
4092796
4092891
4093025
4093289
4093419
4093899
4094379
4094518
4094764
4094950
4095083
4095477
4095706
4095832
4096047
4096173
4096275
4096574
4096921
4097192
4097436
4097558
4097994
4098260
4098387
4098596
4098732
4098847
4098858
4098981
4099228
4099664
4099847
4099972
4100047
4100499
4100798
4100922
4101027
4101234
4101367
4101688
4101957
4102080
4102237
4102370
4102458
4102581
4102638
4102744
4102871
4102988
4103095
4103272
4103381
4103503
4103555
4103676
4103788
4103902
4104010
4104110
4104149
4104401
4104509
4104760
4104875
4105119
4105217
4105387
4105494
4105560
4105742
4105845
4106133
4106384
4106615
4106855
4107053
4107257
4107367
4107749
4108227
4108337
4108581
4108764
4109251
4109613
4109860
4110112
4110605
4110850
4110955
4111072
4111231
4111301
4111400
4111482
4111695
4111777
4111868
4111962
4112061
4112487
4112791
4113012
4113640
4113890
4114022
4114139
4114356
4114473
4114710
4114825
4114920
4115209
4115321
4115440
4115716
4116056
4116184
4116304
4116395
4116495
4116711
4116800
4116898
4117285
4117562
4117649
4117761
4118240
4118925
4119091
4119314
4119426
4119640
4119770
4119857
4120100
4120201
4120433
4120628
4120814
4120871
4120945
4121065
4121178
4121435
4121540
4121645
4121878
4121972
4122109
4122350
4122589
4122865
4122990
4123090
4123326
4124785
4124892
4124973
4125084
4125181
4125268
4125371
4125473
4125573
4125710
4125807
4125926
4126027
4126129
4126224
4126280
4126532
4126667
4126933
4127196
4127489
4127738
4127978
4128075
4128175
4128269
4128338
4128415
4128663
4128815
4128911
4130420
4130525
4130776
4131016
4131118
4131272
4131387
4131482
4131501
4131735
4132153
4133003
4133135
4133312
4133442
4133551
4133644
4133756
4133863
4133958
4134052
4134282
4134433
4134688
4134926
4135029
4135285
4135549
4135677
4135870
4136173
4136412
4136686
4136945
4137189
4137426
4137745
4138378
4138484
4138794
4138916
4139171
4139282
4139429
4139555
4140260
4140637
4141209
4141382
4141706
4141791
4141907
4142157
4142453
4142736
4142814
4143011
4143107
4143334
4143594
4144211
4144441
4144679
4144943
4145096
4145210
4145942
4146184
4146496
4146803
4147042
4147154
4147714
4147935
4148027
4148539
4148793
4149039
4149294
4149406
4149521
4149764
4150280
4150870
4151306
4151494
4151597
4151948
4152188
4152326
4152580
4152715
4152826
4153070
4153178
4153409
4153654
4153771
4153869
4154120
4154236
4154347
4154436
3683289
3683462
3683690
3683782
3683880
3684030
3684037
3684129
3684218
3684319
3684358
3684457
3684551
3684645
3684719
3684808
3684960
3685076
3685253
3685341
3685482
3685643
3685772
3685945
3686030
3686088
3686248
3686426
3686548
3686628
3686728
3686803
3687284
3687361
3687409
3687487
3687502
3687951
3688094
3688179
3688269
3688408
3688507
3688823
3688917
3689323
3689418
3689507
3689541
3689621
3689677
3689774
3689912
3690001
3690157
3690344
3690674
3690733
3690914
3691068
3691264
3691659
3691816
3691929
3692011
3692092
3692130
3692210
3692288
3692363
3692423
3692610
3692629
3693007
3693157
3693241
3693403
3694002
3694139
3694213
3694267
3694293
3694310
3694361
3694699
3694789
3694819
3694912
3695002
3695126
3695464
3695663
3695811
3695996
3696152
3696339
3696816
3697111
3697230
3697340
3697469
3697662
3697804
3698217
3698353
3698462
3698551
3698597
3698652
3698675
3698705
3698860
3698967
3699151
3699253
3699444
3699643
3699737
3699841
3699925
3700004
3700091
3700198
3700297
3700490
3700691
3701094
3701191
3701288
3701363
3701454
3701636
3701755
3701856
3702015
3702124
3702171
3702356
3702442
3702536
3702623
3702684
3702895
3702992
3703092
3703306
3703414
3703891
3704217
3704426
3704502
3705069
3705468
3705576
3705677
3705777
3705875
3705976
3706076
3706181
3706289
3706387
3706591
3706807
3706900
3707291
3707500
3707667
3707829
3708030
3708228
3708365
3708697
3709158
3709620
3709721
3710050
3710156
3710210
3710321
3710547
3710941
3711162
3711373
3711677
3711957
3712071
3712178
3712359
3712687
3712780
3712955
3713048
3713141
3713229
3713321
3713374
3713646
3713944
3714051
3714342
3714465
3714712
3714900
3715034
3715271
3715412
3716072
3716333
3716497
3716739
3716874
3717003
3717242
3717454
3717731
3717934
3718174
3718466
3718668
3718914
3719159
3719400
3719542
3719782
3720007
3720153
3720428
3720615
3720712
3720851
3721093
3721332
3721663
3721896
3722121
3722360
3722583
3722806
3723023
3723231
3723424
3723545
3723734
3723875
3724226
3724355
3726376
3726512
3726758
3727039
3727363
3727535
3727787
3727943
3728079
3728200
3728448
3728834
3729073
3729199
3729588
3729982
3730500
3731073
3731496
3731741
3732039
3732317
3734497
3734666
3734821
3734950
3735178
3735558
3735806
3735927
3736089
3736344
3736514
3736768
3736905
3737110
3737495
3737868
3738013
3738065
3738491
3738734
3738933
3739207
3739350
3739599
3739845
3740085
3740285
3740415
3740630
3740801
3741012
3741554
3741776
3741834
3741849
3741924
3742261
3742406
3742569
3742691
3742951
3743208
3743454
3743598
3743850
3744066
3744321
3744467
3744741
3745023
3745258
3745587
3745843
3746090
3746637
3746775
3747040
3747824
3748174
3748609
3749035
3749210
3749453
3749726
3749874
3750129
3750377
3750513
3750663
3750852
3751135
3751396
3751645
3752291
3752587
3752833
3753041
3753289
3753428
3753559
3755628
3755764
3755907
3756085
3756217
3756359
3756421
3756561
3756695
3756858
3756994
3757241
3757384
3757645
3757788
3757907
3758226
3758482
3758752
3759054
3759360
3759822
3760064
3760411
3760597
3760809
3761034
3761381
3761669
3762122
3762351
3762570
3762807
3763067
3763315
3763466
3763905
3764016
3764243
3764618
3765005
3765461
3765718
3766203
3766457
3766592
3766835
3766991
3767206
3767332
3767446
3767848
3768113
3768483
3768614
3768742
3768869
3769114
3769165
3769209
3769336
3769576
3769805
3769931
3770413
3770676
3770912
3771163
3771513
3772173
3772477
3772603
3772715
3772849
3773008
3773156
3773283
3773414
3773441
3773569
3773698
3773801
3773893
3774004
3774132
3774225
3774231
3774255
3774294
3774419
3774760
3774879
3774920
3775037
3775149
3775213
3775334
3775583
3775825
3775937
3776046
3776154
3776265
3776455
3776796
3776917
3777169
3777558
3777677
3777789
3777898
3777991
3778215
3778390
3778516
3779116
3779415
3779944
3780032
3780263
3780437
3780681
3780793
3780908
3781158
3781345
3781533
3781864
3782361
3782616
3782780
3782896
3783268
3783520
3783782
3784014
3784132
3784347
3784480
3784715
3784800
3784819
3785126
3786190
3786248
3786256
3786494
3786598
3786853
3786962
3786967
3787344
3787609
3787837
3787995
3789042
3789918
3790177
3790294
3790409
3790724
3790929
3790990
3791245
3791506
3791765
3791884
3792056
3792166
3792331
3792878
3792994
3793105
3793213
3793323
3793434
3793524
3793618
3793750
3793990
3794306
3794421
3794647
3794807
3794919
3795094
3795224
3795334
3795789
3796176
3796286
3796408
3796645
3796749
3796841
3797096
3797504
3797730
3797838
3797857
3798169
3798485
3798615
3798841
3798968
3799218
3799404
3800016
3800147
3800578
3800791
3800935
3801079
3801188
3801436
3801628
3801881
3801996
3802076
3802195
3802446
3802683
3803000
3803110
3803208
3803430
3803608
3803835
3804042
3804117
3804368
3804557
3804792
3805528
3805772
3805996
3806364
3806600
3806732
3807015
3807403
3807652
3807900
3808505
3808719
3808969
3809141
3809233
3809481
3809752
3809992
3810401
3810557
3810667
3810930
3811413
3811818
3812072
3812313
3812441
3812682
3812812
3813061
3813303
3813427
3813566
3813713
3813968
3814216
3814555
3816389
3816681
3816886
3817139
3817258
3817467
3817782
3818032
3818279
3818487
3818814
3818940
3819319
3819485
3819752
3819891
3820301
3820435
3820685
3820878
3821068
3821317
3821419
3821675
3822047
3822291
3822586
3822791
3822934
3823214
3823463
3824457
3824620
3824743
3824989
3825267
3825501
3825755
3825968
3826218
3826502
3826757
3826988
3827089
3827205
3827482
3827611
3827863
3828072
3828187
3828507
3828739
3829064
3829308
3829786
3830054
3830301
3830970
3831119
3831280
3831524
3831730
3831851
3831987
3832099
3832164
3832415
3832494
3832600
3832765
3833256
3834252
3834529
3834758
3835199
3835408
3835780
3836302
3836704
3836946
3837020
3837654
3837777
3838026
3838339
3838541
3838810
3839143
3839299
3839516
3839700
3839834
3839951
3840070
3840193
3840716
3840754
3840868
3840981
3841956
3842074
3842193
3842322
3842446
3842449
3842565
3842662
3842724
3842824
3842976
3843230
3843477
3843730
3843905
3844712
3844995
3845409
3845904
3846162
3846411
3846580
3846923
3847124
3847377
3847607
3847744
3847958
3848049
3848128
3848343
3848548
3848793
3849042
3849185
3849594
3849712
3849791
3849895
3850090
3850462
3850651
3850908
3850997
3851264
3851631
3851753
3852003
3852397
3852605
3852874
3852990
3853107
3853542
3853797
3853934
3854170
3854277
3854518
3854695
3854888
3855114
3855263
3855484
3855736
3855972
3856645
3856800
3856917
3857172
3857285
3857407
3857660
3857833
3858110
3858257
3858420
3858753
3858957
3859234
3859570
3859814
3860240
3860371
3860477
3860495
3860609
3860711
3860814
3860922
3861025
3861136
3861161
3861271
3861690
3861937
3862285
3862476
3862796
3863049
3863237
3863345
3863465
3863719
3863939
3864118
3864382
3864487
3864532
3864774
3865095
3865335
3865582
3865834
3865948
3866122
3866370
3866606
3866827
3866957
3867152
3867372
3867624
3867741
3867854
3867969
3868188
3868380
3868433
3868550
3868750
3868990
3869596
3869844
3870030
3870287
3870536
3870825
3870970
3871120
3871359
3871490
3871706
3871941
3872190
3872304
3872413
3872523
3872781
3872926
3873237
3873623
3873864
3874308
3874429
3874550
3874808
3874933
3875344
3875648
3875763
3876531
3876718
3876824
3876858
3877023
3877176
3877421
3877674
3877891
3878577
3879047
3879296
3879588
3879778
3880346
3880542
3880695
3880934
3881118
3881235
3881465
3881790
3882048
3882235
3882503
3882813
3883263
3883446
3883633
3883826
3884075
3884349
3884488
3884617
3884788
3884938
3885064
3885212
3885416
3885564
3885731
3885848
3885996
3886113
3886485
3886729
3886975
3887223
3887572
3887824
3888368
3888665
3890054
3890310
3890555
3890816
3891086
3891324
3891574
3891916
3892135
3892604
3892892
3893136
3893363
3893591
3893716
3893869
3894131
3894815
3895020
3895156
3895445
3896358
3896528
3896965
3897264
3898453
3898753
3898988
3899438
3899605
3900400
3900535
3900785
3901034
3901419
3901971
3902146
3902301
3902737
3902870
3903120
3903600
3903757
3903980
3904146
3904390
3904525
3904957
3905227
3905361
3905500
3905549
3905678
3905807
3906194
3906418
3906755
3907004
3907379
3907920
3908054
3908299
3908421
3908461
3908725
3909206
3909344
3909686
3909866
3910177
3910355
3910606
3910839
3913051
3913309
3913393
3913755
3913892
3914023
3914032
3914170
3914461
3914961
3915091
3915227
3915538
3915667
3917105
3917240
3917380
3917470
3917607
3917740
3917788
3917909
3918040
3918089
3918335
3918588
3918835
3918969
3919012
3919257
3919482
3919606
3919876
3920029
3920226
3920461
3920711
3920857
3921059
3921274
3921610
3921756
3921885
3922223
3922594
3922845
3922948
3923015
3923037
3923045
3923350
3923513
3923831
3924048
3924363
3925838
3926091
3926272
3926507
3926754
3926985
3927109
3927354
3927563
3927912
3928082
3928357
3928596
3928715
3928841
3929083
3929303
3929423
3929539
3929558
3929681
3929796
3929886
3930318
3930524
3930861
3931005
3931366
3931713
3932080
3932479
3932723
3932914
3933008
3933090
3933212
3933439
3933642
3933859
3933971
3934084
3934229
3934386
3934487
3934737
3935033
3935283
3935423
3935720
3936051
3936157
3936359
3936740
3936988
3937170
3937495
3937872
3938119
3938248
3938481
3938586
3938836
3939062
3939292
3939646
3939771
3940112
3940310
3940435
3940676
3941181
3941282
3941412
3941532
3941776
3942180
3942783
3943041
3943281
3943541
3943781
3944325
3944548
3944711
3945323
3945471
3945631
3945770
3945861
3946012
3946154
3946288
3946426
3946542
3946809
3946989
3947215
3947380
3947628
3948002
3948242
3948737
3948985
3949230
3949473
3949702
3949833
3950081
3950275
3950518
3950792
3951207
3951340
3951479
3951725
3951942
3952393
3952613
3952896
3953198
3953934
3954178
3954593
3954843
3955301
3955483
3955724
3955859
3956191
3956364
3956620
3956871
3957119
3957311
3957447
3957882
3958273
3958415
3958550
3958676
3958887
3959415
3959680
3959917
3960029
3960276
3960408
3960516
3960816
3960926
3961175
3961419
3961475
3961534
3961790
3962035
3962307
3962646
3962831
3963175
3963293
3963547
3963837
3964116
3964385
3964621
3964849
3965163
3965375
3965698
3965764
3965834
3966066
3966287
3966388
3966483
3966742
3966990
3967239
3967351
3967471
3967721
3969093
3969486
3969870
3969995
3970251
3970373
3970803
3971159
3971423
3971662
3971898
3972133
3972279
3972385
3972662
3972911
3973244
3973344
3973472
3973589
3973837
3973965
3974077
3974311
3974561
3974808
3974921
3975161
3975295
3975515
3975714
3975970
3976140
3976425
3977042
3977301
3977551
3977904
3978154
3978415
3978852
3979122
3979274
3979389
3979523
3979682
3979805
3979926
3980024
3980045
3980094
3980217
3980383
3980493
3980742
3981088
3981333
3981573
3981960
3982656
3982889
3983136
3983377
3983519
3983874
3984168
3984230
3984393
3984771
3985018
3985240
3985383
3986510
3986908
3987232
3987483
3987728
3987967
3988373
3988719
3988851
3989052
3989309
3989476
3989783
3990044
3990104
3990253
3990333
3990512
3991331
3991631
3991965
3992242
3992351
3992624
3992852
3993222
3993495
3993618
3993660
3993889
3994319
3994476
3994665
3994812
3994958
3995078
3995222
3995406
3995552
3995723
3995906
3996053
3996202
3997606
3997871
3998266
3999174
4000185
4000404
4000624
4001103
4001358
4001605
4001707
4002067
4002717
4003176
4003427
4003677
4003919
4004967
4005143
4005392
4005587
4005787
4006086
4006329
4006574
4006857
4007161
4007416
4007631
4008038
4008285
4008505
4008750
4008982
4009506
4009667
4009824
4010136
4010383
4010643
4010896
4011230
4011874
4012229
4012536
4013104
4013341
4013439
4013680
4013779
4014448
4014797
4015046
4015148
4015238
4015493
4015740
4015953
4016055
4016310
4016433
4016685
4016918
4017026
4017126
4017183
4017394
4017498
4017590
4017678
4017917
4018018
4018233
4018462
4018577
4018676
4018749
4018835
4018960
4019047
4019131
4019359
4019583
4019777
4021294
4021549
4021655
4021756
4021988
4023330
4023544
4023571
4023672
4023925
4023930
4024175
4024502
4024619
4024681
4024782
4024887
4025056
4025153
4025397
4025682
4025766
4025842
4025934
4026070
4026160
4026268
4026357
4026427
4026486
4026568
4026640
4026724
4026800
4026872
4026971
4027071
4027145
4027240
4027332
4027423
4027498
4027663
4027673
4027776
4027853
4027944
4028210
4028291
4028552
4028790
4028857
4028907
4028992
4029243
4029327
4029592
4029784
4030100
4030551
4031195
4031437
4031722
4031954
4032174
4032413
4032931
4033127
4033321
4033852
4034104
4034508
4034758
4035151
4035406
4035947
4036281
4036713
4036981
4037238
4037272
4037662
4037923
4038285
4038855
4039113
4039287
4039454
4039696
4039893
4040127
4040232
4040414
4040576
4040733
4040902
4041004
4041192
4041333
4041447
4041614
4041791
4042042
4042437
4042721
4042815
4043150
4043337
4044081
4044326
4044514
4044938
4045269
4045529
4045710
4045958
4046318
4046994
4047520
4047909
4048070
4048143
4048391
4048673
4048824
4049186
4050231
4050478
4050720
4050934
4051236
4051342
4051872
4052199
4052410
4052903
4053243
4053445
4053561
4053821
4054238
4054499
4054672
4054827
4055107
4055362
4055526
4055777
4055932
4056427
4056590
4056624
4056817
4057064
4057327
4057597
4058080
4058233
4058495
4058760
4059248
4059398
4059652
4059897
4060213
4060351
4060484
4060585
4060793
4060922
4061031
4061167
4061295
4061429
4061708
4061957
4062208
4062554
4062686
4063174
4063341
4063652
4063820
4064025
4064349
4064511
4064783
4065033
4065261
4065420
4065555
4065882
4066006
4066137
4066270
4066390
4066505
4066948
4067336
4067741
4067889
4068119
4068367
4069210
4069422
4069557
4069686
4070165
4070547
4071037
4071291
4071421
4071609
4071741
4071986
4072033
4072274
4072415
4072632
4073009
4073146
4073399
4073500
4073590
4075462
4075601
4075729
4075926
4076287
4076537
4076724
4076807
4077006
4077296
4077523
4077652
4077927
4078435
4078959
4079224
4079610
4080017
4080264
4080591
4080844
4081088
4081336
4081572
4081699
4081898
4082033
4082158
4082286
4082642
4082828
4082875
4083007
4083086
4083208
4083440
4083770
4083909
4084214
4084647
4085162
4085411
4085588
4085714
4086114
4086366
4086622
4086863
4087117
4087359
4087672
4087869
4088240
4088608
4089158
4089404
4089644
4089781
4089797
4090187
4090537
4090879
4091349
4091491
4091990
4092171
4092248
4092379
4092668
4092798
4092971
4093112
4093380
4093508
4093634
4093760
4094026
4094468
4094606
4095030
4095550
4095783
4095914
4096159
4096323
4096647
4097029
4097275
4097517
4097913
4098086
4098346
4098466
4098681
4098814
4098937
4099060
4099308
4099746
4099923
4100079
4100581
4100879
4101003
4101231
4101406
4101766
4102036
4102325
4102451
4102577
4102716
4102831
4102954
4103068
4103176
4103292
4103461
4103618
4103748
4103859
4103973
4104085
4104206
4104483
4104597
4104844
4104946
4105183
4105443
4105545
4105592
4105741
4105910
4106350
4106586
4107045
4107335
4107833
4108314
4108426
4108698
4108998
4109351
4109697
4109943
4110557
4110841
4110965
4111125
4111266
4111361
4111448
4111527
4111747
4111826
4111929
4112026
4112270
4112537
4112835
4113685
4113930
4114144
4114529
4114763
4114868
4115168
4115284
4115394
4115492
4115764
4116116
4116231
4116345
4116457
4116746
4116866
4117305
4117565
4117709
4118214
4118987
4119275
4119413
4119694
4119809
4119908
4120156
4120471
4120860
4120942
4121075
4121221
4121491
4121594
4121703
4121954
4122069
4122185
4122427
4122702
4122913
4123039
4123137
4123372
4124844
4125030
4125169
4125331
4125447
4125548
4125694
4125842
4125980
4126083
4126182
4126266
4126299
4126582
4126720
4126988
4127543
4127791
4128031
4128152
4128245
4128360
4128469
4128714
4128869
4130477
4130591
4130839
4131038
4131150
4131280
4131394
4131487
4131741
4131995
4132851
4133101
4133247
4133348
4133423
4133535
4133636
4133731
4133832
4133967
4134064
4134294
4134444
4134699
4134938
4135042
4135299
4135560
4135688
4135873
4136186
4136434
4136688
4136960
4137203
4137516
4137758
4138584
4138838
4138959
4139213
4139327
4139441
4139567
4139816
4140060
4140560
4140837
4141242
4141387
4141711
4141803
4141919
4142168
4142465
4142749
4142987
4143084
4143115
4143337
4143600
4144225
4144451
4144715
4144956
4145109
4145443
4146159
4146498
4146810
4147052
4147166
4147402
4147651
4147905
4148014
4148191
4148426
4148551
4148807
4149298
4149416
4149533
4149782
4150296
4150885
4151319
4151512
4151603
4151966
4152205
4152342
4152588
4152730
4152872
4153125
4153506
4153669
4153785
4153891
4154136
4154251
4154362
4154451
4154558
3683044
3683118
3683204
3683395
3683476
3683569
3684878
3685044
3685194
3685388
3685489
3685691
3685855
3686123
3686212
3686342
3686868
3686986
3687063
3687120
3687208
3687569
3687662
3687711
3687813
3687891
3688034
3688372
3688545
3688690
3688772
3689043
3689134
3689224
3689866
3690082
3690265
3690372
3690460
3690494
3690578
3690829
3690994
3691113
3691284
3691386
3691477
3691556
3691731
3691901
3692531
3692708
3692823
3692919
3693100
3693326
3693444
3693534
3693617
3693658
3693687
3693759
3694281
3694469
3694564
3694602
3695060
3695206
3695290
3695383
3695566
3695764
3695938
3696087
3696270
3696410
3696524
3696613
3696695
3696902
3697002
3697450
3697654
3697795
3697989
3698249
3698348
3698457
3698549
3698594
3698651
3698690
3698720
3698915
3699117
3699246
3699439
3699635
3699733
3699836
3700100
3700207
3700304
3700497
3700593
3701100
3701197
3701295
3701368
3701458
3701641
3701762
3701865
3702068
3702177
3702364
3702451
3702545
3702631
3702695
3702903
3703001
3703098
3703313
3703423
3703900
3704224
3704434
3704507
3705074
3705169
3705275
3705375
3705481
3705586
3705680
3705780
3705880
3706025
3706080
3706186
3706295
3706393
3706596
3706811
3706902
3706923
3707297
3707509
3707671
3707833
3708550
3708703
3709162
3709625
3709726
3710056
3710162
3710287
3710326
3710551
3710948
3711166
3711380
3711683
3711960
3712075
3712182
3712367
3712691
3712785
3712961
3713052
3713146
3713237
3713344
3713445
3713949
3714176
3714203
3714507
3714738
3715113
3715526
3715640
3715747
3715852
3715944
3716149
3716248
3716593
3717154
3717408
3717605
3717774
3717983
3718327
3718523
3718715
3718988
3719322
3719326
3719711
3719896
3720038
3720349
3720967
3721247
3721441
3721545
3721781
3722012
3722233
3722470
3722659
3722880
3723100
3723315
3723630
3723994
3724111
3724422
3724584
3724717
3724857
3724982
3725159
3725278
3725399
3725515
3725678
3725799
3725918
3726033
3726156
3726589
3726839
3727083
3727241
3727667
3728358
3728571
3728695
3728945
3729315
3729462
3729713
3729847
3730112
3730237
3730356
3730569
3730693
3730841
3730953
3731188
3731306
3731328
3731619
3731876
3732139
3732405
3732599
3732758
3732895
3733021
3733153
3733278
3733398
3733519
3733638
3733760
3733879
3734021
3734138
3734247
3734362
3735044
3735338
3735424
3735678
3735823
3736217
3736642
3737035
3737220
3737362
3737618
3737730
3738124
3738350
3738571
3738800
3739081
3739462
3739712
3739955
3740183
3740495
3740813
3740959
3741046
3741241
3741311
3741401
3741612
3741854
3741962
3742063
3742736
3742987
3743245
3743637
3744162
3744527
3744779
3745338
3745628
3745883
3746135
3746244
3746435
3746813
3747149
3747615
3747624
3747886
3748050
3748237
3748338
3748440
3748666
3748778
3748889
3749249
3749527
3749913
3750164
3750914
3751177
3751432
3751684
3751808
3751933
3752046
3752297
3752416
3752595
3752839
3753059
3753715
3753833
3753964
3754082
3754200
3754382
3754423
3754553
3754667
3754718
3754834
3754981
3755091
3755203
3755266
3755401
3757428
3757434
3757806
3758055
3758337
3758573
3758796
3759065
3759179
3759395
3759577
3759832
3760095
3760201
3760301
3760624
3760952
3761185
3761414
3761639
3761889
3762003
3762158
3762385
3762613
3762881
3763119
3763500
3763627
3763728
3763761
3763790
3764130
3764404
3764912
3765161
3765375
3765651
3766113
3766368
3766490
3766525
3766748
3766856
3766967
3767133
3767245
3767361
3767474
3767538
3767656
3767736
3768003
3768258
3768381
3768943
3769187
3769539
3769768
3770082
3770201
3770289
3770543
3770551
3770797
3771052
3771296
3771407
3771648
3771770
3771887
3772002
3772062
3772307
3772364
3774466
3774605
3774736
3775467
3775708
3776335
3776572
3776699
3776967
3777285
3777424
3778110
3778647
3778788
3778921
3779063
3779250
3779407
3779911
3780126
3780295
3780548
3780878
3781128
3781212
3781468
3781591
3781728
3781981
3782112
3782245
3782494
3782739
3782941
3783167
3783384
3783631
3783855
3784199
3784586
3784853
3784914
3785165
3785507
3785644
3786344
3786718
3787027
3787580
3787698
3787933
3788078
3788220
3788328
3788463
3788598
3788726
3788871
3788978
3789236
3789330
3789463
3789594
3789732
3789803
3790054
3790451
3790615
3790849
3791160
3791412
3791674
3791943
3792271
3792510
3792632
3792767
3792973
3793817
3794068
3794208
3794545
3795022
3795197
3795494
3795633
3795641
3796555
3797000
3797253
3797385
3797639
3797925
3798066
3798320
3798558
3798800
3799142
3799287
3799540
3799678
3799809
3799930
3800137
3800323
3800490
3800712
3801008
3801260
3801513
3801774
3802325
3802547
3802790
3802928
3803313
3803549
3803818
3804228
3804638
3804924
3805064
3805089
3805220
3805270
3805303
3805444
3805666
3805861
3806241
3806537
3806839
3807296
3807308
3807552
3807794
3808046
3808173
3808301
3808416
3808640
3808766
3809055
3809405
3809652
3809891
3810212
3810476
3810530
3810581
3810794
3811009
3811130
3811256
3811527
3811673
3811926
3812178
3812542
3812917
3813147
3813799
3814054
3814352
3814630
3814767
3814901
3815029
3815164
3815293
3815373
3815499
3815571
3815708
3815839
3815881
3816013
3816084
3816209
3816251
3816275
3816524
3816786
3816990
3817309
3817566
3817687
3817900
3818144
3818365
3818530
3818873
3818877
3819152
3819575
3819978
3820103
3820222
3820523
3820722
3821170
3821323
3821575
3821802
3821915
3822168
3822438
3822691
3822983
3823281
3823525
3823710
3823824
3823938
3824039
3824079
3824206
3824321
3824429
3824843
3825177
3825435
3825691
3825813
3826068
3826314
3826598
3826812
3827047
3827387
3827740
3827975
3828378
3828388
3828540
3828895
3829141
3829185
3829437
3829550
3829641
3829889
3830152
3830334
3830557
3830666
3830760
3830838
3831382
3831632
3832308
3832758
3832966
3834818
3834867
3834971
3835053
3835298
3835519
3836230
3836752
3837049
3837284
3837428
3837591
3837975
3838247
3838491
3838734
3838928
3839062
3839476
3841089
3841229
3841367
3841510
3841740
3841873
3843154
3843408
3843659
3843992
3844165
3844343
3844506
3844638
3844878
3845177
3845344
3845585
3845755
3846078
3846345
3846623
3846861
3847101
3847245
3847396
3847613
3847889
3848111
3848325
3848531
3848728
3849006
3849359
3849519
3850004
3850245
3850395
3850732
3851188
3851433
3851569
3851920
3852184
3852322
3852695
3852833
3853227
3853364
3853736
3854118
3854384
3855433
3855647
3855898
3856132
3856265
3856394
3856568
3857089
3857587
3857763
3858019
3858322
3858591
3858840
3859084
3859335
3859464
3859719
3860001
3861464
3861633
3861894
3862140
3862213
3862425
3862685
3862946
3863187
3863672
3863927
3864110
3864298
3864731
3864974
3865297
3865692
3866115
3866399
3866636
3866855
3866985
3867178
3867403
3867656
3867774
3867888
3868103
3868294
3868407
3868527
3868578
3868778
3869019
3869627
3869870
3870061
3870318
3870565
3870852
3871005
3871387
3871517
3871710
3871951
3872241
3872339
3872450
3872699
3872954
3873178
3873421
3873656
3873893
3874205
3874460
3874579
3874836
3874964
3875377
3875683
3875920
3876568
3876743
3876835
3877046
3877188
3877442
3877921
3878613
3879080
3879332
3880060
3880384
3880577
3880624
3880865
3881144
3881310
3881478
3881615
3881883
3882352
3882591
3883015
3883274
3883686
3883958
3884208
3886240
3886374
3886618
3886860
3887109
3887355
3887610
3887850
3888016
3888164
3888452
3888726
3888874
3889010
3889131
3889219
3889345
3889460
3889614
3889757
3889885
3889939
3890114
3890363
3890622
3890882
3891138
3891580
3891771
3892008
3892260
3892393
3892682
3892934
3893181
3893419
3893932
3894161
3894350
3894479
3894613
3894849
3894957
3894988
3895304
3895608
3895741
3895864
3895983
3896101
3896227
3897102
3897320
3897452
3897695
3897818
3897951
3898089
3898217
3898470
3898902
3899143
3899277
3899485
3899683
3899839
3899952
3900149
3900274
3900574
3900823
3901086
3901210
3901441
3901677
3901794
3901922
3902312
3902459
3902557
3902914
3903163
3903289
3903386
3903615
3903727
3904163
3904565
3904739
3905012
3905855
3906059
3906308
3906483
3906611
3906848
3907049
3907172
3907410
3907603
3907726
3908091
3908489
3908758
3908880
3908986
3909385
3909502
3909746
3909962
3910075
3910284
3910529
3910773
3910977
3911741
3911942
3912266
3912375
3912478
3912581
3912817
3912924
3913174
3913443
3913674
3914285
3914616
3914768
3914882
3915327
3915436
3915810
3915928
3915981
3916104
3916211
3916315
3916407
3916506
3916620
3916678
3916782
3916895
3916999
3918238
3918490
3918736
3919143
3919765
3920104
3920289
3920500
3920631
3920769
3920970
3921136
3921240
3921385
3921510
3921915
3922116
3922341
3922461
3922712
3923129
3923263
3923471
3923664
3923762
3923967
3924212
3924323
3924537
3924649
3924772
3924877
3925006
3925106
3925223
3925344
3925442
3925558
3925663
3925778
3925980
3926229
3926442
3926628
3926864
3927057
3927246
3927389
3927543
3927777
3927885
3928046
3928224
3928496
3928978
3929213
3930044
3930168
3930280
3930647
3930772
3931026
3931128
3931252
3931498
3931608
3931853
3931976
3932225
3932339
3932450
3932698
3932786
3932856
3932985
3933380
3933533
3933766
3934592
3934839
3935076
3935204
3935616
3935773
3936110
3936428
3936826
3937249
3937578
3937955
3938199
3938330
3938572
3938851
3939112
3940169
3940371
3940503
3941157
3941356
3941501
3941847
3942255
3942866
3943125
3943386
3943640
3943915
3944419
3944790
3945409
3945565
3945717
3945943
3946229
3946363
3946497
3946666
3946974
3947211
3947459
3947705
3948079
3948313
3948809
3949055
3949318
3949559
3949785
3949925
3950193
3950439
3950633
3951170
3951311
3951449
3951581
3951839
3952089
3952497
3952649
3952966
3953293
3954025
3954685
3954931
3955385
3955633
3955820
3956269
3956462
3956717
3956970
3957234
3957409
3957931
3958375
3958510
3958647
3958959
3959197
3959338
3959606
3959853
3960258
3960455
3960692
3961113
3961357
3961772
3962020
3962435
3962581
3963015
3963375
3963729
3964024
3964295
3964541
3964783
3965089
3965542
3965705
3965809
3966100
3966746
3966995
3967243
3967356
3967644
3968331
3968829
3968941
3969153
3969542
3969878
3970003
3970259
3970381
3970812
3971168
3971429
3971668
3971906
3972161
3972289
3972396
3972672
3972920
3973258
3973354
3973481
3973597
3973846
3973970
3974081
3974334
3974571
3974819
3975061
3975201
3975316
3975656
3975784
3976014
3976175
3976431
3977050
3977298
3977557
3977912
3978164
3978424
3978862
3979131
3979282
3979396
3979528
3979688
3979811
3979933
3980027
3980049
3980104
3980220
3980389
3980500
3980748
3981094
3981339
3981577
3981656
3981971
3982075
3982206
3982447
3982753
3983043
3983253
3983652
3983816
3984048
3984115
3984137
3984515
3984587
3984856
3985069
3985490
3986338
3986442
3988587
3988927
3989082
3989327
3989730
3989992
3990399
3990486
3990742
3990870
3991075
3991650
3991843
3992150
3992550
3992735
3993010
3993138
3993402
3993631
3993857
3994085
3994222
3996370
3996477
3996635
3996769
3996872
3996975
3997052
3997167
3997449
3997524
3997778
3998046
3998150
3998431
3998677
3998916
3999034
3999286
3999392
3999509
3999716
3999828
3999980
4000129
4000266
4000536
4000545
4000794
4000909
4001020
4001274
4001575
4001867
4002008
4002226
4002366
4002465
4002562
4002680
4002904
4002984
4003088
4003345
4003593
4003837
4004075
4004176
4004269
4004364
4004473
4004609
4004692
4004776
4004873
4005308
4005503
4005847
4006010
4006170
4006426
4006663
4006766
4007016
4007333
4007561
4007851
4007950
4008205
4008418
4008666
4008901
4009104
4009255
4009343
4009449
4009744
4010072
4010292
4010546
4010803
4011045
4011149
4011373
4011511
4011597
4011699
4011791
4012020
4012150
4012436
4012585
4013157
4013396
4013487
4013733
4013834
4014501
4014857
4015103
4015206
4015296
4015567
4015815
4016011
4016118
4016367
4016493
4016974
4017081
4017203
4017440
4017639
4017892
4017970
4018070
4018309
4018567
4018669
4018761
4018887
4018980
4019084
4019177
4019405
4019626
4019823
4021342
4021602
4021716
4021806
4022051
4022141
4022233
4022325
4022427
4022527
4022621
4022710
4022804
4022904
4023157
4023256
4023512
4023620
4023726
4023979
4024227
4024558
4024731
4024852
4025112
4025209
4025450
4025738
4025890
4026030
4026475
4026562
4026657
4026765
4026847
4026940
4027035
4027129
4027222
4027375
4027489
4027586
4027735
4027833
4027903
4027996
4028247
4028340
4028769
4028870
4028953
4028969
4029042
4029315
4029407
4029653
4030086
4030602
4030819
4030915
4030922
4031006
4031367
4031385
4031565
4031792
4032029
4032587
4032684
4032774
4032831
4033190
4033462
4033543
4033663
4033752
4034018
4034219
4034230
4034325
4034334
4034652
4034961
4035047
4035303
4035501
4035587
4035672
4035731
4035755
4035857
4036045
4036128
4036381
4036530
4036619
4036875
4037154
4037406
4037497
4037580
4037745
4038116
4038200
4038281
4038503
4038575
4038653
4038757
4038904
4039506
4039771
4040027
4041934
4042186
4042292
4042621
4042886
4043068
4043251
4043499
4043605
4043680
4043780
4044251
4044405
4044651
4044749
4044831
4045074
4045158
4045428
4045594
4045847
4046157
4046293
4046587
4046678
4046779
4046866
4047122
4047237
4047330
4047415
4047668
4047829
4048292
4048528
4048979
4049076
4049327
4049417
4049521
4049609
4049702
4049794
4049879
4049962
4050083
4051173
4051421
4051572
4051981
4052283
4052500
4052987
4053325
4053641
4054076
4054584
4054752
4054911
4055191
4055442
4055607
4055853
4056141
4056512
4056612
4056899
4057147
4057416
4057681
4057908
4058067
4058231
4058508
4058837
4059145
4059385
4059528
4060008
4060320
4060458
4060649
4060884
4061015
4061141
4061267
4061399
4061654
4061944
4062312
4062662
4063049
4063297
4063461
4063760
4064045
4064458
4064618
4064895
4065238
4065512
4065972
4066127
4066261
4066406
4066564
4066945
4067198
4067453
4067841
4068221
4068596
4068955
4069202
4069465
4069680
4070268
4070656
4071142
4071395
4071678
4071844
4072127
4072339
4072612
4073118
4073249
4073564
4075571
4075710
4076141
4076395
4076760
4077036
4077402
4077624
4077866
4078148
4078538
4079102
4079338
4079719
4080130
4080377
4080709
4080956
4081204
4081451
4081765
4082430
4082574
4083346
4084018
4084321
4084496
4084761
4084911
4085017
4085268
4085785
4086013
4086269
4086474
4086722
4086911
4087177
4087397
4087532
4087769
4088000
4088112
4088308
4088472
4088718
4088830
4088896
4089014
4089262
4089508
4089871
4089918
4090093
4090336
4090576
4090747
4090983
4091101
4091218
4091395
4091599
4091748
4091869
4092581
4093237
4093966
4094218
4094335
4094700
4094903
4095197
4095312
4095429
4095672
4095994
4096439
4096542
4096757
4096917
4097190
4097718
4097846
4098140
4098533
4099167
4099408
4099551
4099801
4100226
4100357
4100474
4100713
4101186
4101437
4101636
4101897
4102222
4104341
4104703
4105055
4105327
4105675
4106055
4106221
4106467
4106794
4106949
4107226
4107483
4107625
4107868
4108003
4108139
4108535
4108877
4109083
4109339
4109494
4109794
4110052
4110332
4110458
4110709
4111535
4112116
4112284
4112418
4112649
4112859
4113020
4113144
4113211
4113326
4113464
4113699
4113744
4114229
4114409
4114656
4114951
4115085
4115538
4115786
4115954
4116517
4116913
4117118
4117364
4117819
4117962
4118096
4118302
4118424
4118503
4118648
4118695
4118775
4119258
4119479
4119941
4120232
4120489
4120710
4121242
4121740
4122289
4122453
4122652
4122758
4123155
4123392
4123550
4123702
4123758
4123905
4124054
4124088
4124237
4124346
4124437
4124533
4124676
4126393
4126749
4127009
4127233
4127379
4127561
4127815
4128489
4128729
4128970
4129109
4129154
4129312
4129463
4129585
4129735
4129871
4129944
4130088
4130233
4130611
4130862
4131572
4131822
4132050
4132192
4132332
4132471
4132611
4132740
4132882
4133147
4134327
4134476
4134732
4135072
4135374
4135716
4136161
4136405
4136660
4136934
4137178
4137417
4137733
4138123
4138366
4138473
4138783
4138906
4139160
4139273
4139486
4139593
4139795
4140040
4140258
4140624
4141195
4141380
4141704
4141781
4141896
4142142
4142442
4142725
4142970
4143068
4143170
4143465
4144200
4144427
4144667
4144931
4145071
4145173
4145431
4146144
4146323
4146589
4146816
4147034
4147146
4147386
4147635
4147884
4147995
4148100
4148175
4148408
4148532
4148783
4149132
4149287
4149396
4149512
4149756
4150271
4150861
4151297
4151488
4151596
4151622
4151941
4152182
4152318
4152561
4152702
4152817
4153066
4153173
4153402
4153648
4153765
4153865
4154115
4154230
4154339
4154427
4154539
4154787
4154905
4155151
4155404
4155647
4155766
4155997
4156158
4156271
4156445
4156547
4156694
4156920
4156957
4157261
4157449
4157551
4157667
3683038
3683113
3683198
3683364
3683457
3683562
3684872
3685038
3685187
3685381
3685477
3685682
3685848
3686114
3686205
3686334
3686862
3686984
3687059
3687105
3687190
3687562
3687656
3687898
3688027
3688365
3688485
3688537
3688648
3688749
3688994
3689083
3689170
3689271
3689858
3690074
3690254
3690362
3690421
3690508
3690627
3690822
3690986
3691106
3691276
3691380
3691468
3691546
3691721
3691895
3692521
3692698
3692813
3692908
3693088
3693854
3694678
3695556
3695753
3695927
3696079
3696260
3696402
3696669
3696750
3696922
3697007
3697440
3697643
3697784
3697976
3698238
3698333
3698397
3698477
3698583
3698703
3698847
3698952
3699134
3699234
3699424
3699624
3699720
3699823
3699913
3699994
3700078
3700184
3700286
3700478
3700574
3701081
3701181
3701211
3701302
3701354
3701443
3701626
3701743
3702067
3702156
3702344
3702427
3702521
3702608
3702670
3702878
3702973
3703071
3703286
3703397
3703874
3704076
3704200
3704405
3704495
3705263
3705354
3705459
3705488
3705591
3705675
3705768
3705962
3706058
3706164
3706274
3706371
3706470
3706663
3706789
3706883
3707275
3707483
3707651
3707812
3708014
3708215
3708348
3708565
3708571
3708824
3709619
3709704
3710032
3710139
3710195
3710306
3710524
3710628
3710927
3711146
3711359
3711662
3711941
3712043
3712103
3712331
3712355
3712674
3712767
3712940
3713032
3713126
3713212
3713306
3713358
3713364
3713583
3713929
3714036
3714117
3714179
3714201
3714481
3714714
3714822
3715095
3715506
3715620
3715726
3715825
3715920
3716131
3716231
3716573
3717137
3717394
3717756
3717969
3718197
3718397
3718682
3718790
3718968
3719215
3719601
3719843
3720024
3720224
3720441
3720574
3720647
3720779
3721022
3721198
3721592
3721827
3722053
3722279
3722513
3722719
3722921
3723144
3723356
3723477
3723665
3723781
3723813
3724050
3724278
3724356
3726360
3726498
3726745
3726978
3727297
3727416
3727470
3727594
3727827
3727913
3728012
3728135
3728259
3728499
3729002
3729129
3729253
3729519
3729913
3730432
3731002
3731426
3731673
3731950
3732207
3732463
3732663
3734552
3734603
3734742
3734882
3735103
3735484
3735731
3735847
3735994
3736021
3736148
3736275
3736440
3736575
3736826
3737037
3737302
3737556
3737786
3737936
3738211
3739268
3739407
3739530
3739778
3740014
3740209
3740332
3740561
3740705
3741095
3741433
3741654
3741846
3741892
3742229
3742343
3742453
3742485
3742588
3742809
3743072
3743327
3743470
3743718
3743860
3743963
3744090
3744332
3744469
3744627
3744915
3745055
3745172
3745310
3745482
3745739
3745987
3746276
3746522
3746672
3746928
3747065
3747710
3747831
3747934
3748114
3748497
3748924
3749063
3749093
3749151
3749396
3749615
3749756
3750011
3750248
3750401
3750556
3750694
3750745
3751019
3751285
3751796
3752178
3752474
3752615
3752876
3753054
3753298
3753376
3753479
3753591
3755535
3755673
3755809
3755944
3756263
3756363
3756435
3756577
3756708
3756818
3756923
3757043
3757151
3757288
3757549
3757710
3757892
3758144
3758378
3758649
3758970
3759272
3759508
3759736
3759976
3760329
3760522
3760719
3760844
3761067
3761305
3761539
3761771
3762038
3762278
3762491
3762729
3762987
3763221
3763349
3763440
3763836
3763944
3764172
3764285
3764535
3764915
3765164
3765378
3765635
3766115
3766373
3766494
3766741
3766858
3766970
3767137
3767442
3767565
3767676
3767813
3768030
3768284
3768407
3768971
3769193
3769541
3769769
3770110
3770230
3770346
3770573
3770824
3771076
3771319
3771429
3771672
3771793
3771950
3772082
3772384
3774494
3774633
3775491
3775736
3776363
3776600
3776727
3777001
3777320
3777455
3778141
3778682
3778822
3778939
3779077
3779525
3779792
3779901
3780146
3780322
3780576
3781051
3781245
3781492
3781618
3781757
3782011
3782145
3782279
3782527
3782971
3783196
3783413
3783659
3783889
3784220
3784613
3784880
3785046
3785294
3785540
3785676
3786377
3786386
3786748
3787059
3787298
3787545
3787735
3788037
3788181
3788361
3788498
3788629
3788760
3788931
3789158
3789328
3789462
3789592
3789715
3789801
3790052
3790448
3790598
3790846
3791157
3791411
3791673
3791942
3792270
3792511
3792680
3792802
3793815
3794066
3794388
3794680
3794713
3794887
3795011
3795195
3795328
3795830
3795979
3796380
3796509
3796774
3796896
3797194
3797582
3797790
3798224
3798535
3798678
3798936
3799193
3799484
3800096
3800217
3800654
3800869
3801141
3801424
3801715
3801963
3802159
3802272
3802632
3803056
3803178
3803497
3803765
3804031
3804169
3804420
3804640
3805615
3805960
3806091
3806453
3806689
3807104
3807492
3807738
3808478
3808962
3809177
3809321
3809581
3809837
3810449
3810585
3810893
3811468
3811880
3812131
3812369
3812494
3812742
3812866
3813116
3813357
3813482
3813646
3813768
3813831
3814027
3814274
3814520
3816336
3816736
3816945
3817194
3817518
3817844
3818091
3818335
3818739
3819177
3819384
3819548
3819813
3819950
3820361
3820572
3820942
3821132
3821374
3821736
3822111
3822353
3822651
3822857
3823139
3823426
3823790
3823914
3824030
3824153
3824280
3824425
3824922
3825262
3825526
3825782
3825896
3826150
3826440
3826696
3827017
3827419
3827823
3828470
3828733
3828972
3829375
3829511
3829707
3829963
3830235
3830521
3830658
3831459
3832378
3832848
3833039
3833165
3833494
3833627
3833742
3833925
3834040
3834150
3834455
3834691
3834940
3835130
3835581
3835716
3835952
3836067
3836180
3836419
3836542
3836789
3837014
3837624
3837754
3838011
3838357
3838578
3839105
3839261
3839374
3839591
3839771
3839903
3840055
3840188
3840347
3840461
3840581
3840699
3840824
3840980
3842026
3842163
3842280
3842420
3842553
3842676
3842737
3842763
3842889
3843044
3843300
3843550
3843798
3844045
3844777
3845060
3845478
3845971
3846229
3846534
3846743
3847083
3847475
3847813
3848028
3848064
3848223
3848438
3848843
3849102
3849559
3849703
3849809
3850123
3850505
3850690
3850842
3851038
3851304
3851671
3851791
3852048
3852440
3852647
3852918
3853037
3853433
3853604
3853840
3853955
3854233
3854481
3854735
3854930
3855180
3855301
3855671
3855916
3856687
3856841
3856958
3857217
3857327
3857471
3857876
3858156
3858270
3858432
3858767
3858971
3859263
3859601
3859883
3860149
3860307
3860445
3860568
3860678
3860770
3860876
3860996
3861110
3861230
3861346
3861758
3862004
3862352
3862547
3862863
3863115
3863411
3863546
3863800
3864158
3864445
3864579
3864838
3865153
3865404
3865646
3865895
3866190
3866439
3866674
3866889
3867138
3867426
3867694
3867809
3867926
3868140
3868349
3868483
3868609
3868812
3868842
3869063
3869667
3869916
3870099
3870357
3870599
3870883
3871166
3871424
3871554
3871813
3872060
3872269
3872380
3872707
3873001
3873231
3873611
3873863
3874222
3874513
3874629
3874635
3874889
3875016
3875432
3875736
3875965
3876617
3876843
3877098
3877241
3877625
3877970
3878665
3879133
3879384
3879680
3880435
3880630
3880874
3881190
3881362
3881508
3881641
3881894
3882383
3882649
3882992
3883210
3883529
3884013
3884262
3886306
3886554
3886810
3887058
3887313
3887463
3887714
3887945
3888080
3888221
3888517
3888793
3888938
3889053
3889169
3889331
3889455
3889644
3889818
3889917
3890175
3890447
3890690
3890952
3891202
3891448
3891695
3891965
3892218
3892470
3892762
3893016
3893389
3893903
3894215
3894411
3894547
3894688
3894753
3894944
3895028
3895312
3895671
3895819
3895938
3896033
3896153
3896406
3897183
3897413
3897539
3897666
3897802
3897916
3898049
3898178
3898303
3898554
3898982
3899227
3899464
3899681
3899770
3899900
3900039
3900167
3900554
3900803
3901056
3901184
3901427
3901665
3901784
3901903
3901987
3902223
3902442
3902540
3902896
3903147
3903274
3903373
3903625
3903728
3904158
3904550
3904725
3904998
3905841
3906044
3906293
3906467
3906596
3906874
3907035
3907155
3907395
3907587
3907709
3908074
3908472
3908580
3908744
3908863
3908972
3909376
3909495
3909700
3909955
3910068
3910270
3910515
3910758
3910969
3911732
3911931
3912252
3912361
3912462
3912489
3912592
3912811
3912911
3913159
3913427
3913660
3914271
3914409
3914644
3914765
3914878
3915325
3915439
3915808
3915926
3915979
3916101
3916223
3916368
3916484
3916598
3916676
3916780
3916894
3916994
3918233
3918486
3918833
3919139
3919761
3920023
3920206
3920445
3920627
3920766
3920968
3921134
3921236
3921420
3921508
3921914
3922328
3922624
3922865
3922966
3923021
3923059
3923307
3923517
3923848
3924064
3924380
3925858
3926109
3926290
3926525
3926778
3926929
3927127
3927370
3927580
3927932
3928100
3928377
3928620
3928838
3929097
3929318
3929448
3929574
3929695
3929811
3929903
3930336
3930546
3930875
3931356
3931732
3932099
3932497
3932870
3932981
3933109
3933230
3933468
3933701
3933876
3933989
3934115
3934259
3934383
3934471
3934724
3934981
3935268
3935411
3935709
3936040
3936148
3936348
3936728
3937158
3937481
3937856
3938106
3938235
3938471
3938583
3938827
3939050
3939283
3939635
3939761
3940104
3940300
3940424
3940663
3941174
3941274
3941400
3941524
3941767
3942170
3942773
3943032
3943271
3943531
3943770
3944305
3945311
3945460
3945620
3945758
3945848
3945987
3946141
3946275
3946418
3946530
3946642
3946885
3947381
3947629
3948003
3948244
3948738
3948986
3949231
3949474
3949703
3949835
3949964
3950174
3950423
3950579
3950794
3951212
3951342
3951480
3951728
3951943
3952394
3952614
3952897
3953199
3953936
3954179
3954594
3954844
3955302
3955485
3955725
3955854
3956192
3956365
3956621
3956870
3957122
3957312
3957446
3957884
3958275
3958416
3958551
3958677
3958888
3959119
3959247
3959492
3959622
3959765
3960126
3960558
3960697
3961025
3961263
3961678
3961918
3962165
3962389
3962532
3962921
3963109
3963405
3963646
3963927
3964203
3964453
3964693
3964917
3965034
3965249
3965454
3965614
3965770
3966052
3966543
3966838
3967103
3967506
3967756
3967904
3968035
3968162
3968442
3968572
3968688
3968873
3969209
3969371
3969615
3969754
3970085
3970329
3970557
3970692
3970823
3971022
3971225
3971482
3971775
3972461
3972597
3972844
3973055
3973420
3973781
3974154
3974398
3974651
3974959
3975310
3975550
3975830
3976077
3976359
3976608
3976682
3976811
3976892
3977143
3977394
3977407
3977415
3977650
3977739
3977995
3978241
3978506
3978628
3978709
3978962
3980573
3980825
3981002
3981994
3982377
3982600
3982812
3982957
3983322
3983467
3983501
3983864
3984158
3984227
3984495
3984750
3984999
3985222
3985353
3986492
3986806
3987209
3987460
3987629
3987832
3988212
3988699
3988833
3989048
3989295
3989454
3989526
3990059
3990454
3990614
3991309
3991541
3991768
3991946
3992213
3992362
3992832
3993202
3993475
3993614
3993744
3993915
3994296
3994454
3994616
3994766
3994883
3995027
3995173
3995343
3995475
3995534
3995673
3995819
3995889
3996133
3996217
3997588
3997847
3998244
3998494
3998744
3998959
3999166
3999441
3999538
3999694
3999769
3999875
3999931
4000031
4000082
4000445
4000490
4000731
4000850
4000959
4001214
4001513
4001810
4001944
4002168
4002271
4002316
4002415
4002503
4002579
4002824
4002929
4003036
4003285
4003536
4003808
4004014
4004117
4004224
4004344
4004836
4005257
4005452
4005702
4005954
4006124
4006379
4006615
4006718
4006965
4007092
4007290
4007510
4007801
4007901
4008157
4008368
4008617
4008834
4009062
4009184
4009230
4009306
4009410
4009701
4009908
4010163
4010245
4010502
4010758
4011009
4011232
4011472
4011562
4011660
4011754
4011984
4012108
4012375
4012545
4013112
4013352
4013448
4013689
4013787
4014457
4014807
4015058
4015159
4015249
4015503
4015741
4015963
4016064
4016319
4016442
4016694
4016926
4017034
4017134
4017240
4017480
4017592
4017816
4017924
4018024
4018240
4018628
4018719
4018877
4018970
4019074
4019168
4019396
4019618
4019816
4021333
4021588
4021693
4021798
4022025
4022119
4022202
4022282
4022370
4022457
4022562
4022613
4022702
4022795
4022895
4023150
4023504
4023911
4024165
4024549
4024727
4024845
4025106
4025201
4025568
4025729
4025824
4025886
4026024
4026272
4026366
4026451
4026520
4026602
4026685
4026780
4026929
4027027
4027119
4027214
4027353
4027464
4027538
4027632
4027723
4027823
4027895
4027988
4028239
4028331
4028761
4028850
4028943
4029032
4029280
4029368
4029637
4029671
4030121
4030592
4030809
4030903
4030996
4031077
4031327
4031384
4031398
4031566
4031790
4032028
4032374
4033459
4033609
4033660
4033749
4034016
4034216
4034322
4034411
4034659
4034958
4035044
4035300
4035496
4035580
4035634
4035728
4035813
4035858
4036044
4036052
4036693
4036961
4036998
4037246
4037640
4037900
4038094
4038330
4038961
4039130
4039300
4039547
4039726
4039872
4040113
4040214
4040396
4040559
4040713
4040861
4040998
4041077
4041241
4041427
4041594
4041768
4042022
4042416
4042626
4042834
4043132
4043319
4044063
4044306
4044498
4044920
4045250
4045508
4045688
4045938
4046195
4046374
4046978
4047502
4047756
4047958
4048124
4048374
4048653
4048804
4048872
4049165
4050208
4050458
4050691
4050916
4051219
4051329
4051850
4052179
4052387
4052879
4053220
4053383
4053538
4053796
4053972
4054476
4054650
4054806
4055086
4055344
4055504
4055758
4055912
4056407
4056585
4056798
4057048
4057310
4057578
4057804
4057961
4058121
4058263
4058478
4058738
4059039
4059283
4059698
4059916
4060232
4060370
4060500
4060600
4060810
4060938
4061046
4061182
4061309
4061643
4061901
4062147
4062412
4062732
4063023
4063156
4063557
4063894
4064140
4064312
4064735
4065000
4065265
4065400
4065710
4065850
4066684
4066822
4066994
4067265
4067484
4067666
4068079
4068335
4068573
4068819
4069061
4069405
4069835
4069961
4070088
4070381
4070508
4070775
4070981
4071236
4071573
4071947
4072235
4072563
4072817
4072943
4073368
4073727
4073862
4074000
4074131
4074268
4074421
4074596
4074745
4074925
4075048
4075203
4075327
4075888
4076101
4076251
4076517
4076780
4077046
4077245
4077494
4077535
4077763
4077996
4078257
4078371
4078637
4078751
4078893
4079189
4079432
4079549
4079816
4079975
4080263
4080498
4080741
4081025
4081280
4081538
4081682
4081866
4082464
4082609
4083378
4084049
4084357
4084798
4084945
4085059
4085308
4085818
4086048
4086303
4086553
4086852
4086945
4087483
4087725
4087731
4087945
4088071
4088210
4088428
4088669
4088780
4088887
4088966
4089214
4089461
4089817
4089932
4090076
4090316
4090428
4090590
4090680
4090787
4091023
4091199
4091548
4091719
4091797
4092042
4092531
4093183
4093910
4094163
4094284
4094645
4094849
4095143
4095259
4095376
4095617
4095939
4096383
4096501
4096550
4096748
4096830
4097075
4097336
4097669
4097832
4097986
4098194
4098502
4099129
4099350
4099472
4099534
4099651
4100281
4100301
4100421
4100635
4100751
4101142
4101260
4101497
4101580
4101840
4101912
4102125
4104275
4104637
4105053
4105264
4105616
4105991
4106161
4106410
4106733
4106889
4107100
4107419
4107564
4107691
4107911
4108046
4108180
4108475
4108719
4108941
4109026
4109166
4109440
4109527
4109736
4109994
4110278
4110354
4110485
4110723
4111552
4112131
4112642
4112847
4113645
4113894
4114080
4114193
4114481
4114719
4114829
4114929
4115220
4115330
4115570
4115925
4116067
4116185
4116306
4116402
4116658
4116765
4116904
4117293
4117540
4117654
4117672
4117769
4118244
4118933
4119140
4119365
4119605
4119730
4119830
4120105
4120207
4120442
4120637
4120824
4120927
4121041
4121386
4121502
4121631
4122352
4122590
4122875
4123000
4123100
4124796
4124903
4124911
4124982
4125090
4125276
4125380
4125481
4125581
4125711
4126149
4126232
4126281
4126541
4126677
4126943
4127206
4127499
4127669
4127987
4128083
4128192
4128308
4128423
4128435
4128671
4128822
4128937
4130430
4130536
4130790
4130992
4131328
4131428
4131527
4131791
4132033
4132820
4133064
4133207
4133314
4133416
4133517
4133615
4133695
4133792
4133875
4133936
4134031
4134255
4134406
4134657
4135074
4135377
4135717
4135857
4136198
4136491
4136723
4136869
4137099
4137317
4137623
4137819
4137949
4138176
4138296
4138594
4138973
4139612
4139856
4140098
4140307
4140439
4140677
4140856
4140995
4141246
4141399
4141547
4141960
4142207
4142347
4142509
4142785
4143197
4143437
4143691
4143755
4143871
4143998
4144135
4144255
4144486
4144738
4144987
4145248
4145490
4145615
4145753
4145899
4146194
4146362
4146622
4146861
4147197
4147448
4147942
4148232
4148599
4148848
4149053
4149185
4149634
4149829
4149969
4150100
4150356
4150470
4150512
4150636
4150644
4150715
4150936
4151113
4151245
4151279
4151645
4151776
4152054
4152393
4152904
4153219
4153472
4153940
4154599
4154991
4155264
4155514
4155852
4156088
4156571
4156748
4157049
4157235
4157759
4158003
4158253
4158482
4158617
4158834
4158962
3683182
3683219
3683402
3683484
3683577
3684886
3685051
3685201
3685395
3685499
3685699
3685862
3686130
3686219
3686349
3686875
3687000
3687109
3687215
3687575
3687669
3687778
3687859
3687941
3688039
3688379
3688493
3688540
3688673
3688774
3689049
3689137
3689226
3689874
3690091
3690270
3690380
3690467
3690550
3690806
3691073
3691245
3691393
3691484
3691564
3691740
3691909
3692540
3692806
3692915
3693105
3693335
3693472
3693551
3693634
3693717
3693762
3693933
3694094
3694477
3694570
3694609
3695068
3695212
3695299
3695391
3695588
3695772
3695946
3696095
3696278
3696434
3696521
3696592
3696664
3696747
3696941
3697022
3697472
3697665
3697805
3698219
3698357
3698464
3698569
3698643
3698671
3698723
3698917
3699120
3699257
3699449
3699646
3699742
3699845
3699930
3700009
3700095
3700202
3700303
3700623
3700779
3700866
3701434
3701554
3701934
3702256
3702801
3703200
3703499
3703615
3703685
3703796
3704006
3704126
3704333
3704558
3704669
3704777
3704889
3704995
3706518
3706730
3706965
3707087
3707202
3707405
3707581
3707752
3707948
3708123
3708324
3708480
3708609
3708817
3708936
3709065
3709279
3709393
3709502
3709588
3709815
3710126
3710444
3710688
3710804
3710847
3711070
3711291
3711463
3711582
3711809
3711926
3712241
3712496
3712618
3712838
3713500
3713697
3713839
3714251
3714383
3714625
3714870
3715007
3715243
3715367
3715429
3716043
3716306
3716468
3716709
3716842
3716973
3717068
3717292
3717497
3717725
3718891
3719136
3719378
3719515
3719756
3719994
3720156
3720431
3720773
3720823
3721065
3721301
3721636
3721871
3722099
3722332
3722555
3722779
3723001
3723211
3723401
3723521
3723982
3724098
3724407
3724527
3724646
3724773
3724783
3724843
3724968
3725089
3725148
3725265
3725386
3725504
3725667
3725787
3725905
3726020
3726143
3726396
3726578
3726825
3727069
3727229
3727652
3728343
3728556
3728689
3728930
3729301
3729445
3729698
3729829
3730098
3730222
3730343
3730566
3730687
3730839
3730950
3731178
3731292
3731409
3731605
3731863
3732127
3732391
3732587
3732746
3732882
3733005
3733136
3733265
3733386
3733506
3733624
3733748
3733868
3734010
3734126
3734236
3734350
3734463
3735034
3735285
3735412
3735667
3736204
3736627
3736962
3737212
3737351
3737608
3737720
3738112
3738340
3738559
3738790
3739071
3739452
3739702
3739947
3740174
3740485
3740692
3740875
3740967
3741056
3741249
3741320
3741409
3741619
3741858
3741897
3742024
3742071
3742742
3742998
3743255
3743646
3743875
3743974
3744113
3744344
3744487
3744618
3744901
3745040
3745161
3745298
3745471
3745728
3745976
3746263
3746511
3746660
3746920
3747056
3747703
3747830
3748113
3748493
3748915
3749055
3749085
3749338
3749482
3749734
3750005
3750242
3750266
3750284
3750398
3750538
3750688
3750739
3750997
3751136
3751278
3751531
3752171
3752468
3752614
3752845
3753053
3753297
3753375
3753477
3753586
3755524
3755664
3755799
3755931
3756040
3756169
3756289
3756419
3756545
3756682
3756810
3756914
3757035
3757140
3757278
3757542
3757626
3757787
3757890
3758142
3758370
3758633
3758961
3759265
3759501
3759730
3759968
3760153
3760321
3760515
3760712
3760836
3761059
3761297
3761531
3761764
3762030
3762261
3762483
3762831
3762980
3763213
3763331
3763388
3763833
3763941
3764169
3764267
3764526
3764908
3765155
3765450
3765595
3765597
3765723
3766192
3766442
3766581
3766833
3766986
3767203
3767313
3767424
3767602
3767791
3768072
3768332
3768449
3769016
3769203
3769553
3770040
3770190
3770319
3770619
3770869
3771124
3771468
3771709
3771858
3771987
3772125
3772429
3774546
3775545
3775784
3776415
3776652
3777047
3777374
3777506
3778316
3778324
3778737
3778871
3778948
3779217
3779364
3779605
3779842
3779987
3780228
3780372
3780481
3781105
3781297
3781671
3781809
3782065
3782087
3782217
3782473
3782711
3783023
3783246
3783707
3783993
3784273
3784668
3784887
3785103
3785355
3785599
3785841
3786438
3786813
3787127
3787377
3787622
3787795
3788158
3788294
3788431
3788570
3788703
3788893
3789193
3789397
3789527
3789659
3789861
3790111
3790534
3790675
3791097
3791346
3791627
3792010
3792431
3792602
3793045
3793833
3794084
3794226
3794560
3795037
3795066
3795208
3795507
3795648
3796572
3797016
3797266
3797400
3797653
3797941
3798081
3798358
3798722
3799084
3799306
3799551
3799688
3799718
3799826
3799942
3800139
3800326
3800503
3800726
3801022
3801273
3801530
3801791
3802343
3802562
3802805
3802949
3803328
3803609
3803853
3804243
3804574
3804939
3804979
3805115
3805233
3805275
3805321
3805459
3805685
3805883
3806162
3806307
3806554
3806813
3806948
3807204
3807317
3807565
3807809
3808061
3808187
3808315
3808430
3808652
3808781
3809027
3809419
3809667
3809907
3810073
3810181
3810306
3810519
3811349
3811540
3811686
3811938
3812192
3812555
3812926
3813183
3813835
3814091
3814389
3814667
3814803
3814937
3815067
3815201
3815331
3815456
3815607
3815741
3815914
3816041
3816114
3816237
3816264
3816273
3816569
3816964
3817345
3817456
3817607
3817853
3818100
3818396
3818566
3818685
3819062
3819185
3819608
3820013
3820137
3820553
3820749
3821195
3821329
3821582
3821833
3821942
3822195
3822467
3822718
3823011
3823313
3823556
3823740
3823853
3823965
3824104
3824233
3824373
3824866
3825204
3825460
3825718
3825843
3826096
3826345
3826628
3826806
3827052
3827404
3827864
3828408
3828561
3828923
3829208
3829464
3829576
3829668
3829976
3830189
3830368
3831206
3831416
3831664
3832337
3832806
3832998
3833120
3833344
3833448
3833569
3833688
3833797
3833893
3833997
3834105
3834204
3834424
3834670
3834901
3835000
3835084
3835330
3835550
3835672
3835910
3836023
3836131
3836235
3836496
3836602
3836849
3837116
3837681
3837805
3838051
3838399
3838596
3839104
3839255
3839327
3839543
3839727
3839857
3840009
3840187
3840253
3840373
3840488
3840603
3840728
3840841
3840950
3841924
3842065
3842183
3842316
3842433
3842457
3842571
3842688
3842701
3842741
3842762
3842793
3842910
3843050
3843200
3843447
3843699
3843873
3844645
3844963
3845072
3845378
3845873
3846225
3846524
3846728
3846991
3847120
3847403
3847721
3847941
3848044
3848122
3848334
3848540
3848775
3848901
3849156
3849566
3849677
3849764
3849858
3850061
3850427
3850824
3850848
3850966
3851013
3851233
3851601
3851724
3851975
3852366
3852577
3852700
3852959
3853065
3853388
3853565
3853770
3853886
3853983
3854191
3854424
3854664
3854773
3855013
3855235
3855458
3855704
3855941
3856611
3856770
3856888
3857141
3857251
3857363
3857375
3857455
3857804
3858080
3858248
3858409
3858730
3858933
3859206
3859540
3859784
3860038
3860233
3860341
3860431
3861519
3861632
3861893
3862139
3862424
3862684
3862947
3863186
3863670
3863926
3864194
3864354
3864728
3864972
3865295
3865541
3865794
3866072
3866326
3866569
3866806
3866946
3867302
3867578
3868036
3868238
3868693
3868931
3869175
3869308
3869459
3869789
3870233
3870484
3870769
3871075
3871313
3871668
3871915
3872541
3872849
3873114
3873361
3873568
3873806
3873990
3874231
3874759
3875133
3875297
3875549
3875879
3876090
3876230
3876356
3876492
3876791
3876877
3877134
3877350
3877598
3877774
3878084
3878251
3878388
3878536
3878785
3878914
3879183
3879422
3879544
3879868
3879995
3880122
3880186
3880324
3880779
3881056
3881435
3881501
3881788
3882034
3882217
3882458
3882792
3883095
3883340
3883609
3883803
3884051
3884326
3884451
3884596
3884766
3884887
3885038
3885161
3885284
3885393
3885516
3886302
3886548
3886805
3887055
3887310
3887458
3887709
3887941
3888077
3888103
3888218
3888515
3888790
3888935
3889050
3889168
3889328
3889452
3889641
3889815
3889916
3889946
3890171
3890421
3890686
3890946
3891198
3891443
3891745
3892001
3892255
3892464
3892757
3893012
3893385
3893899
3894209
3894407
3894544
3894686
3894927
3895027
3895311
3895669
3895814
3895936
3896079
3896205
3896379
3897178
3897407
3897533
3897648
3897780
3897912
3898046
3898176
3898297
3898549
3898975
3899223
3899462
3899702
3899861
3899986
3900127
3900256
3900650
3900898
3901160
3901294
3901546
3901760
3901872
3902069
3902414
3902590
3902991
3903607
3903723
3904192
3904642
3904819
3905086
3905932
3906136
3906552
3906799
3907119
3907245
3907495
3907676
3908061
3908562
3908833
3908947
3909389
3910025
3910335
3910582
3911068
3911233
3911239
3911342
3911423
3911538
3912515
3913066
3913320
3913410
3913774
3913946
3914087
3914205
3914516
3914998
3915128
3915257
3915597
3915728
3917230
3917311
3917444
3917532
3917671
3917839
3917924
3918056
3918207
3918470
3918648
3918899
3919064
3919320
3919487
3919611
3919923
3920090
3920377
3920613
3920912
3921256
3921669
3921816
3922068
3922330
3922652
3922896
3922988
3923028
3923737
3924200
3924417
3925899
3926151
3926386
3926562
3926814
3927165
3927726
3928010
3928414
3928650
3928778
3928901
3929138
3929356
3929479
3929611
3929729
3929844
3929940
3930372
3930581
3930916
3931406
3931771
3932140
3932537
3932907
3933019
3933146
3933250
3933489
3933722
3933909
3934026
3934156
3934315
3934511
3934763
3935005
3936175
3936384
3936773
3937195
3937525
3937901
3938151
3938283
3938672
3938912
3939157
3939500
3939837
3940022
3940259
3940584
3940816
3940930
3941055
3941639
3941884
3941999
3942122
3942323
3942445
3942562
3942676
3942934
3943193
3943449
3943679
3943916
3944033
3944090
3944206
3944468
3944615
3944647
3944874
3944967
3945092
3945220
3946030
3946721
3947027
3947235
3947493
3947762
3947873
3948121
3948210
3948323
3948434
3948545
3948633
3948879
3949113
3949361
3949605
3950012
3950249
3950493
3950572
3950763
3950953
3951011
3951126
3951641
3951890
3952139
3952257
3952543
3952657
3952809
3953059
3953185
3953417
3953526
3953662
3953780
3953836
3954082
3954278
3954390
3954497
3954769
3955020
3955134
3955551
3955934
3956093
3956315
3956329
3956542
3956796
3957042
3957265
3957282
3957507
3957629
3957740
3957981
3958088
3958193
3958797
3959024
3959401
3959665
3959976
3960080
3960320
3960482
3960846
3960980
3961230
3961466
3961578
3961842
3962094
3962353
3962700
3962886
3963230
3963353
3963598
3963890
3964170
3964426
3964660
3964956
3965216
3965420
3965750
3965829
3966090
3966306
3966450
3966691
3966954
3967214
3967378
3967687
3968384
3969011
3969197
3969587
3969930
3970056
3970307
3970444
3970922
3971215
3971475
3971715
3971976
3972254
3972443
3972716
3973376
3973530
3973640
3973885
3974014
3974265
3974612
3974859
3975120
3975257
3975535
3975754
3976032
3976225
3976474
3977092
3977543
3977950
3978200
3978466
3978903
3979171
3979215
3979337
3979444
3979568
3979622
3979732
3979850
3979974
3980031
3980053
3980182
3980305
3980428
3980537
3980787
3981134
3981377
3981618
3982005
3982117
3982242
3982480
3982787
3983074
3983285
3983691
3983853
3984084
3984140
3984512
3984632
3984923
3985123
3985487
3985605
3985761
3985870
3985976
3986083
3986169
3986265
3986393
3986649
3986792
3987023
3987122
3987383
3987625
3988225
3988512
3988921
3989073
3989324
3989617
3989726
3989987
3990394
3990690
3990803
3990928
3991031
3991135
3991247
3991484
3991708
3992052
3992140
3992539
3992726
3993001
3993126
3993393
3993628
3993778
3994076
3994211
3996359
3996472
3996623
3996758
3996862
3996965
3997040
3997156
3997260
3997364
3997511
3997766
3998036
3998140
3998419
3998665
3998836
3999018
3999274
3999384
3999499
3999705
3999815
3999967
4000074
4000176
4000477
4000781
4000898
4001009
4001265
4001565
4001858
4001997
4002232
4002357
4002455
4002551
4002619
4002867
4002973
4003019
4003123
4003335
4003585
4003829
4004066
4004169
4004279
4004362
4004464
4004547
4004980
4005156
4005406
4005601
4005801
4006099
4006168
4006366
4006872
4007179
4007433
4007649
4008054
4008302
4008551
4008805
4009022
4009519
4009672
4010031
4010402
4010658
4011643
4011890
4012247
4012502
4012749
4012881
4012935
4013053
4013253
4013590
4013931
4014088
4014229
4014368
4014615
4014703
4014957
4015402
4015654
4015904
4016239
4016595
4016801
4017304
4017737
4019267
4019494
4019757
4020012
4020167
4020190
4020228
4020255
4020275
4020456
4020613
4020700
4020884
4021042
4021184
4021456
4021889
4023009
4023365
4023828
4024081
4024326
4024472
4024965
4025309
4025549
4025647
4028033
4028278
4028562
4028655
4029145
4029498
4029755
4029939
4030175
4030277
4030431
4030686
4031207
4031438
4031503
4031746
4031985
4032185
4032425
4032943
4033143
4033331
4033863
4034113
4034514
4034769
4035087
4035343
4035886
4036209
4036460
4036803
4036917
4037091
4037334
4037596
4037856
4037995
4038289
4038822
4039080
4039240
4039319
4039552
4039707
4039854
4040084
4040163
4040174
4040337
4040357
4040523
4040634
4040785
4040875
4040996
4041031
4041199
4041320
4041386
4041548
4041707
4041727
4041982
4042375
4042546
4042792
4042981
4043280
4044023
4044178
4044460
4044883
4045209
4045474
4045648
4045899
4046151
4046337
4046939
4047463
4047719
4047919
4048062
4048100
4048254
4048627
4048766
4048924
4049285
4050169
4050175
4050421
4050654
4050876
4051174
4051323
4051434
4051810
4052134
4052339
4052746
4052997
4053175
4053365
4053493
4053750
4053929
4054433
4054613
4054765
4055006
4055045
4055297
4055461
4055719
4055869
4056051
4056369
4056580
4056618
4056757
4057008
4057268
4057455
4057563
4057840
4057999
4058158
4058389
4058547
4058778
4059083
4059330
4059469
4059705
4059957
4060267
4060408
4060536
4060765
4060905
4061083
4061219
4061347
4061528
4061762
4062011
4062276
4062862
4063239
4063393
4063703
4063951
4064401
4064562
4064839
4065183
4065478
4066031
4066181
4066343
4066471
4066753
4067135
4067385
4067791
4067941
4068171
4068424
4068673
4068903
4069153
4069211
4069424
4069559
4069688
4070212
4070595
4071084
4071338
4071622
4071786
4072065
4072161
4072341
4072605
4073059
4073191
4073441
4073545
4075513
4075645
4075773
4076041
4076331
4076581
4076736
4076964
4077339
4077568
4077806
4078086
4078475
4079023
4079268
4079652
4080063
4080308
4080636
4080885
4081136
4081377
4081687
4081935
4082070
4082199
4082328
4082687
4082909
4083039
4083122
4083239
4083475
4083739
4083879
4084065
4084294
4084463
4084722
4084835
4084892
4084998
4085231
4085746
4085979
4086232
4086440
4086684
4086710
4086907
4087021
4087264
4087497
4087735
4087953
4088078
4088275
4088443
4088688
4088798
4088805
4088809
4088908
4088986
4089234
4089479
4089837
4089952
4090200
4090355
4090605
4090715
4090952
4091070
4091189
4091567
4091736
4091814
4092061
4092552
4093206
4093937
4094186
4094307
4094670
4094873
4095166
4095283
4095397
4095638
4095961
4096406
4096526
4096555
4096763
4096985
4097134
4097360
4097690
4097815
4097973
4098216
4099152
4099374
4099495
4099616
4100747
4101159
4101284
4101520
4101609
4101869
4102147
4104308
4104671
4105023
4105234
4105580
4105965
4106132
4106382
4106764
4106919
4107192
4107450
4107593
4107729
4108095
4108443
4108667
4108968
4109056
4109193
4109484
4109765
4110029
4110257
4110387
4110517
4110762
4111587
4112167
4112331
4112562
4112703
4112974
4113065
4113192
4113370
4113522
4113763
4114277
4114567
4114994
4115226
4115586
4115825
4116006
4116566
4116963
4117164
4117409
4117865
4118006
4118136
4118342
4118474
4118621
4118727
4118764
4118999
4119210
4119513
4119972
4120279
4120531
4120747
4121285
4121783
4122247
4122339
4122496
4122742
4123166
4123433
4123591
4123740
4123800
4123949
4124131
4124279
4124418
4124551
4126317
4126622
4126794
4127052
4127308
4127602
4127851
4128527
4128939
4129088
4129195
4129349
4129497
4129627
4129779
4129933
4130075
4130251
4130649
4130899
4131614
4131858
4132096
4132241
4132371
4132511
4132650
4133170
4134356
4134605
4134773
4135114
4135421
4135766
4136011
4136261
4136506
4136773
4137056
4137301
4137532
4138847
4139146
4139259
4139362
4139463
4139531
4139782
4140027
4140232
4140611
4141179
4141377
4141698
4141833
4141942
4142153
4142423
4142681
4142952
4143050
4143152
4143396
4143462
4144183
4144409
4144648
4144912
4145055
4145157
4145440
4146126
4146299
4146557
4146780
4147014
4147128
4147369
4147613
4147863
4147976
4148082
4148157
4148391
4148513
4148764
4149010
4149269
4149375
4150076
4150254
4150841
4151289
4151481
4151591
4151620
4151921
4152164
4152193
4152298
4152545
4152684
4152800
4153046
4153156
4153383
4153628
4153742
4153846
4154095
4154213
4154328
4154410
4154521
4154759
4154891
4155136
4155392
4155634
4155749
4155982
4156143
4156254
4156366
4156431
4156540
4156697
4156902
4157025
4157243
4157432
4157534
4157636
4157888
4158151
4158391
4158535
4158766
4159184
4159273
4159383
4159495
3683551
3683682
3683772
3683864
3683954
3684023
3684117
3684202
3684292
3684302
3684348
3684446
3684541
3684635
3684711
3684803
3684951
3685066
3685242
3685330
3685463
3685632
3685763
3685936
3686237
3686412
3686500
3686613
3686687
3686815
3687270
3687469
3687633
3687950
3688085
3688168
3688258
3688399
3688503
3688558
3688813
3688907
3689313
3689400
3689424
3689513
3689599
3689682
3689766
3689826
3689963
3690121
3690334
3690662
3690723
3690921
3691261
3691649
3691805
3692600
3692760
3692997
3693153
3693232
3693394
3693994
3694130
3694205
3694266
3694308
3694808
3694900
3694990
3695118
3695455
3695652
3695804
3695988
3696143
3696330
3696807
3697101
3697195
3697247
3697344
3697545
3697743
3697897
3697994
3698067
3698123
3698228
3698754
3699028
3699329
3699607
3700377
3700600
3700754
3700848
3701582
3701960
3702280
3702830
3703253
3703279
3703529
3703705
3703817
3704032
3704160
3704365
3704592
3704702
3704811
3704922
3706549
3706757
3707000
3707117
3707232
3707435
3707765
3707973
3708154
3708510
3708640
3708854
3708967
3709097
3709312
3709426
3709544
3709840
3709958
3710635
3710724
3710883
3711106
3711323
3711497
3711611
3711846
3712277
3712532
3712651
3712924
3713535
3713732
3713873
3714286
3714415
3714660
3714907
3715041
3715278
3715451
3716078
3716341
3716503
3716745
3716877
3717007
3717329
3717533
3717814
3718081
3718248
3718473
3718807
3718945
3719189
3719406
3719547
3719787
3720010
3720155
3720429
3720617
3720716
3720856
3721099
3721338
3721671
3721901
3722125
3722362
3722586
3722814
3723027
3723245
3723428
3723549
3723736
3723879
3724232
3726314
3726462
3726712
3726992
3727203
3727654
3728346
3728560
3728690
3728931
3729303
3729449
3729701
3729831
3730100
3730223
3730346
3730568
3730701
3730811
3730891
3731134
3731294
3731411
3731607
3731865
3732129
3732393
3732590
3732749
3732885
3733007
3733139
3733267
3733388
3733508
3733629
3733751
3733871
3734012
3734130
3734237
3734352
3734983
3735101
3735286
3735413
3735669
3736207
3736630
3736964
3737211
3737352
3737610
3737722
3738114
3738343
3738561
3738792
3739073
3739453
3739704
3739931
3740175
3740487
3740693
3740874
3740966
3741055
3741250
3741322
3741411
3741620
3741857
3741960
3742073
3742744
3742997
3743256
3743648
3744188
3744537
3744787
3745346
3745636
3745891
3746178
3746442
3746824
3747155
3747276
3747382
3747490
3747597
3747679
3747891
3748055
3748460
3748675
3748787
3749256
3749535
3749921
3750171
3750968
3751232
3751486
3751740
3751862
3751987
3752100
3752348
3752443
3752610
3752843
3753088
3753772
3753889
3753926
3754021
3754149
3754264
3754377
3754477
3754610
3754771
3754886
3755004
3755182
3755322
3755456
3755487
3757490
3757863
3758112
3758413
3758656
3758854
3761013
3761273
3761472
3761709
3761975
3762210
3762444
3762671
3762941
3763174
3763559
3763690
3763772
3763797
3764139
3764469
3764718
3764845
3765097
3765307
3765553
3765826
3765954
3766312
3766691
3767075
3767928
3768189
3768557
3768714
3768845
3769082
3769156
3769237
3769362
3769639
3769870
3769995
3770484
3770733
3770976
3771225
3771578
3772242
3772558
3772676
3772797
3772995
3773119
3773244
3773372
3773512
3773652
3773777
3773927
3774050
3774191
3774247
3774279
3774296
3774498
3774826
3774975
3775088
3775255
3775395
3775792
3776406
3776641
3777039
3777365
3777499
3778181
3778725
3778861
3778944
3779216
3779222
3780180
3780363
3780620
3781095
3781287
3781661
3781797
3782053
3782185
3782318
3782564
3783009
3783236
3783458
3783703
3783958
3784264
3784658
3784884
3785093
3785344
3785589
3785831
3786429
3786804
3787114
3787367
3787602
3787785
3788148
3788286
3788413
3788567
3788694
3788886
3789181
3789381
3789517
3789648
3789848
3790102
3790523
3790651
3790895
3791207
3791460
3791723
3791996
3792420
3792590
3792731
3792854
3793871
3794125
3794263
3794597
3795073
3795213
3795575
3795683
3796604
3797053
3797310
3797445
3797978
3798235
3798406
3798748
3799110
3799343
3799593
3799729
3799853
3799974
3800305
3800541
3800878
3801318
3801569
3801832
3802382
3802602
3802841
3802976
3803363
3803645
3803889
3804280
3804637
3804903
3805043
3805176
3805264
3805288
3805388
3805648
3805844
3806121
3806268
3806522
3806781
3806913
3807171
3807279
3807529
3807779
3808014
3808146
3808287
3808403
3808628
3808750
3809001
3809390
3809637
3809877
3810047
3810156
3810284
3810332
3810514
3810568
3810782
3811000
3811119
3811247
3811514
3811661
3811914
3812166
3812527
3812897
3813155
3813807
3814067
3814364
3814640
3814777
3814911
3815038
3815172
3815303
3815383
3815510
3815582
3815717
3815847
3815888
3816019
3816089
3816215
3816257
3816274
3816447
3816573
3816952
3817314
3817572
3817694
3817907
3818148
3818369
3818535
3818659
3819035
3819159
3819581
3819983
3820109
3820528
3820792
3821172
3821324
3821577
3821829
3821920
3822173
3822444
3822695
3822987
3823288
3823531
3823715
3823830
3823940
3824044
3824083
3824210
3824473
3824636
3824676
3824810
3825027
3825289
3825539
3825909
3826162
3826406
3826455
3826458
3826711
3826947
3827084
3827184
3827430
3827556
3827679
3827836
3828042
3828156
3828252
3828629
3828758
3829017
3829259
3829734
3830001
3830251
3830418
3830923
3831071
3831219
3831351
3831599
3831798
3831905
3831971
3832070
3832172
3832403
3832487
3832519
3832628
3832763
3833216
3833370
3834292
3834482
3834716
3835148
3835360
3835731
3836250
3836650
3836901
3837175
3837328
3837470
3837494
3837732
3837935
3838144
3838282
3838562
3838824
3838961
3839092
3839600
3840990
3841132
3841263
3841376
3841515
3841637
3841780
3843057
3843307
3843563
3843810
3844055
3844194
3844283
3844418
3844538
3844656
3844880
3845107
3845245
3845493
3845621
3845671
3845805
3845993
3846255
3846482
3846773
3847305
3847490
3847779
3848036
3848057
3848215
3848432
3848823
3849086
3849227
3849633
3849746
3850054
3850299
3850499
3850682
3850836
3850909
3851032
3851298
3851665
3851785
3852040
3852433
3852639
3852910
3853030
3853424
3853597
3853842
3854830
3855091
3855294
3855701
3855989
3856678
3856832
3856950
3857207
3857318
3857454
3857866
3858146
3858217
3858428
3858762
3858966
3859255
3859594
3859878
3860142
3860298
3860442
3860557
3860600
3860761
3860869
3860990
3861104
3861221
3861336
3861749
3861994
3862343
3862539
3862855
3863107
3863293
3863403
3863521
3863781
3864152
3864439
3864575
3864830
3865145
3865392
3865638
3865889
3866181
3866425
3866667
3866882
3867128
3867418
3867685
3867805
3867916
3868129
3868318
3868477
3868602
3868804
3869052
3869658
3869908
3870090
3870349
3870592
3870876
3871155
3871415
3871613
3871861
3872107
3872605
3872853
3873103
3873306
3873526
3873832
3874060
3874332
3874708
3875080
3875237
3875494
3875627
3875830
3876036
3876177
3876308
3876434
3876680
3876782
3876866
3877125
3877299
3877524
3877720
3877879
3878114
3878223
3878357
3878493
3878737
3878856
3878978
3879230
3879490
3879741
3879934
3880063
3880185
3880236
3880492
3881491
3881779
3882025
3882204
3882449
3882723
3883043
3883294
3883469
3883721
3883875
3884118
3884374
3884501
3884627
3884745
3884855
3884977
3885105
3885228
3885337
3885457
3885583
3885640
3885840
3885915
3886005
3886142
3886407
3886654
3886897
3887147
3887491
3887740
3888288
3888582
3889981
3890210
3890472
3890734
3891001
3891242
3891494
3891840
3892040
3892283
3892539
3892809
3893060
3893280
3893518
3893636
3893752
3893847
3894089
3894730
3895305
3895613
3895746
3895868
3895987
3896106
3896230
3897109
3897326
3897462
3897588
3897716
3897851
3898000
3898099
3898224
3898476
3898909
3899326
3899486
3899735
3899842
3899924
3900058
3900190
3900578
3900829
3901088
3901212
3901449
3901689
3901814
3901929
3902012
3902314
3902465
3902562
3902920
3903171
3903296
3903393
3903646
3903756
3904167
3904573
3904747
3905022
3905863
3906070
3906447
3906578
3906843
3907059
3907180
3907420
3907612
3907735
3908099
3908497
3908766
3908898
3908994
3909418
3909528
3909943
3910079
3910293
3910539
3910782
3910993
3911748
3911952
3912274
3912383
3912498
3912604
3912826
3912934
3913242
3913452
3913684
3914295
3914432
3914667
3914806
3915350
3915715
3915914
3916004
3916126
3916236
3916371
3916487
3916603
3916699
3916912
3917019
3918259
3918511
3918757
3918989
3919237
3919478
3919603
3919746
3920028
3920282
3920571
3920959
3921360
3921732
3921879
3922289
3922698
3922942
3923036
3923053
3923064
3923463
3923951
3924196
3924478
3925968
3926216
3926609
3926894
3927232
3927658
3928038
3928473
3928710
3928837
3929118
3929415
3929535
3929673
3929793
3930010
3930447
3930972
3931470
3931836
3932205
3932604
3932977
3933142
3933283
3933519
3933755
3933966
3934106
3934228
3934398
3934581
3934827
3935122
3935365
3935787
3936126
3936443
3936839
3937265
3937590
3937962
3938213
3938510
3938595
3938859
3939123
3939383
3939738
3939979
3940210
3940413
3940656
3941248
3941375
3941513
3941863
3942269
3942881
3943143
3943403
3943746
3944422
3944809
3945425
3945578
3945732
3945959
3946245
3946399
3946568
3946878
3947172
3947471
3947719
3948091
3948311
3948815
3949380
3949746
3949879
3950117
3950390
3950595
3950849
3951256
3951396
3951534
3951785
3952037
3952451
3952639
3952924
3953246
3953982
3954226
3954643
3955052
3955401
3955645
3955792
3956045
3956399
3956660
3956928
3957182
3957364
3957805
3958330
3958469
3958609
3958729
3958970
3959165
3959294
3959336
3959585
3959602
3959816
3960177
3960603
3960735
3961076
3961316
3961732
3961967
3962206
3962462
3962730
3962976
3963104
3963460
3963704
3963986
3964259
3964506
3964747
3964993
3965281
3965506
3965517
3965784
3965982
3966247
3966598
3966891
3967156
3967557
3967808
3967944
3968083
3968215
3968488
3968614
3968733
3968921
3969282
3969419
3969659
3969802
3970136
3970549
3970685
3970827
3971040
3971329
3971573
3971819
3972104
3972542
3972793
3973004
3973134
3973724
3974206
3974449
3974695
3975012
3975196
3975311
3975650
3975770
3976008
3976170
3976421
3977023
3977271
3977524
3977878
3978128
3978372
3978677
3978925
3979099
3979218
3979334
3979427
3979520
3979660
3979784
3979902
3980017
3980040
3980067
3980139
3980267
3980359
3980473
3980721
3980973
3981316
3981552
3981940
3982051
3982175
3982687
3983014
3983228
3983621
3983787
3984019
3984099
3984126
3984148
3984503
3984559
3984673
3984898
3985097
3985459
3985577
3985696
3985810
3985914
3986023
3986458
3986698
3986839
3987055
3987319
3987573
3987820
3988041
3988142
3988257
3988486
3988895
3989063
3989268
3989364
3989439
3989667
3989963
3990369
3990662
3990777
3990880
3991012
3991113
3991224
3991464
3991682
3991847
3992110
3992510
3992701
3992974
3993094
3993365
3993627
3993710
3994050
3994157
3994262
3996336
3996454
3996598
3996730
3996882
3996991
3997103
3997211
3997315
3997418
3997466
3997717
3997982
3998094
3998189
3998371
3998616
3998787
3998971
3999216
3999324
3999402
3999454
3999588
3999755
3999868
3999926
4000137
4000228
4000486
4000726
4000830
4000844
4000953
4001209
4001507
4001801
4001938
4002161
4002263
4002307
4002407
4002495
4002569
4002815
4002922
4003026
4003280
4003527
4003780
4003993
4004113
4004211
4004321
4004394
4004436
4004520
4004561
4004647
4004740
4004821
4004827
4005246
4005441
4005691
4005944
4006114
4006207
4006471
4006605
4006709
4006722
4006976
4007271
4007500
4007791
4007891
4008146
4008359
4008607
4008790
4009053
4009173
4009219
4009295
4009366
4009608
4009773
4010082
4010235
4010491
4010747
4011002
4011101
4011327
4011461
4011552
4011868
4012101
4012365
4012534
4013102
4013340
4013437
4013532
4013871
4014023
4014155
4014300
4014547
4014628
4014645
4014899
4015332
4015535
4015761
4016178
4016535
4016740
4016888
4017250
4017684
4018089
4018324
4018807
4019212
4019437
4019665
4019870
4020037
4020178
4020211
4020243
4020263
4020455
4020619
4020673
4020820
4020977
4021116
4021396
4021829
4022943
4023303
4023766
4024018
4024269
4024414
4024905
4025310
4025544
4025640
4025666
4028060
4028364
4028585
4029077
4029425
4029431
4029687
4029875
4030138
4030319
4030450
4030636
4031141
4031401
4031529
4031835
4032085
4032285
4032508
4032879
4033067
4033268
4033787
4034051
4034446
4034697
4034789
4035091
4035347
4035890
4036215
4036461
4036804
4036921
4037093
4037337
4037601
4037862
4038000
4038294
4038826
4039083
4039261
4039324
4039557
4039710
4039845
4040086
4040177
4040343
4040361
4040543
4040851
4040993
4041078
4041243
4041430
4041596
4041769
4042024
4042420
4042630
4042837
4043133
4043321
4044064
4044307
4044348
4044500
4044921
4045252
4045509
4045689
4045939
4046191
4046376
4046980
4047501
4047759
4047960
4048127
4048375
4048656
4048807
4049167
4050211
4050460
4050737
4050917
4051220
4051330
4051851
4052180
4052388
4052881
4053221
4053385
4053539
4053798
4053973
4054478
4054651
4054808
4055088
4055343
4055506
4055760
4055915
4056409
4056601
4056799
4057049
4057308
4057579
4057807
4057962
4058123
4058265
4058482
4058740
4058984
4059043
4059284
4059426
4059669
4059918
4060233
4060373
4060503
4060603
4060812
4060970
4061048
4061184
4061311
4061445
4061723
4061972
4062223
4062571
4062704
4063312
4063450
4063669
4063914
4064364
4064524
4064800
4065120
4065421
4065556
4065745
4066588
4066813
4066905
4067014
4067222
4067436
4067560
4067688
4068005
4068254
4068489
4069330
4069748
4069876
4070003
4070122
4070297
4070428
4070691
4070809
4070915
4071166
4071489
4071867
4072150
4072513
4072788
4072860
4072985
4073285
4073641
4073771
4073908
4074038
4074165
4074290
4074328
4074457
4074506
4074633
4074661
4074781
4074856
4074977
4075085
4075178
4075427
4075804
4075962
4076169
4076414
4076651
4076766
4076896
4077065
4077172
4077417
4077688
4077912
4078168
4078294
4078407
4078653
4078902
4079119
4079354
4079474
4079730
4079847
4079896
4080144
4080397
4080715
4080967
4081214
4081459
4081665
4081782
4082378
4082487
4082546
4082790
4083295
4083966
4084080
4084276
4084440
4084690
4084816
4084873
4084978
4085209
4085725
4085962
4086211
4086418
4086664
4086874
4086957
4087530
4087768
4087998
4088110
4088306
4088473
4088716
4088828
4088948
4089060
4089304
4089510
4089870
4089986
4090230
4090382
4090631
4090745
4090979
4091008
4091099
4091165
4091596
4091746
4091824
4092462
4093234
4093963
4094216
4094333
4094699
4094902
4095196
4095311
4095428
4095671
4095992
4096436
4096549
4096756
4096863
4097112
4097387
4097716
4097848
4098138
4098532
4099165
4099407
4099550
4099800
4100224
4100377
4100642
4100757
4101184
4101434
4101634
4101895
4102174
4104339
4104701
4105052
4105326
4105674
4106053
4106218
4106465
4106792
4106946
4107219
4107482
4107623
4107867
4108002
4108137
4108533
4108876
4109082
4109221
4109793
4110051
4110697
4111614
4112193
4112355
4112584
4112724
4112943
4113086
4113332
4113457
4113678
4113788
4114298
4114592
4115022
4115610
4115852
4116587
4116825
4117083
4117333
4117576
4117684
4117790
4118269
4118963
4119271
4119382
4120131
4120457
4120764
4120875
4120962
4121091
4121209
4121470
4121572
4121690
4121933
4122051
4122163
4122408
4122676
4122895
4123022
4123118
4123351
4124821
4124927
4125004
4125113
4125322
4125400
4125500
4125607
4125713
4125839
4125959
4126059
4126157
4126252
4126292
4126304
4126626
4126734
4127162
4127522
4127770
4128009
4128105
4128200
4128292
4128448
4128694
4128847
4130452
4130565
4130813
4131012
4131116
4131212
4131313
4131383
4131479
4131732
4131987
4132843
4133091
4133235
4133337
4133438
4133549
4133648
4133754
4133862
4133956
4134050
4134280
4134429
4134685
4134924
4135027
4135283
4135547
4135675
4135869
4136169
4136410
4136687
4136943
4137187
4137447
4137741
4138131
4138376
4138841
4138958
4139212
4139487
4139592
4139985
4140208
4140614
4141184
4141386
4141702
4141768
4141883
4142656
4142720
4142956
4143056
4143157
4143401
4143668
4144013
4144189
4144415
4144655
4144920
4144944
4145094
4145205
4145220
4146133
4146546
4146786
4147022
4147136
4147375
4147622
4147872
4147984
4148091
4148166
4148399
4148523
4148773
4149020
4149277
4149385
4149502
4149745
4150259
4150850
4151291
4151484
4151995
4152228
4152306
4152569
4152689
4152804
4153068
4153161
4153389
4153633
4153749
4153851
4154101
4154216
4154323
4154415
4154764
4154843
4154893
4155141
4155396
4155638
4155755
4155988
4156160
4156260
4156371
4156435
4156544
4156702
4156908
4157015
4157249
4157437
4157538
4157652
4157894
4158156
4158396
4158540
4158770
4159189
4159279
4159389
4159506
4159635
4159742
4159851
4159980
4160219
4160401
3683091
3683169
3683261
3683444
3683614
3684928
3685224
3685443
3685580
3685741
3685908
3686180
3686397
3686923
3687024
3687169
3687257
3687623
3687716
3687825
3687900
3688338
3688491
3688554
3688704
3688780
3689059
3689149
3689238
3690050
3690193
3690328
3690567
3690874
3691083
3691254
3691424
3691514
3691606
3691782
3692576
3692756
3692874
3692974
3692996
3693373
3694520
3694650
3695108
3695254
3695340
3695428
3695618
3695901
3696231
3696331
3696475
3696709
3696992
3697087
3697516
3697712
3697854
3698297
3698426
3698534
3698638
3698664
3698694
3698711
3698886
3698993
3699195
3699297
3699483
3699686
3699788
3699889
3699978
3700062
3700134
3700243
3700344
3700532
3700735
3701145
3701264
3701405
3701493
3701680
3701805
3701902
3702102
3702211
3702397
3702491
3702586
3702728
3702940
3703040
3703183
3703483
3703602
3703670
3703779
3703789
3703988
3704110
3704317
3704542
3704653
3704761
3704871
3704978
3706501
3706712
3706944
3707066
3707178
3707384
3707542
3707733
3707927
3708101
3708304
3708463
3708591
3708798
3708914
3709026
3709243
3709370
3709876
3709981
3710425
3710669
3710785
3710829
3711053
3711275
3711445
3711560
3711789
3711905
3712225
3712478
3712600
3712819
3713479
3713676
3713818
3714231
3714362
3714604
3714849
3714987
3715221
3715346
3715409
3716021
3716283
3716440
3716683
3716818
3716948
3717044
3717264
3717475
3717707
3717887
3718063
3718229
3718446
3718608
3718866
3719114
3719352
3719493
3719732
3719970
3720114
3720246
3720459
3720593
3720664
3720800
3721042
3721213
3721613
3721848
3722073
3722301
3726364
3726500
3726747
3726981
3727319
3727444
3727488
3727737
3728157
3728283
3728784
3729024
3729155
3729540
3729934
3730451
3731023
3731447
3731693
3731973
3732240
3732485
3732684
3734573
3734623
3734764
3734900
3735125
3735505
3735755
3735872
3735922
3736037
3736293
3736460
3736716
3736853
3737059
3737445
3737813
3737961
3738208
3738439
3738684
3738879
3739010
3739160
3739295
3739996
3740224
3740349
3740577
3740723
3741111
3741450
3741673
3741812
3741837
3741881
3742150
3742285
3742410
3742487
3742600
3742821
3743093
3743348
3743491
3743738
3743882
3743980
3744123
3744351
3744622
3744908
3745049
3745167
3745304
3745476
3745732
3745982
3746269
3746520
3746665
3746923
3747060
3748236
3748496
3748919
3749058
3749088
3749343
3749486
3749738
3750008
3750243
3750396
3750540
3750677
3750742
3750999
3751138
3751281
3751534
3752175
3752471
3752617
3752875
3753159
3753741
3753863
3753990
3754121
3754237
3754350
3754450
3754579
3754742
3754858
3754974
3755085
3755170
3755294
3755427
3757459
3757833
3758082
3758393
3758579
3758825
3759088
3759187
3759421
3759602
3759879
3760117
3760223
3760452
3761757
3761805
3762302
3762638
3762909
3763145
3763338
3763529
3763656
3763764
3763793
3763818
3764134
3764435
3764685
3764817
3765067
3765272
3765522
3765781
3765904
3766030
3766283
3766659
3767047
3767893
3768152
3768525
3768655
3768684
3768789
3769035
3769151
3769231
3769361
3769617
3769847
3769975
3770006
3770458
3770701
3770952
3771263
3771555
3772217
3772521
3772648
3772771
3772879
3772971
3773098
3773221
3773349
3773485
3773627
3773752
3773868
3773978
3774089
3774110
3774223
3774241
3774264
3774271
3774289
3774361
3774799
3774949
3775064
3775463
3776298
3776566
3776703
3776970
3777288
3777426
3778112
3778650
3778790
3778925
3779066
3779251
3779505
3779775
3780401
3780652
3781024
3781213
3781467
3781592
3781730
3781982
3782114
3782248
3782495
3782741
3782943
3783169
3783386
3783634
3784589
3784855
3784916
3785167
3785508
3785645
3786345
3786719
3787029
3787330
3787581
3787873
3788080
3788222
3788329
3788464
3788599
3788727
3788872
3788977
3789228
3789298
3789437
3789569
3789692
3789771
3790024
3790422
3790557
3790821
3791130
3791418
3791811
3792028
3792397
3792552
3792664
3792786
3793784
3794034
3794177
3794515
3794708
3795135
3795205
3795461
3795601
3796523
3796971
3797866
3797890
3798031
3798290
3798444
3798698
3799065
3799248
3799509
3799695
3799784
3799899
3800125
3800314
3800459
3800682
3800976
3801225
3801482
3801743
3802294
3802741
3802897
3803310
3803546
3803813
3804225
3804429
3804724
3804921
3805056
3805191
3805266
3805300
3805441
3805664
3805858
3806141
3806284
3806534
3806795
3806930
3807184
3807293
3807542
3807792
3808043
3808169
3808297
3808412
3808637
3808763
3809012
3809402
3809648
3809888
3810058
3810168
3810291
3810513
3810575
3810792
3811008
3811129
3811255
3811523
3811671
3811923
3812176
3812538
3812905
3813168
3813818
3814075
3814374
3814650
3814788
3814923
3815051
3815186
3815313
3815391
3815518
3815590
3815624
3815726
3815897
3816025
3816096
3816222
3816260
3816346
3816533
3816798
3817002
3817321
3817873
3818153
3818376
3818541
3818663
3819040
3819164
3819176
3819585
3819986
3820114
3820533
3820731
3821175
3821326
3821579
3821830
3821923
3822177
3822450
3822701
3822992
3823293
3823536
3823720
3823865
3823987
3824056
3824162
3824185
3824292
3824325
3824816
3825150
3825327
3825665
3825786
3826041
3826288
3826419
3826572
3826787
3827021
3827363
3827713
3827947
3828349
3828460
3828512
3828866
3828978
3829158
3829408
3829518
3829612
3829856
3829866
3829988
3830305
3830537
3830633
3830714
3830797
3830879
3831352
3831602
3832278
3832727
3832932
3833050
3833105
3833323
3833383
3833505
3833583
3833681
3833781
3833835
3833939
3834045
3834134
3834365
3834611
3834845
3834951
3835028
3835274
3835493
3835590
3835621
3835864
3835967
3836078
3836182
3836425
3836526
3836625
3836817
3837015
3837618
3837745
3838002
3838332
3838518
3838762
3839107
3839216
3839268
3839479
3839662
3839781
3839814
3839930
3839954
3840071
3840195
3840244
3840363
3840597
3840719
3840833
3840942
3841918
3842031
3842102
3842366
3842522
3842639
3842731
3842771
3842785
3842900
3843013
3843269
3843516
3843781
3844026
3844750
3845030
3845446
3845938
3846194
3846443
3846693
3847049
3847441
3847778
3847994
3848056
3848214
3848431
3848820
3849085
3849224
3849631
3849744
3849851
3850115
3850496
3850679
3850905
3851026
3851306
3851663
3851784
3852038
3852432
3852638
3852908
3853028
3853421
3853596
3853835
3853951
3854226
3854474
3854728
3854922
3855172
3855434
3855764
3856000
3856676
3856830
3856948
3857206
3857317
3857447
3857867
3858145
3858299
3858427
3858761
3858965
3859253
3859593
3859846
3860099
3860296
3860440
3860555
3860665
3860830
3860957
3861064
3861216
3861333
3861747
3861991
3862342
3862537
3862853
3863105
3863291
3863401
3863519
3863782
3863817
3863864
3864151
3864437
3864572
3864829
3865143
3865389
3865801
3865960
3866186
3866431
3866670
3866885
3867133
3867423
3867690
3867806
3867921
3868133
3868324
3868481
3868607
3868811
3869055
3869661
3869911
3870094
3870351
3870809
3870955
3871158
3871419
3871547
3871718
3871942
3872267
3872371
3872481
3872730
3872986
3873214
3873604
3873855
3874213
3874500
3874613
3874872
3874999
3875047
3875158
3875415
3875719
3875952
3876600
3876840
3877080
3877272
3877588
3877954
3878648
3879115
3879365
3879659
3880417
3880613
3880856
3881175
3881343
3881503
3881685
3881909
3882373
3882629
3882858
3882976
3883194
3883510
3883636
3883992
3884242
3886284
3886532
3886779
3887031
3887269
3887420
3887689
3887694
3888272
3888495
3888772
3888917
3889029
3889146
3889236
3889351
3889516
3889679
3889797
3889912
3890152
3890400
3890665
3890924
3891178
3891426
3891686
3892148
3892319
3892395
3892686
3892937
3893184
3893421
3893934
3894162
3894352
3894482
3894616
3894851
3894958
3895184
3895425
3895609
3895743
3895865
3895984
3896103
3896228
3897105
3897319
3897455
3897581
3897712
3897848
3897952
3897997
3898092
3898219
3898475
3898904
3899145
3899278
3899487
3899684
3899773
3899922
3900052
3900184
3900573
3900588
3900824
3901087
3901209
3901443
3901680
3901811
3901925
3902002
3902236
3902462
3902559
3902917
3903166
3903290
3903388
3903641
3903732
3904165
3904568
3904744
3905017
3905861
3906062
3906311
3906486
3906614
3906870
3907055
3907175
3907415
3907608
3907730
3908094
3908493
3908873
3908990
3909413
3909523
3909939
3910054
3910288
3910533
3910776
3910983
3911745
3911948
3912270
3912381
3912494
3912601
3912822
3912930
3913179
3913448
3913528
3913681
3913993
3914115
3914237
3914544
3915024
3915157
3915306
3915625
3915757
3917233
3917398
3917559
3917699
3917868
3917951
3918087
3918421
3918672
3918923
3919092
3919491
3919621
3919926
3920094
3920383
3920743
3921052
3921325
3921698
3921844
3922095
3922572
3922808
3922999
3923032
3923055
3923402
3923796
3924040
3924443
3925928
3926175
3926412
3926592
3926843
3927192
3927617
3927999
3928432
3928666
3928800
3928929
3929178
3929381
3929550
3929636
3929758
3929967
3930398
3930607
3930944
3931433
3931798
3932168
3932564
3932942
3933032
3933155
3933261
3933499
3933734
3933931
3934048
3934177
3934336
3934538
3934789
3935041
3935315
3935339
3935751
3936083
3936189
3936404
3936802
3937224
3937551
3937926
3938176
3938308
3938549
3938792
3939092
3939344
3939696
3939934
3940160
3940370
3940490
3941145
3941552
3941788
3942191
3942794
3943053
3943309
3943554
3944338
3944559
3944722
3945335
3945481
3945643
3945779
3945869
3946157
3946295
3946432
3946551
3946811
3946993
3947354
3947609
3947984
3948253
3948750
3948907
3949070
3949379
3949713
3949845
3950085
3950282
3950524
3950804
3951218
3951358
3951492
3951744
3952002
3952417
3952617
3952899
3953211
3953947
3954189
3954607
3955175
3955398
3955644
3955789
3956040
3956376
3956631
3956880
3957131
3957323
3957456
3957897
3958286
3958426
3958561
3958689
3958898
3959582
3959775
3960135
3960563
3960699
3961035
3961275
3961691
3961930
3962175
3962415
3962545
3962931
3963061
3963414
3963486
3963657
3963939
3964214
3964463
3964704
3964927
3965044
3965257
3965463
3965621
3965786
3966059
3966551
3966702
3966853
3967111
3967514
3967764
3967907
3968044
3968382
3969012
3969198
3969803
3969939
3970055
3970309
3970445
3970923
3971224
3971476
3971717
3971977
3972255
3972444
3972717
3973377
3973523
3973641
3973886
3974067
3974340
3974613
3974862
3975121
3975273
3975537
3975756
3976033
3976226
3976475
3977093
3977364
3977619
3977704
3977963
3978201
3978467
3978902
3979173
3979323
3979445
3979569
3979731
3979851
3979982
3980033
3980059
3980183
3980306
3980429
3980538
3980788
3981135
3981379
3981619
3982006
3982119
3982243
3982481
3982790
3983076
3983286
3983694
3983854
3984092
3984118
3984139
3984520
3984635
3984963
3985160
3985530
3985684
3985805
3985968
3986086
3986186
3986290
3986431
3986689
3986865
3987080
3987421
3987668
3987914
3988180
3988324
3988550
3988968
3989079
3989333
3989661
3989870
3990031
3990437
3990732
3990970
3991071
3991177
3991427
3991697
3991862
3992129
3992528
3992716
3992991
3993115
3993383
3993606
3993709
3994067
3994202
3996351
3996478
3996615
3996751
3996854
3996927
3997032
3997148
3997252
3997355
3997502
3997507
3997757
3998025
3998130
3998411
3998657
3998827
3999009
3999263
3999382
3999488
3999697
4000059
4000117
4000253
4000523
4000771
4000889
4000996
4001254
4001351
4001554
4001845
4001984
4002206
4002346
4002443
4002540
4002608
4002854
4002965
4003070
4003324
4003572
4003818
4004028
4004157
4004262
4004341
4004424
4004509
4004600
4004720
4004785
4004858
4005286
4005482
4005730
4005981
4006153
4006409
4006647
4006750
4006994
4007317
4007542
4007834
4007932
4008184
4008398
4008652
4008888
4009089
4009213
4009325
4009434
4009727
4010141
4010277
4010533
4010796
4011035
4011139
4011362
4011502
4011589
4012112
4012331
4012625
4012786
4012826
4012975
4013197
4013533
4013873
4014025
4014158
4014302
4014550
4014647
4014898
4015334
4015531
4015762
4016180
4016536
4016741
4016889
4017251
4017686
4018091
4018321
4018536
4019210
4019438
4019749
4020001
4020021
4020153
4020177
4020209
4020233
4020250
4020392
4020472
4020624
4020674
4020832
4020978
4021117
4021397
4021830
4022944
4023305
4023767
4024019
4024270
4024415
4024906
4025247
4025483
4025632
4025664
4028061
4028365
4028587
4029312
4029424
4029688
4029876
4030019
4030235
4030391
4030638
4031139
4031403
4031666
4031923
4032138
4032286
4032529
4032881
4033068
4033267
4033796
4034050
4034449
4034699
4034788
4034846
4035093
4035348
4035891
4036216
4036464
4036805
4036922
4037192
4037602
4037861
4038001
4038295
4038827
4039084
4039255
4039325
4039549
4039761
4040019
4041926
4042238
4042280
4042370
4042612
4042923
4043183
4043434
4043534
4043624
4043654
4043754
4043851
4043966
4044238
4044397
4044639
4044737
4044821
4045064
4045148
4045419
4045585
4045837
4046090
4046124
4046268
4046307
4046503
4046590
4046667
4046757
4046857
4047112
4047227
4047320
4047403
4047659
4047817
4048286
4048518
4048969
4049064
4049317
4049407
4049512
4049598
4049690
4049783
4049870
4049955
4050074
4050345
4050591
4050807
4051057
4051145
4051418
4051577
4051705
4051977
4052022
4052078
4052315
4052545
4052647
4052728
4052780
4053021
4053115
4053667
4053859
4054105
4054183
4054276
4054371
4054946
4055230
4055655
4055984
4056197
4056298
4056548
4056638
4056744
4056979
4057196
4057469
4057721
4058315
4058637
4058882
4059184
4059567
4059761
4059860
4060115
4060862
4060992
4061114
4061245
4061376
4061504
4061791
4062038
4062288
4062639
4062892
4063274
4063428
4063735
4063982
4064434
4064594
4064871
4065215
4065496
4065951
4066109
4066237
4066368
4066541
4066782
4067162
4067684
4067983
4068196
4068587
4068926
4069178
4069438
4069651
4070240
4070628
4071115
4071368
4071649
4071815
4072101
4072332
4072607
4073094
4073224
4073469
4073540
4075546
4075686
4076116
4076366
4076617
4076749
4077021
4077374
4077408
4077600
4077842
4078122
4078509
4079076
4079314
4079692
4080102
4080347
4080675
4080924
4081172
4081423
4081737
4081987
4082114
4082232
4082358
4082722
4082946
4083149
4083272
4083501
4083652
4083777
4083915
4084222
4084656
4085168
4085422
4085599
4085868
4086124
4086373
4086631
4086865
4087124
4087367
4087682
4087877
4088248
4088620
4089167
4089418
4089658
4090035
4090283
4090551
4090892
4091364
4091508
4092004
4092185
4092357
4092493
4092761
4092985
4093127
4093395
4093537
4093737
4093860
4094119
4094486
4094621
4095431
4095688
4095920
4096166
4096331
4096663
4097047
4097296
4097535
4097930
4098100
4098362
4098486
4098700
4098830
4098953
4099078
4099323
4099764
4099940
4100098
4100602
4100902
4101022
4101169
4101410
4101785
4101814
4102055
4102345
4102488
4102614
4102735
4102857
4102969
4103084
4103259
4103373
4103495
4103636
4103762
4103872
4103984
4104091
4104222
4105233
4105460
4105551
4105735
4105923
4106366
4106599
4106693
4107017
4107334
4107830
4108311
4108425
4108696
4108849
4109333
4109694
4109940
4110556
4110842
4110964
4111068
4111185
4111326
4111432
4111511
4111723
4111811
4111911
4112025
4112271
4112534
4112831
4113245
4113387
4113541
4113780
4114292
4114583
4115014
4115602
4115844
4116581
4116980
4117181
4117429
4117884
4118026
4118156
4118361
4118496
4118637
4118766
4119001
4119216
4119524
4119987
4120297
4120551
4121145
4121373
4121800
4122264
4122514
4122748
4123181
4123450
4123612
4123819
4123972
4124154
4124298
4124465
4124625
4126326
4126737
4126895
4127221
4127355
4127626
4127875
4127976
4128550
4128944
4129095
4129219
4129374
4129521
4129650
4129801
4130001
4130150
4130295
4130672
4130925
4131637
4131880
4132049
4132202
4132389
4132530
4132670
4132929
4134149
4134506
4134796
4135135
4135442
4135788
4136033
4136282
4136523
4136775
4137058
4137310
4137536
4137807
4137973
4138239
4138655
4139040
4139680
4139926
4140165
4140416
4140739
4140878
4141031
4141157
4141332
4141487
4142025
4142278
4142666
4142909
4143015
4143106
4143327
4143572
4144157
4144384
4144628
4144886
4145167
4145373
4146097
4146228
4146586
4146811
4146989
4147101
4147342
4147584
4147835
4147950
4148053
4148132
4148154
4148453
4148484
4148738
4148987
4149242
4149350
4149466
4149716
4150226
4150498
4150832
4151076
4151365
4151543
4151604
4151753
4151994
4152227
4152373
4152613
4152665
4152782
4153028
4153137
4153355
4153599
4153717
4153818
4154066
4154181
4154291
4154381
4154494
4154727
4154844
4154956
4155202
4155449
4155688
4155798
4156036
4156110
4156221
4156334
4156400
4156510
4156684
4156881
4156989
4157392
4157506
4157605
4157710
4157935
4158190
4158420
4158506
4158737
4159133
4159241
4159352
4159465
4159577
4159599
4159705
4159798
4159902
4159951
4160048
4160288
4160502
4160689
4161045
4161266
4161365
3683020
3683089
3683167
3683259
3683441
3683610
3684925
3685221
3685439
3685561
3685737
3685903
3686176
3686388
3686918
3687020
3687166
3687256
3687619
3687714
3687822
3687931
3688480
3688547
3688731
3689027
3689115
3689214
3689302
3690046
3690186
3690316
3690436
3690523
3690648
3690871
3691078
3691249
3691420
3691511
3691537
3691779
3692572
3692750
3692870
3692969
3693300
3693459
3693591
3693684
3693908
3694108
3694518
3694645
3695103
3695250
3695320
3695412
3695614
3695898
3696132
3696319
3696474
3696601
3696684
3696766
3696976
3697064
3697514
3697711
3697851
3698292
3698423
3698527
3698636
3698666
3698692
3698709
3698881
3698989
3699191
3699292
3699480
3699681
3699783
3699886
3699965
3700038
3700131
3700241
3700340
3700529
3700731
3701141
3701260
3701400
3701488
3701673
3701798
3701897
3702340
3702432
3702524
3702614
3702657
3702675
3702882
3702978
3703075
3703290
3703400
3703877
3703907
3704202
3704410
3704496
3705063
3705160
3705267
3705358
3705462
3705495
3705595
3705690
3705772
3705869
3705895
3706055
3706168
3706277
3706375
3706474
3706670
3706795
3706887
3707281
3707488
3707653
3707813
3708017
3708216
3708352
3708683
3709144
3709604
3709706
3709792
3710037
3710147
3710199
3710308
3710527
3710629
3710928
3711147
3711360
3711665
3711943
3712046
3712105
3712333
3712450
3712676
3712774
3712942
3713035
3713129
3713216
3713266
3713362
3713587
3713932
3714041
3714122
3714182
3714483
3714722
3715097
3715508
3715621
3715736
3715846
3715932
3716135
3716234
3716576
3717140
3717393
3717591
3717763
3717972
3718199
3718399
3718684
3718792
3718970
3719217
3719602
3719845
3720025
3720361
3720989
3721268
3721460
3721565
3721804
3722032
3722254
3722271
3722508
3722697
3722731
3722945
3723141
3723577
3724018
3724130
3724443
3724611
3724740
3724881
3725005
3725183
3725302
3725425
3725586
3725703
3725824
3725937
3726052
3726180
3726613
3726862
3727136
3727268
3727690
3728381
3728597
3728731
3728966
3729339
3729489
3729741
3729880
3730138
3730290
3730407
3730579
3730707
3730849
3730999
3731214
3731331
3731641
3731904
3732169
3732431
3732625
3732784
3732920
3733046
3733177
3733304
3733420
3733539
3733658
3733781
3733928
3734047
3734161
3734275
3734428
3735071
3735322
3735476
3735704
3736240
3736668
3737000
3737243
3737389
3738592
3738821
3739103
3739484
3739738
3739964
3740205
3740520
3740885
3740980
3741233
3741377
3741595
3741799
3741864
3741877
3741956
3742100
3742778
3743332
3743626
3744142
3744514
3744766
3744878
3745371
3745617
3745873
3746118
3746166
3746424
3746804
3747138
3747199
3747259
3747443
3747544
3747618
3747884
3748040
3748225
3748330
3748433
3748659
3748770
3748880
3749241
3749516
3749901
3750154
3750905
3751170
3751424
3751674
3751797
3751922
3751940
3752039
3752150
3752407
3752593
3752855
3753127
3753704
3753834
3753954
3754073
3754191
3754311
3754414
3754543
3754655
3754709
3754825
3754941
3755054
3755136
3755257
3755372
3755484
3757419
3757672
3757805
3758054
3758290
3758539
3758788
3758915
3759144
3759385
3759570
3759829
3760086
3760192
3760293
3760615
3760944
3761177
3761435
3761676
3761912
3762148
3762375
3762602
3762871
3763109
3763491
3763619
3763720
3763759
3763786
3764127
3764392
3764646
3764781
3765034
3765591
3765807
3765918
3766341
3766463
3767581
3767700
3767799
3767970
3768232
3768353
3768906
3769179
3769528
3769760
3770051
3770165
3770261
3770385
3770634
3770768
3771021
3771267
3771378
3771616
3771738
3771830
3771898
3772027
3772278
3772334
3774434
3774574
3774701
3775431
3775676
3776303
3776541
3776672
3776935
3777254
3777393
3777516
3778304
3778622
3778805
3778902
3778952
3779064
3779245
3779502
3779748
3779861
3780040
3780273
3780529
3780998
3781188
3781443
3781566
3781694
3781702
3781957
3782089
3782199
3782396
3782578
3782917
3783144
3783360
3783606
3783730
3783961
3784179
3784566
3784834
3784897
3785147
3785488
3785624
3786196
3786448
3786696
3787003
3788033
3788056
3788195
3788305
3788440
3788561
3788683
3788845
3788958
3789735
3789753
3789885
3790126
3790465
3790565
3790805
3791114
3791318
3791594
3792069
3792244
3792452
3792456
3792894
3793013
3793122
3793220
3793334
3793443
3793531
3793629
3793697
3793998
3794323
3794435
3794659
3794825
3794995
3795109
3795227
3795362
3795767
3795884
3796016
3796112
3796193
3796303
3796425
3796663
3796768
3796860
3797116
3797522
3797731
3797840
3798188
3798817
3798987
3799419
3800035
3800040
3800151
3800226
3800619
3800803
3800947
3801148
3801363
3801647
3801900
3802013
3802097
3802213
3802462
3802701
3803022
3803931
3804102
3804355
3804567
3804816
3805550
3805793
3806027
3806384
3806620
3806994
3807425
3807674
3807826
3808530
3808893
3809112
3809305
3809525
3809774
3810338
3810459
3810554
3810742
3811396
3811802
3812055
3812254
3812380
3812626
3812791
3813045
3813288
3813411
3813563
3813696
3813952
3814200
3814543
3816304
3816663
3816869
3817122
3817473
3817789
3818038
3818285
3818497
3818818
3818944
3819325
3819490
3819756
3819895
3820305
3820440
3820884
3821076
3821363
3821682
3822053
3822298
3822592
3822797
3822933
3823175
3823403
3823656
3824513
3824644
3824747
3824995
3825269
3825601
3826176
3826410
3826507
3826763
3826992
3827092
3827208
3827486
3827615
3827869
3828076
3828192
3828321
3828672
3828806
3829070
3829313
3829400
3829791
3830060
3830409
3830976
3831126
3832229
3832437
3832498
3832601
3832673
3832900
3833261
3834254
3834535
3834764
3835204
3835413
3835787
3836308
3836707
3836959
3837240
3837387
3837545
3837739
3837945
3838202
3838362
3838694
3838878
3839017
3839437
3841044
3841180
3841313
3841431
3841569
3841694
3841831
3843111
3843360
3843616
3843865
3844106
3844234
3844322
3844452
3844585
3844831
3845136
3845307
3845892
3846150
3846398
3846568
3846756
3847006
3847338
3847570
3847734
3848196
3848409
3848759
3848914
3849412
3849701
3849781
3849888
3850077
3850451
3850639
3850867
3850985
3851253
3851618
3851741
3851992
3852384
3852595
3852861
3852976
3853094
3853404
3853580
3853818
3853933
3854168
3854275
3854516
3854682
3854875
3855102
3855250
3855470
3855722
3855958
3856629
3856789
3857274
3857394
3857647
3857821
3858097
3858254
3858416
3858746
3858949
3859222
3859558
3859804
3860060
3860253
3860382
3860508
3860621
3860717
3860819
3860930
3861033
3861142
3861175
3861290
3861704
3861952
3862300
3862491
3862810
3863065
3863252
3863360
3863480
3863742
3863953
3864132
3864397
3864507
3864620
3864788
3865099
3865347
3865599
3865848
3865962
3866137
3866385
3866622
3866840
3866973
3867165
3867385
3867641
3867914
3868077
3868270
3868385
3868435
3868551
3868751
3868991
3869597
3869843
3870029
3870286
3870535
3870824
3870971
3871117
3871358
3871489
3871705
3871933
3872192
3872310
3872414
3872524
3872780
3872925
3873140
3873253
3873625
3873868
3874173
3874427
3874547
3874806
3874923
3875334
3875649
3875765
3876532
3876722
3876823
3876851
3876882
3877136
3877384
3877538
3877890
3878576
3879045
3879295
3879587
3879777
3880345
3880541
3880822
3880985
3881119
3881279
3881469
3881603
3881797
3882003
3882314
3882556
3882680
3882906
3883128
3883364
3883650
3883924
3884172
3886195
3886334
3886574
3886822
3887071
3887297
3887444
3887667
3887956
3887975
3888119
3888411
3888680
3888830
3888969
3889084
3889178
3889275
3889394
3889468
3889579
3889712
3889848
3889926
3890081
3890325
3890581
3890837
3890842
3891331
3891630
3891792
3892150
3892322
3892416
3892707
3892958
3893205
3893439
3893954
3894184
3894372
3894502
3894640
3894872
3894962
3895203
3895551
3895687
3897218
3897392
3897476
3897602
3897731
3897866
3897971
3898110
3898239
3898494
3898928
3899169
3899297
3899492
3899724
3899848
3899934
3900074
3900205
3900598
3900847
3901100
3901232
3901490
3901723
3901830
3901945
3902027
3902365
3902490
3902877
3903132
3903265
3903407
3903663
3903787
3904256
3904593
3904768
3905041
3905882
3906089
3906508
3906637
3906876
3907076
3907196
3907437
3907632
3907754
3908117
3908517
3908785
3908917
3909030
3909063
3909438
3909549
3909984
3910095
3910308
3910553
3910795
3911002
3911783
3911970
3912290
3912402
3912514
3912622
3912841
3912949
3913196
3913474
3913704
3914318
3914451
3914684
3914828
3914939
3915353
3915463
3915835
3915951
3916009
3916125
3916235
3916372
3916528
3916643
3916763
3916914
3917021
3918262
3918514
3918761
3919167
3919788
3920119
3920304
3920519
3920789
3920993
3921159
3921408
3921532
3921941
3922140
3922365
3922482
3922735
3923156
3923277
3923601
3923724
3923812
3924023
3924264
3924503
3924622
3924743
3924859
3924982
3925098
3925250
3925373
3925470
3925587
3925691
3925804
3926008
3926258
3926472
3926655
3926904
3927082
3927269
3927413
3927670
3927891
3928042
3928227
3928360
3929005
3929241
3930071
3930196
3930456
3930677
3930800
3930805
3931054
3931155
3931282
3931523
3931633
3931880
3932012
3932173
3932249
3932365
3932611
3932748
3932854
3932990
3933385
3933562
3933797
3934624
3934869
3935105
3935237
3935530
3935646
3935842
3935949
3936245
3936500
3936626
3936734
3937155
3937717
3937966
3938139
3938244
3938469
3938580
3938824
3939047
3939281
3939634
3939762
3940103
3940326
3940422
3940433
3940672
3941170
3941271
3941395
3941719
3942030
3942275
3942772
3943031
3943270
3943530
3943769
3944302
3945309
3945458
3945618
3945756
3945847
3945986
3946139
3946274
3946410
3946529
3946641
3946970
3947204
3947371
3947521
3947979
3948348
3948726
3948974
3949218
3949463
3949691
3949823
3949954
3950165
3950375
3950569
3950846
3951194
3951327
3951466
3951715
3951932
3952383
3952609
3952892
3953189
3953927
3954171
3954585
3954718
3954960
3955293
3955477
3955717
3955848
3956183
3956353
3956610
3956865
3957112
3957303
3957436
3957875
3958264
3958405
3958543
3958666
3958878
3959112
3959232
3959359
3959576
3959759
3960118
3960348
3960672
3961017
3961253
3961667
3961909
3962361
3962571
3962956
3963086
3963441
3963683
3963965
3964239
3964488
3964728
3964977
3965108
3965485
3965777
3965917
3966175
3966578
3966879
3967136
3967537
3967797
3967924
3968309
3968535
3968663
3968901
3969263
3969399
3969638
3969781
3970114
3970531
3970665
3970790
3971035
3971312
3971555
3971799
3972032
3972522
3972774
3972986
3973116
3973706
3974185
3974431
3974679
3974995
3975400
3975559
3975846
3976095
3976378
3976624
3976715
3976844
3976929
3977174
3977427
3977676
3977773
3978025
3978272
3978536
3978721
3978994
3980606
3980857
3981148
3981401
3981686
3982139
3982366
3982572
3982814
3982959
3983324
3983470
3983728
3983963
3984184
3984282
3984782
3985029
3985252
3985393
3986522
3986918
3987245
3987495
3987814
3988440
3988732
3988974
3989061
3989191
3989491
3989797
3990109
3990259
3990621
3991313
3991543
3991765
3991944
3992212
3992368
3992605
3992828
3993199
3993472
3993613
3993639
3993885
3994293
3994451
3994602
3994649
3994796
3994880
3995024
3995171
3995340
3995509
3995646
3995706
3995837
3995886
3996033
3996181
3997585
3997844
3998241
3998490
3998736
3998954
3999080
3999574
4000314
4000597
4001077
4001329
4001385
4001627
4001686
4002047
4002699
4003151
4003403
4003655
4003898
4004942
4005118
4005372
4005564
4005765
4006064
4006280
4006487
4006832
4007133
4007391
4007606
4007773
4008015
4008259
4008485
4008723
4008957
4009481
4009638
4009786
4010040
4010354
4010612
4010875
4011290
4011849
4012079
4012202
4012344
4012644
4012799
4012980
4013215
4013553
4013891
4014051
4014202
4014329
4014569
4014668
4014919
4015356
4015616
4015859
4016201
4016557
4016763
4017244
4017487
4017594
4017817
4017931
4018032
4018249
4018495
4018589
4018690
4018781
4018850
4018940
4019026
4019058
4019145
4019370
4019593
4019787
4021304
4021562
4021664
4021768
4022000
4022089
4022174
4022255
4022345
4022398
4022664
4022771
4022865
4023117
4023213
4023475
4023578
4023683
4023940
4024188
4024579
4024693
4024806
4025070
4025166
4025416
4025694
4025790
4025850
4025944
4025995
4026090
4026171
4026260
4026352
4026432
4026495
4026771
4026811
4026894
4026991
4027088
4027183
4027253
4027342
4027485
4027579
4027685
4027787
4027862
4027946
4028049
4028299
4028565
4028802
4028891
4028981
4029233
4029341
4029607
4029795
4030114
4030564
4030786
4030856
4030950
4031053
4031306
4031380
4031560
4031767
4032005
4032117
4032146
4032351
4032609
4032683
4032773
4032802
4033055
4033242
4033444
4033914
4034161
4034568
4034867
4035211
4035995
4036328
4036793
4037044
4037300
4037803
4038044
4038406
4039037
4039207
4039284
4039411
4039652
4039996
4040291
4040474
4040659
4040809
4040955
4041022
4041148
4041307
4041504
4041672
4041853
4042100
4042496
4042754
4043032
4043391
4044138
4044566
4044992
4045334
4045760
4046017
4046430
4047055
4047582
4048023
4048198
4048442
4048730
4048882
4049239
4050282
4050529
4050870
4051021
4051286
4051386
4051925
4052251
4052467
4052958
4053295
4053451
4053615
4054046
4054554
4054725
4054884
4055163
4055417
4055580
4055831
4056112
4056485
4056606
4056872
4057120
4057389
4057657
4057883
4058042
4058198
4058503
4058815
4059119
4059367
4059473
4059716
4061378
4061505
4061792
4062041
4062290
4062641
4062894
4063277
4063429
4063739
4063985
4064503
4064873
4065165
4065419
4065557
4065885
4066010
4066141
4066271
4066393
4066509
4066722
4067089
4067341
4067744
4067892
4068123
4068371
4068622
4068860
4069106
4069239
4069493
4069590
4069720
4069729
4070171
4070553
4071041
4071297
4071428
4071614
4071745
4071987
4072039
4072279
4072418
4072635
4073013
4073150
4073402
4073504
4075468
4075604
4075731
4075940
4076292
4076543
4076727
4076810
4077010
4077303
4077530
4077667
4077888
4078049
4078439
4078968
4079229
4079616
4080024
4080269
4080597
4080662
4080896
4081116
4081353
4081579
4081702
4081953
4082095
4082276
4082647
4082836
4082880
4083011
4083088
4083212
4083445
4083580
4083705
4083844
4084147
4084413
4084588
4085096
4085345
4085479
4085537
4085666
4085914
4086155
4086336
4086588
4086785
4087132
4087352
4087608
4087804
4088154
4088379
4088550
4089122
4089793
4089800
4090153
4090503
4090843
4091314
4091453
4091897
4092135
4092306
4092436
4092714
4092839
4092937
4093075
4093343
4093472
4093601
4093701
4093829
4094085
4094434
4094572
4094826
4095086
4095120
4095521
4095752
4095880
4096131
4096256
4096615
4096995
4097244
4097486
4097610
4098046
4098310
4098435
4098646
4098780
4098905
4099026
4099276
4099715
4099895
4100021
4100141
4100550
4100848
4100969
4101089
4101379
4101734
4102007
4102294
4102425
4102556
4102688
4102805
4102879
4103033
4103165
4103282
4103432
4103548
4103669
4103782
4103896
4103998
4104101
4104180
4104443
4104547
4104807
4104920
4105163
4105423
4105525
4105566
4105737
4105887
4106326
4106565
4106665
4106984
4107172
4107303
4107794
4108276
4108385
4108632
4108812
4109298
4109666
4109910
4110549
4110702
4110954
4111617
4112197
4112359
4112599
4112727
4112946
4113089
4113252
4113392
4113469
4113712
4113790
4114300
4114594
4115024
4115611
4115853
4116590
4116990
4117190
4117437
4117894
4118034
4118165
4118371
4118532
4118659
4118830
4119161
4119534
4119998
4120307
4120561
4121153
4121383
4121396
4121870
4122275
4122525
4122771
4123188
4123462
4123619
4123828
4123982
4124164
4124309
4124474
4124635
4126336
4126630
4126824
4127081
4127301
4127455
4127808
4128561
4129024
4129229
4129386
4129532
4129663
4129814
4130011
4130162
4130306
4130684
4130937
4131649
4131901
4132124
4132258
4132396
4132539
4132676
4132935
4134160
4134516
4134804
4135147
4135452
4135798
4136107
4136349
4136591
4136840
4137062
4137300
4137538
4137808
4137974
4138249
4138663
4139050
4139690
4139934
4140172
4140373
4140502
4140746
4141244
4141379
4141703
4141770
4141884
4142131
4142428
4142686
4142957
4143057
4143158
4143402
4143661
4144191
4144416
4144654
4144919
4145061
4145162
4145442
4146131
4146307
4146590
4146815
4147023
4147137
4147376
4147623
4147873
4147985
4148090
4148167
4148400
4148524
4148774
4149021
4149278
4149386
4149505
4149748
4150262
4150851
4151292
4151593
4151621
4151930
4152171
4152305
4152549
4152690
4152806
4153069
4153415
4153637
4153753
4153854
4154103
4154219
4154329
4154417
4154527
4154768
4154898
4155143
4155398
4155644
4155757
4155805
4156065
4156152
4156264
4156374
4156439
4156545
4156700
4156912
4157019
4157253
4157441
4157541
4157656
4157898
4158161
4158400
4158545
4158780
4159194
4159284
4159393
4159508
4159640
4159747
4159856
4159984
4160225
4160406
4160648
4160885
4161126
4161387
3683049
3683126
3683218
3683401
3683483
3683576
3684885
3685050
3685199
3685394
3685498
3685697
3685861
3686129
3686218
3686348
3686874
3686998
3687087
3687127
3687214
3687574
3687668
3687777
3687861
3688037
3688378
3688489
3688539
3688696
3688773
3689046
3689136
3689225
3689873
3690090
3690269
3690379
3690468
3690549
3690805
3691000
3691203
3691337
3691448
3691563
3691763
3692539
3692716
3692832
3692928
3693111
3693334
3693826
3693870
3693954
3694093
3694478
3694572
3694608
3695067
3695213
3695298
3695390
3695573
3695770
3695945
3696094
3696276
3696433
3696519
3696593
3696663
3696746
3696939
3697029
3697471
3697663
3697803
3698218
3698355
3698461
3698575
3698642
3698669
3698699
3698722
3698918
3699119
3699254
3699446
3699642
3699739
3699842
3699928
3700006
3700094
3700199
3700298
3700492
3700770
3700877
3700953
3701034
3701563
3701945
3702267
3702811
3703216
3703511
3703631
3703696
3703807
3704081
3704141
3704345
3704571
3704680
3704793
3704900
3705007
3706530
3706741
3706976
3707098
3707211
3707416
3707594
3707804
3707956
3708134
3708489
3708620
3708834
3708946
3709076
3709292
3709405
3709525
3709817
3709938
3710456
3710700
3710858
3711082
3711301
3711476
3711591
3711821
3712008
3712254
3712660
3712894
3713509
3713708
3713850
3714262
3714393
3714636
3714879
3715017
3715251
3715377
3715436
3716052
3716314
3716478
3716719
3716854
3716982
3717076
3717301
3717507
3717735
3717915
3718158
3718309
3718631
3718897
3719143
3719384
3719522
3719763
3720000
3720143
3720279
3720513
3720637
3720763
3720833
3721075
3721312
3721645
3721879
3722107
3722345
3722564
3722793
3723011
3723220
3723568
3723956
3724074
3724380
3724493
3724553
3724678
3724813
3724939
3725061
3725121
3725239
3725361
3725476
3725536
3725639
3725760
3725878
3725995
3726117
3726233
3726553
3726801
3727046
3727205
3727692
3728314
3728533
3728646
3728760
3728996
3729275
3729414
3729491
3729739
3729800
3730066
3730192
3730279
3730383
3730561
3730683
3730729
3730837
3730952
3731158
3731272
3731383
3731582
3731837
3732101
3732364
3732561
3732721
3732855
3732979
3733108
3733234
3733360
3733480
3733599
3733723
3733844
3733964
3734078
3734188
3734295
3734401
3735048
3735265
3735391
3735643
3736183
3736606
3736937
3737191
3737310
3737566
3737674
3737704
3738095
3738324
3738546
3738775
3739055
3739436
3739685
3739919
3740159
3740465
3740672
3740856
3740948
3741034
3741227
3741301
3741378
3741591
3741798
3741852
3742235
3742364
3742518
3742632
3742907
3743140
3743386
3743530
3743779
3743926
3744026
3744211
3744398
3744668
3744956
3745092
3745207
3745518
3745773
3746026
3746315
3746554
3746708
3746962
3747098
3747749
3747839
3748120
3748521
3748965
3749138
3749385
3749672
3749732
3750052
3750306
3750441
3750594
3750779
3751055
3751321
3751570
3752212
3752505
3752757
3752967
3753219
3753354
3753494
3753622
3755571
3755710
3755844
3756417
3756549
3756685
3756846
3756974
3757087
3757186
3757324
3757585
3757744
3757894
3758206
3758466
3758708
3759005
3759307
3759543
3759773
3760010
3760363
3760554
3760751
3760876
3761140
3761500
3761743
3762075
3763086
3763274
3763418
3763869
3763983
3763986
3764207
3764312
3764570
3764953
3765197
3765414
3765671
3766154
3766407
3766530
3766780
3766889
3767163
3767273
3767354
3767469
3767530
3767640
3767730
3767993
3768248
3768373
3768935
3769185
3769535
3769764
3770074
3770195
3770282
3770534
3770787
3770833
3771044
3771287
3771400
3771641
3771757
3771849
3771921
3772049
3772297
3772356
3774460
3774597
3774726
3775455
3776325
3776567
3776693
3776958
3777277
3777414
3778102
3778187
3778639
3778782
3778914
3779062
3779247
3779503
3779763
3779875
3779991
3780220
3780289
3780542
3781015
3781203
3781459
3781581
3781717
3781971
3782103
3782232
3782463
3782703
3782930
3783159
3783374
3783622
3783745
3783977
3784189
3784579
3784846
3784906
3785158
3785498
3785634
3786335
3786710
3787017
3787253
3787497
3787654
3787691
3787931
3788070
3788215
3788320
3788455
3788591
3788720
3788865
3788968
3789219
3789289
3789426
3789554
3789672
3789764
3790014
3790141
3790473
3790725
3790932
3790992
3791248
3791509
3791767
3791885
3792059
3792168
3792334
3792881
3792997
3793107
3793206
3793277
3793377
3793480
3793575
3793685
3793923
3794308
3794423
3794649
3794809
3794924
3795095
3795225
3795356
3795750
3795867
3795964
3796064
3796177
3796289
3796412
3796646
3796751
3796843
3797101
3797506
3797704
3797816
3798234
3798487
3798616
3798843
3798970
3799220
3799403
3800020
3800148
3800577
3800790
3800936
3800986
3801162
3801439
3801631
3801883
3801998
3802078
3802196
3802447
3802686
3803004
3803124
3803206
3803432
3803670
3803916
3804084
3804335
3804546
3804795
3805530
3805771
3805998
3806366
3806602
3806734
3807017
3807405
3807653
3807923
3808610
3808871
3808886
3809092
3809238
3809482
3809754
3809827
3810374
3810551
3810597
3810889
3811374
3811780
3812033
3812233
3812531
3812899
3813159
3813811
3814068
3814367
3814645
3814782
3814916
3815045
3815179
3815308
3815386
3815512
3815584
3815721
3815893
3816022
3816093
3816219
3816259
3816345
3816531
3816953
3817318
3817575
3817618
3817851
3818096
3818372
3818539
3818661
3819037
3819160
3819314
3819583
3819985
3820111
3820532
3820729
3821174
3821325
3821578
3821651
3821859
3821924
3822175
3822447
3822697
3822990
3823290
3823675
3823831
3823942
3824046
3824085
3824212
3824322
3824430
3824849
3825184
3825440
3825698
3825820
3826076
3826322
3826605
3826818
3827051
3827394
3827747
3827980
3828389
3828543
3828903
3829150
3829391
3829498
3829646
3829895
3830161
3830343
3830562
3830668
3830764
3830843
3831388
3831638
3832314
3832779
3832972
3833089
3833314
3833421
3833552
3833658
3833764
3833866
3833974
3834084
3834299
3834380
3834698
3835168
3835381
3836065
3836273
3836670
3836917
3837199
3837348
3837511
3837737
3837942
3838164
3838300
3838656
3838845
3838984
3839405
3839442
3839493
3841010
3841147
3841278
3841393
3841531
3841656
3841797
3843076
3843326
3843582
3843829
3844073
3844206
3844294
3844423
3844548
3844821
3845114
3845276
3845518
3845640
3845688
3845821
3846012
3846274
3846503
3846793
3846925
3847151
3847287
3847505
3847641
3847844
3848084
3848301
3848512
3848608
3848853
3849112
3849290
3849448
3849933
3850178
3850329
3850562
3850761
3851117
3851365
3851488
3851848
3852113
3852252
3852505
3852732
3852837
3853157
3853292
3853491
3853669
3854049
3854315
3854559
3854816
3855054
3855368
3855567
3855814
3856047
3856180
3856328
3856464
3856723
3857026
3857523
3857701
3857953
3858199
3858284
3858623
3858886
3859143
3859515
3859857
3860110
3860318
3860457
3860582
3860779
3860884
3861008
3861011
3861121
3861243
3861358
3861771
3862018
3862364
3862559
3862875
3863126
3863315
3863425
3863557
3863811
3864176
3864460
3864592
3864854
3865170
3865420
3865664
3865916
3866207
3866455
3866692
3866896
3867143
3867436
3867712
3867828
3867944
3868153
3868363
3868503
3868627
3868827
3869074
3869684
3869936
3870115
3870371
3870613
3870897
3871180
3871574
3871736
3872020
3872281
3872392
3872504
3872797
3873021
3873235
3873694
3874042
3874285
3874520
3874633
3874895
3875020
3875437
3875741
3875969
3876621
3876846
3877104
3877244
3877633
3877975
3878670
3879141
3880148
3880445
3880639
3880893
3881198
3881367
3881510
3881643
3881896
3882389
3882657
3882999
3883217
3883696
3884019
3884270
3886314
3887013
3887244
3887380
3887603
3887846
3888006
3888032
3888155
3888444
3888715
3888865
3889002
3889121
3889209
3889304
3889427
3889494
3889607
3889748
3889877
3889936
3890244
3890612
3890872
3891129
3891375
3891681
3891946
3892195
3892405
3892698
3892947
3893198
3893431
3893944
3894172
3894434
3894590
3894862
3894959
3895035
3895306
3895621
3895751
3896236
3897120
3897328
3897465
3897590
3897720
3897857
3898001
3898133
3898252
3898503
3898915
3899156
3899281
3899488
3899719
3899844
3899926
3900063
3900194
3900585
3900835
3901089
3901216
3901489
3901721
3901818
3901933
3902016
3902318
3902470
3902567
3902926
3903177
3903300
3903399
3903652
3903779
3904244
3904581
3904755
3905030
3905871
3906077
3906496
3906624
3906878
3907065
3907142
3907426
3907619
3907742
3908106
3908504
3908772
3908909
3909451
3909701
3909998
3910106
3910316
3910561
3910803
3911013
3911795
3911979
3912297
3912409
3912524
3912630
3912848
3912957
3913208
3913484
3913713
3914326
3914458
3914751
3914867
3915297
3915492
3915865
3916034
3916151
3916319
3916438
3916557
3916709
3916887
3917054
3918290
3918543
3918788
3919194
3919818
3920149
3920388
3921747
3921969
3922169
3922393
3922515
3922767
3923190
3923383
3923636
3924143
3924292
3924555
3924692
3924813
3924925
3925050
3925152
3925284
3925407
3925501
3925620
3925738
3926041
3926336
3926689
3927005
3927293
3927451
3927705
3927853
3927904
3928057
3928297
3928556
3929039
3929272
3930107
3930240
3930493
3930710
3930833
3931083
3931188
3931312
3931557
3931664
3931911
3932033
3932278
3932396
3932655
3932806
3933088
3933393
3934648
3934895
3935137
3935377
3935386
3936337
3936716
3936964
3937144
3937469
3937847
3938092
3938222
3938457
3938577
3938812
3939040
3939269
3939313
3939622
3939747
3939969
3940171
3940368
3940470
3941124
3941252
3941377
3941517
3941755
3942157
3942757
3943016
3943256
3944546
3944698
3945299
3945441
3945603
3945740
3945832
3945971
3946125
3946259
3946384
3946515
3946627
3946968
3947205
3947363
3947597
3947966
3948219
3948713
3948958
3949205
3949449
3949679
3949809
3949913
3950151
3950361
3950557
3950789
3951180
3951289
3951364
3951502
3951737
3951928
3952379
3952606
3952889
3953190
3953914
3954160
3954571
3954706
3954947
3955280
3955464
3955705
3955835
3956172
3956342
3956483
3956733
3956951
3957169
3957294
3957430
3957865
3958254
3958396
3958521
3958657
3958869
3959102
3959225
3959353
3959572
3959750
3960109
3960340
3960663
3961028
3961265
3961682
3961922
3962169
3962392
3962537
3962899
3963043
3963406
3963649
3963930
3964205
3964455
3964695
3964920
3965036
3965252
3965455
3965616
3965771
3965956
3966112
3966546
3966839
3967105
3967510
3967758
3967905
3968037
3968164
3968443
3968573
3968689
3968876
3969236
3969372
3969617
3969756
3970086
3970505
3970638
3970766
3970951
3971079
3971301
3972198
3972494
3972747
3972958
3973088
3973674
3974153
3974399
3974646
3974960
3975312
3975551
3975833
3976081
3976360
3976609
3976684
3976865
3977144
3977397
3977648
3977740
3978150
3978475
3978629
3978710
3978963
3980574
3980826
3981004
3981181
3981421
3981654
3981785
3982649
3982871
3983090
3983360
3983500
3983725
3983957
3984159
3984222
3984380
3984751
3985001
3985223
3985354
3986491
3986807
3987163
3987211
3987462
3987706
3988009
3988418
3988772
3989016
3989153
3989530
3989833
3990148
3990299
3990555
3991379
3991610
3991920
3992220
3992380
3992898
3993276
3993542
3993650
3993898
3994371
3994530
3994717
3994914
3995059
3995208
3995349
3995484
3995599
3995771
3995954
3996104
3996252
3997651
3997922
3998316
3998568
3998877
3999130
3999646
4000376
4000675
4001154
4001457
4001756
4002115
4002768
4003229
4003478
4003750
4004035
4005024
4005202
4005641
4005893
4006247
4006562
4006916
4007224
4007478
4007736
4008096
4008343
4008591
4008853
4009154
4009585
4009678
4009998
4010435
4010694
4010947
4011279
4011919
4012276
4012518
4012765
4012915
4013067
4013306
4013621
4013964
4014116
4014258
4014477
4014732
4014988
4015434
4015685
4015931
4016268
4016624
4016826
4017331
4017780
4018167
4018403
4019302
4019525
4019763
4020175
4020207
4020241
4020274
4020454
4020608
4020681
4020868
4021015
4021157
4021432
4021864
4022983
4023337
4024058
4024303
4024447
4024940
4025284
4025533
4025643
4025668
4028099
4028405
4028630
4029120
4029469
4029728
4029920
4030155
4030256
4030410
4030664
4031183
4031433
4031719
4031952
4032168
4032324
4032576
4032919
4033113
4033310
4033839
4034093
4034494
4034748
4035138
4035394
4035934
4036269
4036699
4036968
4037450
4037646
4037907
4038101
4038338
4038968
4039137
4039305
4039588
4039880
4040116
4040221
4040403
4040566
4040720
4040873
4041001
4041084
4041296
4041435
4041602
4041634
4041776
4042031
4042426
4042641
4042841
4043140
4043327
4044071
4044320
4044507
4044929
4045259
4045517
4045697
4045947
4046199
4046384
4046989
4047510
4047765
4047965
4048130
4048378
4048661
4048812
4049366
4049453
4049570
4049658
4049744
4049835
4049945
4050040
4050132
4050393
4050645
4050859
4051106
4051167
4051429
4051589
4051707
4052092
4052513
4052604
4052692
4052833
4053077
4053172
4053725
4053919
4054234
4054326
4054424
4055003
4055288
4055714
4056045
4056257
4056359
4056578
4056645
4056962
4057256
4057534
4058079
4058522
4058945
4059244
4059649
4059821
4060069
4060193
4060307
4060758
4061638
4061903
4062155
4062421
4062841
4063032
4063165
4063564
4063901
4064148
4064320
4064743
4065008
4065608
4065724
4065855
4066692
4066823
4066995
4067267
4067489
4067674
4068087
4068344
4068581
4068826
4069066
4069415
4069842
4069971
4070097
4070390
4070516
4070783
4070995
4071246
4071719
4071968
4072247
4072572
4072827
4072952
4073377
4073738
4073874
4074007
4074138
4074274
4074442
4074609
4075466
4075602
4075732
4075933
4076290
4076540
4076726
4076809
4077008
4077300
4077528
4077666
4077886
4078047
4078438
4078967
4079228
4079614
4080022
4080268
4080596
4080847
4081091
4081343
4081578
4081701
4081949
4082094
4082174
4082329
4082646
4082835
4082878
4083008
4083089
4083211
4083443
4083579
4083704
4083843
4084145
4084401
4084585
4085092
4085343
4085478
4085536
4085665
4085912
4086164
4086481
4086728
4086883
4087153
4087430
4087606
4087811
4088153
4088521
4088648
4089084
4089334
4089575
4089716
4090121
4090468
4090814
4091284
4091421
4091664
4091924
4092100
4092231
4092272
4092402
4092646
4092684
4092764
4092907
4093042
4093354
4093482
4093567
4093667
4093793
4094050
4094398
4094536
4094782
4094968
4095099
4095491
4095722
4095848
4096064
4096187
4096290
4096590
4096934
4097222
4097490
4097615
4098052
4098315
4098441
4098581
4098652
4098784
4098907
4099031
4099282
4099719
4100068
4100553
4100851
4100973
4101092
4101382
4101738
4102010
4102298
4102428
4102557
4102691
4102806
4103151
4103274
4103436
4103598
4103725
4103837
4103992
4104184
4104437
4104551
4104809
4104923
4105162
4105426
4105527
4105588
4105750
4105890
4106329
4106569
4106666
4106987
4107174
4107304
4107796
4108410
4108678
4108832
4109300
4109665
4109911
4110550
4110701
4110906
4110960
4111001
4111112
4111246
4111340
4111419
4111454
4111675
4111798
4111926
4112024
4112268
4112507
4112807
4113480
4113821
4113997
4114096
4114207
4114497
4114734
4114842
4115145
4115264
4115376
4115464
4115737
4116083
4116194
4116319
4116550
4116723
4116820
4117080
4117329
4117571
4117677
4117783
4118262
4118954
4119270
4119620
4119712
4119819
4119926
4120076
4120182
4120409
4120600
4120790
4120896
4121006
4121118
4121408
4121517
4121627
4121874
4121967
4122010
4122118
4122364
4122604
4122844
4122966
4123066
4123303
4124760
4124867
4124948
4125060
4125244
4125346
4125435
4125535
4125621
4125805
4125902
4126004
4126106
4126204
4126274
4126509
4126644
4126910
4127199
4127465
4127730
4127956
4128052
4128129
4128223
4128319
4128327
4128393
4128641
4128794
4128892
4130395
4130500
4130751
4130977
4131080
4131565
4131808
4132020
4132792
4133034
4133177
4133318
4133433
4133541
4133604
4133678
4133761
4133869
4134109
4134228
4134378
4134630
4134876
4134977
4135221
4135330
4135584
4135631
4135860
4136115
4136361
4136608
4136856
4137130
4137372
4137706
4138074
4138318
4138430
4138741
4138856
4139110
4139239
4139343
4139563
4139810
4140289
4140641
4141213
4141383
4141707
4141796
4141911
4142161
4142459
4142744
4142980
4143077
4143177
4143419
4143675
4144218
4144445
4144685
4144951
4145102
4145444
4146155
4146331
4146577
4146808
4147046
4147161
4147399
4147646
4147901
4148009
4148114
4148367
4148545
4148800
4149220
4149331
4149451
4149621
4149812
4150287
4150877
4151312
4151501
4151599
4151623
4151957
4152196
4152333
4152587
4152721
4152836
4153078
4153185
4153418
4153702
4153878
4154128
4154244
4154354
4154443
4154551
4154800
4154919
4155163
4155416
4155658
4155789
4156008
4156172
4156282
4156456
4156549
4156705
4156929
4157269
4157457
4157563
4157677
4157975
4158215
4158441
4158643
4158808
4159212
4159306
4159415
4159527
4159659
4159764
4159875
4160003
4160242
4160433
4160665
4161060
4161292
4161405
3682967
3683202
3683352
3683662
3683756
3683847
3683938
3684069
3684160
3684279
3684421
3684519
3684618
3684728
3684852
3685016
3685140
3685314
3685615
3685832
3686009
3686098
3686316
3686490
3686574
3686680
3686782
3687343
3687456
3687544
3687998
3688147
3688236
3688245
3688337
3688524
3688801
3688892
3688986
3689387
3689497
3689591
3689697
3689821
3690003
3690224
3690710
3690892
3691048
3691191
3691639
3691835
3691989
3692070
3692186
3692271
3692347
3692456
3692676
3693067
3693222
3693412
3694045
3694179
3694260
3694289
3694303
3694331
3694760
3694871
3694977
3695138
3695154
3695528
3695729
3695883
3696056
3696213
3696774
3696884
3697176
3697313
3697422
3697620
3697955
3698096
3698190
3698824
3699101
3699131
3699408
3699596
3700458
3700680
3700840
3700946
3700976
3701606
3701986
3702325
3702762
3702766
3702768
3703026
3703124
3703341
3703447
3703928
3704249
3704457
3704510
3705089
3705191
3705297
3705402
3705532
3705630
3705729
3705819
3705921
3706006
3706109
3706216
3706267
3706366
3706464
3706674
3706838
3707316
3707570
3707697
3707893
3708199
3708399
3708732
3709196
3709656
3709758
3710089
3710245
3710354
3710584
3710634
3710979
3711198
3711411
3711716
3711991
3712135
3712401
3712716
3712983
3713078
3713227
3713323
3713405
3713627
3713984
3714088
3714156
3714193
3714528
3714781
3715153
3715566
3715687
3715790
3715892
3715996
3716222
3716632
3717201
3717219
3717641
3717944
3718142
3718369
3718561
3718761
3719035
3719276
3719662
3719906
3720220
3720490
3720976
3721257
3721450
3721556
3721791
3722022
3722246
3722479
3722666
3722890
3723108
3723322
3723638
3724004
3724046
3724309
3726274
3726424
3726672
3726916
3727156
3727325
3727450
3727495
3727743
3727872
3727998
3728036
3728160
3728412
3728789
3729027
3729156
3729543
3729938
3730454
3731026
3731809
3731977
3732242
3732487
3732688
3734578
3734629
3734767
3734903
3735130
3735510
3735765
3735876
3736040
3736298
3736465
3736720
3736856
3737065
3737449
3737818
3737964
3738214
3738443
3738687
3738886
3739015
3739164
3739300
3739551
3739797
3740037
3740238
3740351
3740581
3740727
3741119
3741456
3741680
3741816
3741841
3741925
3742230
3742357
3742481
3742604
3742832
3743099
3743352
3743495
3743743
3743886
3743986
3744132
3744359
3744628
3744913
3745053
3745171
3745308
3745481
3745738
3745986
3746274
3746516
3746671
3746929
3746971
3747063
3747763
3747965
3748467
3748599
3748923
3749062
3749092
3749345
3749488
3749887
3750138
3750946
3751155
3751410
3751658
3751783
3751901
3752016
3752339
3752402
3752591
3752861
3753116
3753688
3753813
3753940
3754058
3754176
3754287
3754401
3754520
3754636
3754697
3754811
3754928
3755042
3755366
3755480
3757407
3757662
3757801
3758050
3758277
3758523
3758774
3758895
3759135
3759373
3759557
3759675
3759932
3760128
3760231
3760442
3760604
3760933
3761165
3761395
3761623
3761860
3761903
3762140
3762367
3762589
3762858
3763095
3763478
3763608
3763707
3763755
3763782
3764122
3764379
3764632
3764767
3765021
3765222
3765474
3765753
3766231
3766607
3766999
3767839
3768103
3768472
3768606
3769049
3769149
3769207
3769335
3769567
3769798
3769923
3770396
3770654
3770902
3771153
3771502
3772162
3772465
3772594
3772706
3772828
3772917
3773044
3773168
3773293
3773419
3773548
3774548
3774679
3775546
3775786
3776417
3776656
3777050
3777375
3777507
3778319
3778738
3778873
3778950
3779081
3779328
3779607
3779843
3779949
3780195
3780374
3780631
3781107
3781299
3781675
3781810
3782066
3782196
3782329
3782606
3783024
3783248
3783469
3783712
3784040
3784276
3784671
3784888
3785105
3785354
3785601
3785843
3786439
3786818
3787126
3787378
3787624
3787796
3788159
3788307
3788444
3788584
3788704
3788896
3789194
3789395
3789530
3789658
3789863
3790113
3790536
3790677
3791099
3791348
3791628
3792012
3792432
3792744
3793886
3794141
3794482
3794725
3795170
3795553
3795696
3796616
3797071
3797318
3797458
3797990
3798261
3798432
3798765
3799171
3799359
3799607
3799741
3799872
3800126
3800353
3800556
3800890
3801329
3801586
3801843
3802398
3802643
3802864
3803375
3803654
3803898
3804186
3804436
3804689
3804884
3805021
3805155
3805260
3805287
3805422
3805626
3805826
3806104
3806248
3806502
3806761
3806770
3806796
3806896
3806910
3807153
3807262
3807510
3807760
3807997
3808121
3808778
3808984
3809371
3809618
3809858
3810027
3810139
3810272
3810511
3810573
3810771
3810980
3811101
3811226
3811493
3811642
3811892
3812149
3812512
3812882
3813135
3813787
3814043
3814340
3814616
3814752
3814885
3815014
3815150
3815279
3815358
3815482
3815553
3815691
3815820
3815862
3815994
3816064
3816191
3816255
3816343
3816528
3816951
3817292
3817549
3817670
3817883
3818128
3818349
3818514
3818637
3819015
3819137
3819562
3819964
3820090
3820209
3820511
3820709
3821152
3821319
3821572
3821801
3821861
3822115
3822426
3822678
3822968
3823267
3823511
3823698
3823812
3823923
3824024
3824071
3824540
3824782
3825118
3825389
3825636
3826008
3826258
3826543
3826913
3827078
3827229
3827513
3827642
3827898
3828103
3828233
3828702
3828836
3829108
3829360
3829830
3830099
3830479
3831019
3831166
3831325
3831570
3831776
3831913
3832030
3832142
3832267
3832474
3832503
3832609
3832705
3833185
3833363
3834326
3834576
3834803
3835245
3835452
3835827
3836348
3836749
3837043
3837279
3837425
3837587
3837971
3838243
3838490
3838731
3838922
3839056
3839474
3841086
3841228
3841359
3841471
3841605
3841736
3841870
3843149
3843395
3843654
3843991
3844161
3844337
3844468
3844600
3844862
3845176
3845341
3845355
3845584
3845752
3846075
3846342
3846621
3846859
3847352
3848868
3849128
3849357
3849514
3849999
3850240
3850390
3850729
3851184
3851445
3851567
3851918
3852180
3852456
3852797
3853225
3853362
3853566
3853772
3853887
3853982
3854194
3854423
3854663
3854775
3855014
3855236
3855460
3855706
3855943
3856612
3856771
3856889
3857142
3857252
3857364
3857377
3857630
3857803
3858081
3858249
3858410
3858732
3858938
3859205
3859538
3859783
3860039
3860232
3860340
3860430
3860548
3860655
3860695
3860802
3860900
3860972
3861079
3861155
3861265
3861682
3861932
3862279
3862471
3862787
3863043
3863231
3863339
3863453
3863535
3863768
3863987
3864375
3864482
3864526
3864771
3865080
3865196
3865444
3865681
3865932
3866114
3866365
3866601
3866822
3866951
3867146
3867366
3867617
3867734
3867848
3867962
3868172
3868332
3868429
3868544
3868744
3868983
3869591
3869834
3870010
3870022
3870280
3870530
3870817
3870964
3871112
3871350
3871459
3871700
3871932
3872184
3872299
3872408
3872516
3872775
3872921
3873598
3873849
3874176
3874440
3874464
3874536
3874541
3874795
3874912
3874935
3875347
3875652
3875770
3876536
3876725
3876825
3876854
3877031
3877169
3877423
3877871
3878115
3878599
3879048
3879299
3879590
3879782
3880350
3880546
3880790
3880986
3881124
3881282
3881470
3881604
3881860
3882316
3882560
3882684
3882909
3883130
3883368
3883655
3883925
3884175
3886207
3886338
3886590
3886833
3887073
3887300
3887446
3887670
3887879
3887977
3888123
3888414
3888683
3888835
3888972
3889089
3889182
3889277
3889396
3889547
3889651
3889723
3889851
3889927
3890327
3890583
3890839
3891100
3891346
3891592
3891755
3891985
3892229
3892372
3892663
3892914
3893179
3893600
3893916
3894141
3894330
3894460
3894575
3894829
3894950
3895166
3895409
3895585
3895718
3895845
3895958
3896070
3896173
3896416
3897085
3897454
3897585
3897710
3897847
3897953
3898090
3898220
3898474
3898596
3898903
3899146
3899276
3899484
3899717
3899840
3899920
3900050
3900186
3900571
3900820
3901085
3901208
3901438
3901678
3901809
3901921
3902458
3902555
3902913
3903162
3903287
3903384
3903639
3903755
3904164
3904567
3904741
3905014
3905854
3906060
3906445
3906577
3906869
3907050
3907171
3907411
3907604
3907725
3908090
3908494
3908760
3908886
3909024
3909411
3909522
3909936
3910053
3910282
3910528
3910772
3910979
3911742
3911943
3912265
3912374
3912476
3912580
3912819
3912925
3913173
3913442
3913676
3914286
3914421
3914693
3914820
3914929
3915343
3915451
3915834
3915943
3915996
3916116
3916226
3916370
3916486
3916601
3916694
3916797
3916922
3917014
3918252
3918503
3918750
3919156
3919777
3920110
3920297
3920506
3920645
3921105
3921196
3921428
3921551
3921961
3922162
3922385
3922504
3922758
3923179
3923240
3923480
3923675
3923772
3923978
3924211
3924327
3924553
3924689
3924809
3924917
3925043
3925145
3925273
3925369
3925492
3925610
3925729
3926031
3926327
3926678
3926993
3927282
3927428
3927689
3927824
3927898
3928055
3928330
3928544
3929027
3929260
3930093
3930220
3930474
3930698
3930822
3931072
3931175
3931302
3931544
3931652
3931900
3932022
3932267
3932384
3932652
3932805
3932862
3932993
3933389
3933623
3934231
3934693
3934939
3935183
3935394
3935543
3935658
3935851
3935960
3936258
3936515
3936642
3936896
3937065
3937314
3937416
3937649
3937774
3938018
3938408
3938682
3938921
3939165
3939434
3939552
3939845
3940029
3940266
3940590
3940788
3940900
3941011
3941112
3941648
3941891
3942008
3942131
3942333
3943072
3943333
3943583
3943826
3944544
3944738
3945353
3945498
3945661
3945799
3945890
3946177
3946316
3946451
3946583
3946829
3947013
3947408
3947654
3948033
3948277
3948771
3949020
3949260
3949504
3949730
3949862
3950102
3950296
3950539
3950822
3951238
3951379
3951518
3951768
3952021
3952434
3952618
3952908
3953228
3953963
3954205
3954624
3954966
3955230
3955455
3955727
3955871
3956218
3956393
3956649
3956906
3957147
3957345
3957789
3958310
3958449
3958587
3958709
3958919
3959150
3959281
3959526
3959800
3960166
3960586
3960855
3961058
3961297
3961713
3961949
3962195
3962432
3962568
3962953
3963083
3963440
3963680
3963961
3964236
3964484
3964725
3964975
3965106
3965483
3965641
3965775
3965912
3966164
3966575
3966870
3967132
3967535
3967784
3967920
3968063
3968189
3968534
3968662
3968898
3969325
3969461
3969717
3970175
3970588
3970726
3970837
3971049
3971340
3971588
3971855
3972083
3972582
3972830
3973041
3973173
3973763
3974244
3974491
3974750
3975048
3975449
3975575
3975860
3976109
3976394
3976643
3976776
3976974
3977252
3977506
3977825
3978079
3978339
3978598
3978766
3979044
3980659
3980937
3981262
3981500
3981731
3981860
3981896
3982372
3982602
3982839
3983104
3983414
3983557
3983911
3984211
3984364
3984832
3985285
3986576
3986974
3987298
3987544
3987798
3988030
3988426
3988788
3989031
3989243
3989544
3989850
3990168
3990317
3990571
3991402
3991661
3992010
3992309
3992631
3992920
3993297
3993565
3993649
3993900
3994395
3994550
3994739
3994935
3995124
3995314
3995460
3995617
3995790
3995973
3996126
3996269
3997666
3997941
3998336
3999921
4000451
4000696
4001174
4001475
4001914
4002666
4003136
4003387
4003640
4003877
4004927
4005085
4005105
4005359
4005549
4005747
4006046
4006265
4006472
4006817
4007106
4007268
4007590
4007756
4008001
4008245
4008465
4008708
4008944
4009351
4009561
4009606
4009627
4009779
4010105
4010341
4010598
4010857
4011192
4011408
4011835
4012062
4012495
4012628
4012789
4012831
4012981
4013202
4014294
4014315
4014630
4014783
4014905
4015339
4015538
4015768
4016185
4016542
4016748
4016896
4017258
4017692
4018097
4018329
4018542
4018605
4019219
4019450
4019750
4019999
4020155
4020165
4020202
4020225
4020251
4020396
4020480
4020631
4020784
4020842
4020987
4021126
4021404
4021838
4022954
4023313
4023776
4024026
4024278
4024422
4024915
4025256
4025534
4025642
4025667
4028070
4028374
4028595
4029087
4029436
4029697
4029884
4030026
4030203
4030509
4031132
4031440
4031723
4032032
4032189
4032429
4032946
4033140
4033333
4033496
4033866
4034288
4034518
4034792
4035162
4035415
4035956
4036290
4036721
4036991
4037242
4037671
4037930
4038356
4038988
4039164
4039362
4039606
4039904
4040138
4040241
4040426
4040586
4040741
4040911
4041008
4041099
4041262
4041456
4041622
4041798
4042050
4042446
4042723
4042999
4043344
4044091
4044335
4044527
4044948
4045280
4045641
4045967
4046326
4047006
4047535
4047911
4048072
4048151
4048399
4048682
4048833
4049195
4050239
4050489
4050865
4051181
4051325
4051803
4052128
4052424
4052915
4053255
4053481
4053742
4054008
4054509
4054684
4054840
4055118
4055373
4056260
4056440
4056589
4056827
4057075
4057342
4057610
4057835
4057995
4058154
4058385
4058543
4058774
4059079
4059321
4059465
4059704
4059952
4060572
4061406
4061642
4061900
4062086
4062328
4062435
4062744
4062934
4063066
4063471
4063581
4063831
4064060
4064172
4064227
4064644
4064758
4064919
4065157
4065293
4065618
4065732
4065848
4066631
4066816
4066953
4067210
4067424
4067557
4067679
4067990
4068241
4068480
4068745
4068986
4069309
4069733
4069862
4069989
4070112
4070285
4070413
4070680
4070797
4070903
4071152
4071477
4071856
4072139
4072251
4072470
4072705
4072723
4072848
4072970
4073275
4073629
4073760
4073895
4074027
4074153
4074195
4074315
4074446
4074494
4074622
4074651
4074771
4074845
4074967
4075077
4075170
4075237
4075355
4075792
4075943
4076158
4076406
4076641
4076764
4076928
4078180
4078293
4078399
4078618
4078702
4078779
4078872
4079110
4079345
4079464
4079586
4079838
4079889
4080139
4080388
4080506
4080755
4080962
4081289
4081493
4081700
4081950
4082093
4082173
4082326
4082645
4082830
4082877
4082983
4083087
4083210
4083444
4083578
4083703
4083841
4084143
4084398
4084583
4085091
4085344
4085476
4085534
4085664
4085911
4086154
4086334
4086585
4086788
4086882
4086969
4087260
4087332
4087602
4087802
4088151
4088410
4088548
4089082
4089310
4089446
4089573
4089714
4090118
4090466
4090812
4091283
4091417
4091662
4091921
4092097
4092232
4092271
4092401
4092644
4092682
4092805
4092908
4093040
4093546
4093665
4093791
4094048
4094396
4094534
4094781
4094964
4095097
4095488
4095718
4095845
4096059
4096185
4096287
4096587
4096931
4097038
4097204
4097446
4097572
4098008
4098274
4098401
4098609
4098744
4098869
4098991
4099241
4099678
4099859
4099981
4100055
4100511
4100811
4100931
4101038
4101303
4101696
4101966
4102268
4102398
4102523
4102666
4102783
4102893
4103014
4103164
4103285
4103409
4103525
4103581
4103704
4103824
4103938
4104049
4104162
4104440
4104529
4104777
4104904
4105350
4105511
4105564
4105732
4105869
4106308
4106549
4106648
4106971
4107158
4107283
4107775
4108251
4108363
4108469
4108759
4109275
4109639
4109893
4110546
4110696
4110950
4111025
4111131
4111139
4111228
4111297
4111397
4111478
4111692
4111776
4111866
4111958
4112059
4112484
4112788
4113008
4113154
4113636
4113886
4114021
4114137
4114357
4114470
4114706
4114824
4114917
4115207
4115318
4115435
4115711
4116050
4116160
4116262
4116364
4116492
4116708
4116862
4117281
4117549
4117644
4117792
4118235
4118917
4119087
4119311
4119423
4119637
4119748
4119855
4120095
4120199
4120428
4120623
4120809
4120915
4121030
4121174
4121429
4121664
4121889
4121985
4122083
4122347
4122438
4122596
4122836
4122959
4123058
4123294
4124754
4124861
4124940
4125047
4125238
4125342
4125430
4125529
4125605
4125717
4125831
4125896
4125997
4126094
4126190
4126263
4126295
4126501
4126636
4126902
4127168
4127456
4127701
4127948
4128045
4128123
4128213
4128280
4128386
4128634
4128787
4128886
4130389
4130501
4130747
4130850
4130948
4131076
4131174
4131226
4131325
4131423
4131514
4131783
4131885
4132040
4132785
4133173
4133277
4133361
4133472
4133570
4133699
4133997
4134094
4134223
4134373
4134625
4134872
4134973
4135217
4135321
4135516
4135626
4135859
4136110
4136356
4136603
4136851
4137125
4137366
4137703
4138069
4138314
4138422
4138559
4138734
4138850
4139102
4139221
4139303
4139389
4139495
4139600
4139984
4140194
4140567
4141141
4141268
4141701
4141769
4141881
4142129
4142434
4142721
4142955
4143055
4143156
4143400
4143666
4144188
4144414
4144713
4144917
4145060
4145161
4145441
4146132
4146304
4146585
4146814
4147021
4147135
4147374
4147621
4147870
4147982
4148089
4148165
4148397
4148522
4148772
4149019
4149276
4149384
4149500
4149746
4150261
4150848
4151290
4151483
4151594
4151928
4152169
4152304
4152548
4152688
4152803
4153049
4153160
4153390
4153634
4153748
4153850
4154100
4154215
4154324
4154413
4154532
4154763
4154894
4155140
4155608
4155753
4155987
4156147
4156259
4156370
4156434
4156543
4156698
4156907
4157024
4157248
4157436
4157537
4157653
4157893
4158158
4158395
4158539
4158778
4159187
4159281
4159388
4159500
4159633
4159739
4159849
4159977
4160217
4160399
4160643
4160900
4161121
4161335
4161441
4161759
4161882
3683366
3683459
3683585
3684898
3685154
3685406
3685516
3685708
3685872
3686140
3686230
3686360
3687274
3687587
3687680
3687789
3687874
3688043
3688387
3688494
3688541
3688723
3689003
3689093
3689189
3689277
3689887
3690100
3690280
3690391
3690476
3690568
3690838
3691013
3691213
3691369
3691459
3691574
3691750
3692508
3692723
3692839
3692936
3693122
3693345
3693478
3693562
3693644
3693726
3693809
3693880
3693964
3694588
3694968
3695226
3695307
3695398
3695584
3695781
3695955
3696105
3696289
3696445
3696543
3696642
3696726
3696946
3697032
3697480
3697674
3697815
3698254
3698367
3698495
3698605
3698655
3698678
3698725
3698921
3699122
3699826
3699941
3700054
3700104
3700211
3700310
3700504
3700697
3701107
3701222
3701316
3701373
3701464
3701647
3701769
3701873
3702071
3702181
3702368
3702456
3702779
3703177
3703377
3703593
3703664
3703773
3703983
3704103
3704311
3704536
3704648
3704754
3704864
3704973
3705025
3706498
3706706
3706938
3707058
3707171
3707379
3707533
3707725
3708342
3708459
3708584
3708791
3708909
3709020
3709057
3709272
3709386
3709480
3709582
3709809
3709925
3710420
3710662
3710780
3710825
3711046
3711269
3711440
3711556
3711784
3712062
3712219
3712472
3712591
3712814
3713474
3713679
3713811
3714224
3714358
3714596
3714841
3714980
3715212
3715340
3715402
3716015
3716275
3716433
3716675
3716844
3717037
3717258
3717469
3717700
3717879
3718056
3718222
3718439
3718601
3718858
3719107
3719342
3719484
3719723
3719961
3720106
3720240
3720458
3720587
3720660
3720795
3721038
3721210
3721606
3721842
3722068
3722293
3722529
3722734
3722951
3723154
3723373
3723492
3723682
3724052
3724282
3726308
3726458
3726707
3726951
3727357
3727529
3727781
3727909
3728072
3728195
3728442
3728828
3729068
3729193
3729582
3729977
3730495
3731070
3731490
3731739
3732019
3732275
3732530
3734493
3734667
3734814
3734945
3735172
3735554
3735801
3735921
3736084
3736339
3736508
3736764
3736900
3737104
3737489
3737863
3738008
3738254
3738487
3738729
3738929
3739965
3740207
3740365
3740626
3740768
3741157
3741497
3741720
3741820
3741847
3742188
3742323
3742444
3742528
3742641
3742901
3743150
3743399
3743539
3743795
3743936
3744230
3744407
3744777
3745028
3745216
3745581
3745785
3745913
3746329
3746567
3746720
3746986
3747762
3748008
3748536
3748976
3749152
3749435
3749667
3749803
3750065
3750318
3750450
3750606
3750791
3751067
3751334
3751583
3752226
3752518
3752773
3752980
3753232
3753743
3753862
3753994
3754124
3754238
3754372
3754499
3754583
3754745
3754863
3754980
3755089
3755171
3755365
3755430
3757462
3757836
3758085
3758394
3758580
3758828
3759087
3759188
3759424
3759607
3759885
3760123
3760227
3760435
3760649
3760985
3761213
3761445
3761683
3761946
3762186
3762412
3762641
3763343
3763594
3763736
3763767
3763947
3764212
3764439
3764689
3764820
3765071
3765276
3765526
3765784
3765907
3765953
3766286
3766661
3767050
3767897
3768156
3768708
3768792
3769039
3769153
3769232
3769360
3769621
3769850
3769977
3770462
3770705
3770956
3771206
3771559
3772222
3772525
3772652
3772775
3772884
3772976
3773102
3773225
3773351
3773421
3773552
3773633
3773764
3773981
3774094
3774174
3774243
3774275
3774365
3774802
3774954
3775068
3775188
3775312
3775465
3775677
3775869
3775979
3776389
3776628
3776751
3777027
3777347
3777484
3778166
3778708
3778870
3778958
3779205
3779361
3779585
3779816
3779923
3780167
3780347
3780605
3781078
3781273
3781646
3781785
3782038
3782171
3782303
3782549
3782993
3783220
3783445
3783688
3783941
3784248
3784644
3784883
3785079
3785328
3785576
3785820
3786412
3786785
3787096
3787351
3787584
3787769
3788129
3788269
3788396
3788535
3788668
3788838
3788998
3789251
3789366
3789504
3789630
3789833
3790085
3790505
3790635
3790880
3791191
3791443
3791706
3791978
3792303
3792575
3792724
3792840
3793856
3794107
3794248
3794580
3795058
3795212
3795531
3795669
3796589
3797041
3797298
3797432
3797966
3798107
3798112
3798378
3798739
3799102
3799330
3799575
3799880
3800123
3800333
3800527
3800873
3801298
3801552
3801812
3802365
3802585
3802826
3802964
3803323
3803562
3803827
3804239
3804482
3804737
3804936
3805077
3805206
3805272
3805317
3805455
3805680
3805874
3806156
3806301
3806557
3806809
3806944
3807198
3807311
3807561
3807807
3808057
3808184
3808311
3808427
3808649
3808775
3809021
3809413
3809661
3809902
3810071
3810237
3810480
3810531
3810803
3811020
3811141
3811267
3811536
3811682
3811700
3811945
3812188
3812551
3812924
3813180
3813830
3814089
3814120
3814385
3814663
3814800
3814934
3815064
3815197
3815328
3815452
3815603
3815739
3815910
3816037
3816109
3816232
3816262
3816350
3816534
3816958
3817332
3817590
3817752
3817922
3818164
3818389
3818555
3818672
3819051
3819173
3819597
3820002
3820123
3820542
3820739
3821185
3821327
3821580
3821831
3821932
3822186
3822457
3822709
3823000
3823306
3823547
3823729
3823844
3823956
3824095
3824247
3824388
3824881
3825221
3825479
3825733
3825857
3826111
3826358
3826641
3826885
3827334
3827784
3828011
3828419
3828573
3828980
3829222
3829472
3829583
3829591
3829678
3829929
3830198
3830380
3830594
3830826
3831429
3832272
3832477
3832814
3833009
3833131
3833353
3833378
3833502
3833597
3833705
3833807
3833900
3834007
3834015
3834119
3834359
3834651
3834910
3835009
3835096
3835341
3835561
3835683
3835930
3835947
3836509
3836615
3836861
3837126
3837693
3837817
3838062
3838412
3838607
3839173
3839339
3839556
3839738
3839869
3840022
3840143
3840313
3840430
3840549
3840669
3840790
3840901
3841991
3842131
3842247
3842365
3842521
3842641
3842732
3842782
3842899
3843012
3843268
3843515
3843763
3843938
3844748
3845100
3845448
3845939
3846198
3846446
3846694
3847048
3848600
3848822
3849068
3849286
3849445
3849930
3850175
3850327
3850560
3850760
3851115
3851363
3851486
3851846
3852110
3852249
3852301
3852553
3852730
3852844
3853155
3853291
3853487
3853666
3854047
3854313
3854557
3854813
3855053
3855369
3855566
3855813
3856045
3856179
3856327
3856463
3856607
3857025
3857522
3857700
3857951
3858197
3858282
3858556
3858803
3859024
3859281
3859416
3859648
3859975
3860208
3861418
3861573
3861827
3862083
3862203
3862411
3862629
3862773
3863027
3863614
3863872
3864060
3864249
3864656
3864920
3865051
3865237
3865483
3865730
3866014
3866267
3866518
3866527
3866758
3866921
3867201
3867521
3868857
3868969
3869117
3869254
3869407
3869532
3869749
3870173
3870427
3870446
3870682
3870919
3871208
3871481
3871860
3872134
3872604
3872851
3873133
3873357
3873566
3873802
3873937
3874114
3874361
3874725
3875103
3875258
3875515
3875847
3876056
3876197
3876324
3876457
3876702
3876785
3876868
3877128
3877322
3877550
3877738
3877869
3878051
3878179
3878317
3878445
3878692
3878876
3879020
3879251
3879513
3879761
3879958
3880092
3880260
3880517
3880762
3881039
3881403
3881494
3881781
3882028
3882208
3882450
3882726
3883063
3883313
3883575
3883769
3883894
3884137
3884395
3884559
3884684
3884806
3884915
3884999
3885124
3885248
3885356
3885478
3885600
3885661
3885785
3885935
3886007
3886136
3886426
3886670
3886918
3887163
3887509
3887759
3888306
3888601
3889992
3890252
3890272
3890492
3890752
3891020
3891260
3891510
3891850
3892057
3892301
3892557
3892827
3893076
3893300
3893536
3893651
3893768
3894018
3894266
3896294
3896467
3896571
3896682
3896795
3896891
3896997
3897243
3898383
3898628
3898948
3899188
3899317
3899495
3899727
3899853
3899956
3900096
3900227
3900618
3900867
3901119
3901248
3901499
3901730
3901847
3901964
3902092
3902385
3902518
3902954
3903206
3903326
3903443
3903714
3904172
3904613
3904788
3905061
3905903
3906108
3906526
3906772
3907092
3907210
3907454
3907649
3907772
3908136
3908535
3908804
3908922
3909074
3909730
3910001
3910108
3910432
3910645
3910901
3911138
3911800
3911981
3912302
3912413
3912527
3912634
3912852
3912961
3913211
3913486
3913716
3914329
3914572
3914735
3914850
3915299
3915503
3915870
3916038
3916156
3916320
3916440
3916559
3916715
3916835
3916949
3917059
3918295
3918548
3918793
3919200
3919823
3920154
3920396
3920667
3920817
3921016
3921184
3921447
3921567
3921975
3922175
3922400
3922521
3922774
3923195
3923388
3923641
3923742
3923956
3924309
3924572
3924719
3924837
3924958
3925081
3925185
3925318
3925321
3925536
3925701
3925815
3926073
3926366
3926722
3927034
3927323
3927470
3927735
3927871
3927908
3928062
3928306
3928574
3929065
3930176
3930306
3930743
3930991
3931221
3931343
3931586
3931697
3931944
3932066
3932310
3932427
3932672
3932843
3933001
3933401
3933636
3934241
3934703
3934975
3935191
3935255
3935804
3936011
3936315
3936568
3936696
3937009
3937119
3937442
3937698
3937824
3938075
3938439
3938733
3938976
3939247
3939483
3939604
3939895
3940083
3940530
3940728
3940845
3940978
3941097
3941700
3941942
3942095
3942385
3942506
3942895
3943009
3943291
3943518
3943801
3944005
3944150
3944267
3944523
3944675
3944916
3945032
3945155
3945282
3946094
3946787
3947136
3947291
3947545
3947825
3947953
3948200
3948332
3948537
3948894
3949110
3949358
3949602
3950008
3950246
3950490
3950742
3950946
3951009
3951124
3951638
3951888
3952137
3952253
3952363
3952627
3952805
3953056
3953168
3953401
3953633
3953746
3953833
3954079
3954275
3954387
3954494
3954767
3955017
3955131
3955229
3955491
3955930
3956090
3956313
3956539
3956793
3957040
3957264
3957504
3957628
3957735
3957977
3958083
3958191
3958793
3958846
3960871
3960908
3961156
3961402
3961473
3961580
3961824
3962055
3962291
3962627
3962812
3963155
3963278
3963530
3963823
3964101
3964348
3964592
3964833
3965146
3965349
3965677
3965758
3965823
3966078
3966286
3966386
3966465
3966729
3966977
3967227
3967340
3967458
3967707
3968305
3968980
3969136
3969522
3969902
3969977
3970233
3970355
3970792
3971139
3971404
3971643
3971881
3972156
3972277
3972367
3972643
3972891
3973247
3973345
3973473
3973590
3973838
3973952
3974075
3974310
3974559
3974807
3974920
3975160
3975294
3975516
3975715
3975968
3976139
3976426
3977043
3977288
3977546
3977903
3978155
3978416
3978854
3979123
3979275
3979390
3979524
3979681
3979804
3979924
3980023
3980046
3980097
3980218
3980381
3980494
3980741
3981089
3981334
3981572
3981959
3982065
3982195
3982437
3982745
3983035
3983247
3983642
3983808
3984039
3984109
3984134
3984510
3984581
3984696
3984919
3985121
3985485
3985603
3985759
3985867
3985896
3986034
3986143
3986248
3987168
3987381
3987624
3987873
3988098
3988203
3988280
3988508
3988919
3989072
3989323
3989615
3989724
3989985
3990395
3990689
3990802
3990926
3991029
3991133
3991246
3991485
3991707
3992063
3992138
3992538
3992725
3993000
3993125
3993392
3993629
3993774
3994075
3994420
3996406
3996528
3996589
3996724
3996832
3996906
3997012
3997125
3997232
3997337
3997437
3997486
3997736
3998005
3998118
3998396
3998636
3998807
3998991
3999242
3999351
3999471
3999674
3999783
3999888
3999907
4000015
4000101
4000237
4000382
4000507
4000753
4000870
4000976
4001235
4001534
4001827
4001963
4002183
4002288
4002331
4002429
4002525
4002592
4002838
4002948
4002975
4003054
4003307
4003553
4003807
4004016
4004130
4004230
4004808
4004847
4004918
4005274
4005468
4005718
4005969
4006140
4006396
4006633
4006736
4006982
4007303
4007528
4007818
4007916
4007922
4008174
4008383
4008630
4008872
4009076
4009198
4009292
4009372
4009712
4009920
4010166
4010260
4010517
4010774
4011019
4011121
4011345
4011482
4011493
4011572
4011671
4012109
4012391
4012555
4013125
4013360
4013456
4013698
4014063
4014214
4014411
4014746
4015002
4015449
4015701
4016155
4016404
4016640
4016845
4017346
4017796
4018181
4018801
4019770
4020024
4020173
4020195
4020223
4020261
4020441
4020574
4020746
4020932
4021086
4021233
4021501
4021936
4023057
4023411
4023872
4024126
4024371
4025004
4025398
4025672
4028166
4028477
4028703
4029194
4029548
4029822
4030007
4030324
4030475
4030729
4031252
4031450
4031736
4032040
4032232
4032469
4032994
4033374
4033546
4033910
4034158
4034564
4034864
4035207
4035882
4036234
4036757
4037040
4037292
4037799
4038039
4038403
4039032
4039203
4039407
4039649
4039946
4040287
4040468
4040631
4040783
4040951
4041020
4041145
4041305
4041500
4041668
4041849
4042097
4042493
4042750
4043028
4043387
4044135
4044562
4044986
4045330
4045754
4046011
4046424
4047049
4047577
4048019
4048307
4048490
4048585
4048940
4049038
4049288
4049380
4049471
4049566
4049613
4049677
4049764
4049850
4049891
4049975
4050052
4050141
4050326
4050572
4050790
4051034
4051126
4051413
4051567
4051603
4051694
4051789
4052044
4052297
4052524
4052612
4052695
4052761
4053004
4053096
4053650
4053843
4054089
4054163
4054257
4054351
4054927
4055207
4055633
4055963
4056175
4056278
4056529
4056634
4056915
4057177
4057433
4057701
4058295
4058617
4058862
4059151
4059547
4059738
4059840
4060078
4060185
4060686
4061557
4061678
4061932
4062168
4062341
4062447
4062760
4062945
4063080
4063483
4063595
4063844
4064071
4064185
4064240
4064660
4064907
4065067
4065305
4065633
4065747
4066590
4066814
4066907
4067017
4067275
4067488
4067590
4067848
4068008
4068256
4068493
4068736
4068979
4069323
4069749
4069878
4070227
4070612
4071099
4071350
4071635
4071799
4072083
4072330
4072581
4073078
4073208
4073455
4073568
4075531
4075670
4076075
4076349
4076599
4076742
4077016
4077355
4077582
4077824
4078103
4078493
4079057
4079291
4079673
4080083
4080328
4080656
4080906
4081154
4081397
4081719
4081969
4082099
4082248
4082507
4082751
4082928
4083061
4083252
4083484
4083633
4083758
4083897
4084203
4084636
4085149
4085402
4085576
4085704
4085940
4086183
4086505
4086752
4086891
4087164
4087443
4087660
4087711
4087971
4088221
4088596
4089144
4089391
4089630
4089770
4090176
4090526
4090867
4091338
4091478
4091977
4092157
4092329
4092465
4092733
4092858
4092961
4093099
4093367
4093497
4093624
4093754
4093850
4094106
4094457
4094595
4095019
4095537
4095776
4095904
4096150
4096316
4096637
4097019
4097266
4097508
4097999
4098265
4098391
4098979
4099236
4099670
4099851
4099975
4100123
4100505
4100897
4100942
4101062
4101296
4101807
4101960
4102083
4102240
4102374
4102462
4102585
4102648
4102764
4102872
4102980
4103056
4103161
4103278
4103387
4103504
4103559
4103681
4103794
4103906
4104014
4104114
4104154
4104407
4104515
4104526
4104767
4104883
4105123
4105222
4105389
4105582
4105726
4105836
4105937
4106288
4106521
4106633
4106860
4107057
4107262
4107372
4107753
4108232
4108343
4108586
4108769
4109256
4109620
4109958
4110541
4110692
4110857
4110968
4111126
4111208
4111563
4111758
4111841
4111933
4112990
4113610
4113871
4113965
4114044
4114159
4114444
4114682
4114791
4114896
4115185
4115261
4115368
4115425
4115518
4115695
4116014
4116134
4116246
4116290
4116377
4116478
4116689
4116778
4116878
4117261
4117566
4117635
4117748
4118226
4118896
4119698
4119794
4119852
4120085
4120221
4120420
4120609
4120800
4120906
4121021
4121164
4121423
4121525
4121628
4121875
4121969
4122014
4122126
4122371
4122612
4122852
4122977
4123077
4123312
4124771
4124879
4124959
4125066
4125152
4125254
4125359
4125458
4125496
4125595
4125709
4125834
4125913
4126015
4126118
4126212
4126276
4126518
4126653
4126919
4127192
4127475
4127733
4127964
4128059
4128161
4128250
4128328
4128401
4128649
4128803
4128899
4130405
4130511
4130761
4130827
4130985
4131083
4131190
4131240
4131342
4131440
4131532
4131799
4132027
4132803
4133046
4133190
4133317
4133354
4133463
4133545
4133609
4133684
4133769
4133859
4133926
4134013
4134239
4134391
4134641
4134888
4134989
4135235
4135343
4135603
4135642
4135862
4136128
4136371
4136618
4137774
4138168
4138403
4138510
4138816
4138945
4139197
4139335
4139453
4139580
4139836
4140076
4140660
4141235
4141389
4141713
4141824
4141935
4142194
4142484
4142765
4143004
4143098
4143354
4143613
4144972
4145126
4145419
4146177
4146355
4146608
4146973
4147087
4147333
4147668
4147923
4148045
4148204
4148443
4148569
4148824
4149315
4149433
4149550
4149796
4150314
4150904
4151341
4151554
4151612
4151986
4152225
4152365
4152616
4152751
4152876
4153122
4153449
4153695
4153904
4154156
4154287
4154469
4154575
4154823
4154948
4155239
4155488
4155729
4156028
4156199
4156311
4156381
4156486
4156688
4156955
4157299
4157492
4157589
4157701
4157956
4158237
4158474
4158723
4159148
4159332
4159439
4159557
4159687
4159825
4159935
4160050
4160293
4160525
4160710
4161089
4161351
4161812
4161930
4162035
3683335
3683650
3683744
3683861
3683955
3684056
3684147
3684262
3684402
3684503
3684599
3684690
3684788
3685001
3685124
3685296
3685597
3685813
3685989
3686075
3686299
3686474
3686561
3686667
3686778
3687326
3687442
3687528
3687982
3688131
3688214
3688314
3688499
3688715
3688873
3688960
3689369
3689481
3689574
3689694
3689815
3689955
3690138
3690619
3690783
3690964
3691174
3691364
3691708
3691882
3691977
3692058
3692172
3692258
3692336
3692443
3692662
3693052
3693206
3693287
3694030
3694165
3694252
3694280
3694318
3694684
3694773
3694854
3694958
3695046
3695509
3695709
3695862
3696041
3696196
3696380
3696859
3697159
3697297
3697403
3697600
3697935
3698045
3698170
3698804
3699079
3699387
3699576
3699716
3701061
3701620
3702060
3702300
3702839
3703239
3703539
3703712
3703825
3703855
3704083
3704399
3704506
3705085
3705185
3705292
3705397
3705527
3705626
3705722
3705830
3705916
3706001
3706106
3706212
3706317
3706415
3706617
3706834
3707311
3707565
3707693
3707888
3708195
3708394
3708728
3709190
3709652
3709755
3710086
3710241
3710351
3710580
3710975
3711193
3711406
3711712
3711987
3712130
3712395
3712712
3712979
3713074
3713168
3713280
3713401
3713623
3713979
3714084
3714154
3714191
3714207
3714523
3714774
3715148
3715561
3715675
3715785
3715884
3715988
3716182
3716409
3716628
3717194
3717203
3717640
3717943
3718141
3718368
3718556
3718752
3719028
3719268
3719653
3719895
3720036
3720350
3720969
3721250
3721442
3721547
3721782
3722013
3722234
3722471
3722658
3722882
3722936
3723140
3723573
3723995
3724110
3724424
3724587
3724718
3724859
3724983
3725161
3725280
3725401
3725562
3726370
3726507
3726753
3726985
3727341
3727508
3727757
3727888
3728048
3728172
3728420
3728582
3728804
3729043
3729170
3729559
3729953
3730833
3731044
3731467
3731713
3731994
3732250
3732507
3734470
3734642
3734788
3734930
3735147
3735530
3735777
3735898
3736059
3736315
3736483
3736739
3736748
3736877
3737083
3737468
3737835
3737932
3738179
3738461
3738466
3738708
3738903
3739179
3739320
3739574
3739819
3740056
3740256
3740386
3740598
3740743
3741132
3741471
3741694
3741814
3741838
3741884
3742167
3742300
3742428
3742505
3742620
3742849
3743122
3743372
3743515
3743764
3743906
3744006
3744177
3744379
3744650
3744939
3745078
3745191
3745330
3745503
3745761
3746010
3746297
3746540
3746698
3746950
3747086
3747736
3747808
3748116
3748510
3748946
3749120
3749369
3749639
3749735
3750038
3750277
3750481
3750875
3751047
3751314
3751564
3752205
3752499
3752751
3752962
3753212
3753349
3753490
3753618
3755565
3755703
3755837
3756063
3756199
3756225
3756320
3756462
3756604
3756732
3756843
3756949
3757071
3757177
3757316
3757577
3757739
3757895
3758199
3758283
3758522
3759317
3759766
3760005
3760356
3760546
3760742
3760868
3761091
3761330
3761567
3761813
3762070
3762296
3762518
3762760
3763015
3763264
3763353
3763861
3763972
3764198
3764356
3764561
3764944
3764963
3765405
3765663
3766145
3766399
3766521
3766770
3766879
3767158
3767268
3767382
3767522
3767658
3767758
3768027
3768282
3768406
3768969
3769191
3769542
3769770
3770108
3770228
3770343
3770571
3770822
3771074
3771317
3771428
3771671
3771791
3771943
3772081
3772383
3774495
3775406
3775652
3776500
3776599
3776726
3776999
3777319
3777649
3777723
3777825
3777921
3777969
3778193
3778370
3778489
3778752
3779088
3779348
3779623
3780003
3780236
3780412
3780656
3780672
3780772
3780883
3780889
3780895
3781138
3781321
3781511
3781840
3782334
3782592
3782753
3782871
3783115
3783491
3783758
3783912
3784109
3784323
3784420
3784461
3784508
3784736
3784808
3784942
3785144
3785384
3785699
3785853
3785952
3786033
3786078
3786225
3786465
3786578
3786835
3786944
3787195
3787408
3787818
3787980
3789021
3789895
3790157
3790274
3790389
3790954
3790965
3791223
3791478
3791739
3791859
3792035
3792145
3792311
3792640
3792965
3793046
3793154
3793255
3793353
3793458
3793553
3793646
3793659
3793761
3793994
3794284
3794399
3794625
3794860
3794873
3794968
3795074
3795217
3795342
3795724
3795845
3795942
3796043
3796155
3796264
3796386
3796504
3797018
3797268
3797401
3797654
3797943
3798084
3798360
3798723
3799087
3799309
3799552
3799690
3799825
3799946
3800138
3800327
3800505
3800728
3801026
3801277
3801532
3801793
3802345
3802565
3802807
3802942
3803331
3803610
3803855
3804245
3804488
3804743
3804941
3805079
3805209
3805276
3805400
3805687
3805881
3806163
3806308
3806555
3806814
3806949
3807205
3807315
3807574
3807812
3808062
3808205
3808316
3808434
3808654
3808783
3809029
3809420
3809668
3809812
3810014
3810182
3810307
3810520
3810576
3810807
3811025
3811146
3811271
3811541
3811687
3811941
3812194
3812557
3812946
3813186
3813836
3814092
3814391
3814668
3814805
3814939
3815069
3815203
3815330
3815457
3815608
3815742
3815916
3816043
3816116
3816238
3816265
3816349
3816536
3816799
3817013
3817338
3817597
3817716
3817928
3818170
3818826
3818976
3819358
3819523
3819790
3819968
3820337
3820474
3820914
3821105
3821371
3821710
3821889
3822144
3822384
3822624
3822829
3823079
3823239
3823666
3824539
3824781
3825116
3825388
3825635
3826007
3826255
3826675
3826911
3827077
3827228
3827512
3827641
3827895
3828101
3828232
3828701
3828835
3829106
3829123
3829357
3829828
3830097
3830475
3831323
3831569
3831774
3831911
3832025
3832134
3832263
3832323
3832479
3832506
3832614
3832704
3833183
3833361
3834322
3834573
3834799
3835244
3835451
3835824
3836345
3836772
3837316
3837456
3837586
3837968
3838240
3838486
3838730
3838919
3839054
3839471
3841083
3841221
3841349
3841468
3841602
3841731
3841867
3841899
3843147
3843393
3843651
3843985
3844158
3844333
3844433
3844576
3844859
3845173
3845338
3845581
3845754
3846071
3846338
3846617
3846985
3847216
3847378
3847596
3847705
3847931
3848113
3848326
3848534
3848735
3849023
3849378
3849538
3850024
3850263
3850413
3850807
3851206
3851283
3851550
3851936
3852200
3852341
3852812
3853245
3853519
3853760
3854134
3854401
3854641
3854993
3855222
3855632
3855894
3856121
3856259
3856409
3856585
3857105
3857607
3857783
3858037
3858242
3858592
3858843
3859101
3859107
3859355
3859483
3859950
3860223
3861483
3861654
3861914
3862163
3862211
3862445
3862706
3862967
3863208
3863693
3864043
3864314
3864751
3864992
3865316
3865563
3865814
3866095
3866348
3866584
3866818
3866949
3867315
3867598
3868056
3868258
3868713
3868952
3869197
3869327
3869477
3869804
3870247
3870262
3870497
3870789
3871095
3871332
3871687
3871931
3872546
3872759
3873053
3873381
3873574
3873843
3874139
3874394
3874776
3874924
3875335
3875748
3875982
3876629
3876845
3877112
3877403
3877652
3878125
3878678
3879147
3879397
3879693
3880451
3880648
3880898
3881205
3881374
3881511
3881645
3881901
3882396
3882520
3882702
3883007
3883225
3883703
3884027
3884274
3886321
3886584
3886830
3887091
3887337
3887582
3887834
3888093
3888232
3888535
3888809
3888953
3889069
3889252
3889379
3889537
3889693
3889829
3889921
3890186
3890436
3890700
3890965
3891210
3891456
3891703
3892003
3892480
3892772
3893029
3893399
3893914
3894224
3894422
3894557
3894699
3894942
3895033
3895318
3895684
3895832
3895968
3896087
3896219
3897196
3897429
3897653
3897791
3897923
3898056
3898191
3898323
3898587
3898997
3899239
3899477
3899715
3899877
3900002
3900145
3900272
3900668
3900913
3901172
3901305
3901543
3901774
3901894
3902086
3902430
3902678
3902806
3903041
3903532
3903745
3903973
3904119
3904354
3904461
3904844
3904970
3905161
3905295
3905414
3905562
3905743
3905995
3906244
3906377
3906695
3906941
3907315
3907566
3907858
3907987
3908233
3908360
3908452
3908589
3909145
3909275
3909624
3913040
3913301
3913411
3913775
3913947
3914088
3914207
3914518
3915000
3915131
3915260
3915599
3915731
3917231
3917312
3917445
3917533
3917674
3917842
3917927
3918059
3918149
3918398
3918649
3918900
3919065
3919309
3919488
3919613
3919921
3920089
3920378
3920608
3920913
3921258
3921671
3921818
3922069
3922323
3922653
3922898
3922990
3923029
3923326
3923535
3923885
3924097
3924418
3925900
3926149
3926387
3926565
3926816
3927374
3927593
3927975
3928312
3928480
3928673
3928785
3928913
3929148
3929358
3929481
3929612
3929733
3929846
3929942
3930363
3930574
3930906
3931403
3931762
3932130
3932526
3932898
3933015
3933143
3933245
3933784
3933969
3934099
3934221
3934304
3934443
3934503
3934753
3934997
3936185
3936374
3936759
3937005
3937188
3937515
3937891
3938137
3938264
3938499
3938588
3938840
3939078
3939311
3939664
3939791
3940132
3940336
3940458
3940693
3941199
3941298
3941426
3941557
3941795
3942194
3942799
3943058
3943316
3943565
3943616
3943839
3944344
3944574
3944728
3945342
3945487
3945649
3945786
3945878
3946165
3946304
3946440
3946557
3946817
3947001
3947398
3947645
3948018
3948260
3948758
3949007
3949250
3949492
3949722
3949853
3950094
3950288
3950530
3950811
3951227
3951369
3951507
3951750
3952010
3952423
3952616
3952901
3953217
3953953
3954194
3954614
3954861
3955318
3955548
3955743
3955875
3956207
3956383
3956638
3957166
3957276
3957551
3957670
3957783
3958015
3958123
3958234
3958834
3959061
3959486
3959702
3959939
3960052
3960296
3960456
3960751
3960953
3960958
3961199
3961442
3961479
3961585
3961829
3962064
3962326
3962671
3962860
3963202
3963318
3963572
3963864
3964142
3964393
3964635
3964872
3965191
3965394
3965725
3965813
3966095
3966291
3966394
3966498
3966761
3967008
3967256
3967371
3967660
3968348
3968845
3969170
3969560
3969900
3969942
3970025
3970280
3970398
3970893
3971186
3971446
3971684
3971920
3972173
3972301
3972412
3972686
3972931
3973271
3973380
3973496
3973614
3973860
3973975
3974124
3974368
3974584
3974831
3975074
3975210
3975326
3975658
3975786
3976040
3976217
3976469
3977063
3977314
3977567
3977920
3978172
3978435
3978873
3979143
3979294
3979418
3979541
3979702
3979824
3979944
3980682
3981144
3981393
3981737
3981867
3982338
3982598
3982849
3983114
3983427
3983582
3983983
3984215
3984370
3984846
3985298
3986590
3986985
3987312
3987556
3987810
3988093
3988437
3988800
3989042
3989254
3989556
3989880
3990180
3990328
3990357
3990588
3990623
3990735
3991415
3991641
3992023
3992325
3992635
3992936
3993312
3993578
3993656
3993905
3994411
3994567
3994754
3994948
3995138
3995329
3995494
3995657
3995803
3995988
3996140
3996282
3997705
3997957
3998468
3998740
3998958
3999159
4000213
4000432
4000712
4001191
4001490
4001658
4001911
4002679
4003266
4003514
4003772
4004056
4005059
4005234
4005674
4005925
4006356
4006803
4007076
4007258
4007726
4008130
4008537
4008779
4009016
4009554
4009687
4009835
4010103
4010471
4010730
4010984
4011311
4011956
4012313
4012733
4012951
4013280
4013499
4013755
4013863
4014530
4014886
4015134
4015323
4015594
4015847
4016041
4016145
4016401
4016525
4017008
4017112
4017232
4017482
4017577
4017676
4018001
4018307
4018561
4018661
4018776
4018919
4019008
4019113
4019355
4019652
4019846
4021368
4021642
4021747
4022040
4022154
4022293
4022455
4022564
4022651
4022748
4022846
4023095
4023278
4023539
4023647
4023755
4024009
4024254
4024587
4024761
4024882
4025138
4025241
4025541
4025758
4025917
4026087
4026233
4026344
4026465
4026553
4026665
4026749
4026867
4026967
4027074
4027177
4027320
4027477
4027574
4027765
4027922
4028021
4028273
4028544
4028827
4028975
4029064
4029318
4029408
4029676
4030133
4030630
4030848
4030944
4031028
4031126
4031370
4031392
4031573
4031834
4032096
4032407
4032671
4032768
4032863
4033219
4033494
4033613
4033696
4033985
4034191
4034204
4034296
4034386
4034633
4034932
4035016
4035272
4035468
4035555
4035610
4035702
4035789
4035853
4036040
4036124
4036376
4036486
4036567
4036593
4036850
4037130
4037378
4037470
4037555
4037718
4037969
4038145
4038227
4038386
4038525
4038550
4038629
4038687
4038740
4038816
4038880
4039481
4039748
4039952
4041909
4042161
4042261
4042351
4042566
4042906
4043089
4043262
4043276
4043506
4043590
4043666
4043764
4043863
4043948
4044219
4044378
4044620
4044716
4044800
4045046
4045128
4045397
4045559
4045814
4046067
4046225
4046303
4046482
4046567
4046646
4046737
4046825
4046919
4047169
4047203
4047300
4047381
4047636
4047796
4048282
4048495
4048589
4048946
4049043
4049293
4049386
4049485
4049577
4049664
4049752
4049838
4049894
4049982
4050055
4050144
4050332
4050575
4050795
4051197
4051327
4051825
4052151
4052360
4052854
4053193
4053355
4053510
4053766
4053946
4054449
4054614
4054768
4055009
4055060
4055317
4055477
4055734
4055894
4056145
4056382
4056584
4056619
4056770
4057018
4057282
4057536
4057778
4057936
4058096
4058239
4058454
4058692
4058716
4058955
4059014
4059258
4059401
4059644
4059888
4060097
4060326
4060463
4060578
4060784
4060896
4061023
4061158
4061286
4061422
4061702
4061951
4062199
4062547
4062680
4063280
4063336
4063644
4063811
4064018
4064341
4064474
4064508
4064777
4065027
4065254
4065414
4065550
4065874
4065999
4066159
4066288
4066417
4066499
4066713
4067078
4067331
4067733
4067883
4068112
4068362
4068612
4068850
4069095
4069228
4069482
4069579
4069706
4070159
4070541
4071029
4071284
4071415
4071603
4071735
4071976
4072028
4072269
4072406
4072987
4073129
4073387
4073563
4073597
4075570
4075709
4076140
4076394
4076759
4077035
4077400
4077625
4077864
4078147
4078539
4079101
4079337
4079717
4080129
4080376
4080705
4080955
4081225
4081450
4081764
4082009
4082156
4082350
4082743
4082972
4083171
4083419
4083547
4083685
4083821
4083949
4084249
4084682
4085197
4085453
4085622
4085894
4086148
4086395
4086654
4086872
4087170
4087450
4087701
4087979
4088279
4088641
4089191
4089438
4089676
4090054
4090439
4090909
4091381
4091524
4092025
4092205
4092247
4092374
4092510
4092778
4093001
4093145
4093412
4093556
4093747
4093876
4094136
4094503
4094755
4095064
4095582
4095822
4096092
4096234
4096359
4096682
4097061
4097305
4097545
4097941
4098107
4098374
4098587
4098725
4098855
4099086
4099329
4099778
4099960
4100109
4100614
4100913
4101057
4101412
4101735
4102005
4102297
4102422
4102575
4102586
4102686
4102802
4102907
4103032
4103138
4103235
4103344
4103431
4103547
4103658
4103722
4103835
4103951
4104125
4104183
4104478
4104591
4104840
4104869
4105236
4105480
4105557
4105731
4105885
4106325
4106564
4106660
4106985
4107242
4107353
4107793
4108274
4108384
4108631
4108810
4109297
4109661
4109971
4110548
4110700
4110949
4111497
4111708
4111793
4111888
4111990
4112075
4112505
4113452
4113650
4113946
4114090
4114202
4114494
4115263
4115375
4115459
4115732
4116079
4116189
4116314
4116413
4116667
4116816
4117075
4117324
4117569
4117674
4117780
4118258
4118948
4119269
4119383
4119611
4119733
4119832
4120120
4120453
4120647
4120836
4120933
4121045
4121199
4121458
4121571
4121668
4121923
4122039
4122155
4122398
4122647
4122886
4123012
4123059
4123296
4124753
4124862
4124942
4125077
4125138
4125239
4125343
4125431
4125530
4125616
4125718
4125843
4125897
4125998
4126095
4126191
4126265
4126286
4126502
4126637
4126903
4127171
4127457
4127702
4127950
4128046
4128125
4128215
4128302
4128635
4128792
4128888
4130390
4130494
4130749
4130851
4130980
4131077
4131189
4131229
4131333
4131424
4131519
4131698
4132997
4133029
4133133
4133273
4133359
4133456
4133538
4133601
4133676
4133759
4133849
4133908
4133999
4134108
4134224
4134376
4134627
4134873
4134974
4135218
4135329
4135583
4135627
4135858
4136112
4136355
4136604
4136852
4137126
4137367
4137704
4138071
4138316
4138423
4138522
4138736
4138890
4139104
4139222
4139304
4139394
4139506
4139745
4139991
4140197
4140569
4141143
4141269
4141609
4141727
4141839
4141948
4142494
4142699
4142949
4143048
4143148
4143392
4143651
4144179
4144370
4144406
4144645
4144909
4145052
4145130
4145395
4146122
4146296
4146545
4146777
4147010
4147125
4147433
4147681
4147930
4148026
4148111
4148214
4148586
4148833
4149264
4149371
4149489
4149735
4150248
4150836
4151286
4151480
4151589
4151629
4151917
4152161
4152293
4152539
4152679
4152795
4153043
4153151
4153379
4153620
4153736
4153841
4154090
4154205
4154317
4154405
4154517
4154753
4154883
4155131
4155227
4155478
4155712
4155741
4155980
4156139
4156251
4156362
4156430
4156539
4156692
4156899
4157008
4157240
4157427
4157530
4157649
4157885
4158148
4158398
4158531
4158763
4159180
4159269
4159379
4159491
4159628
4159732
4159840
4159970
4160210
4160392
4160630
4160869
4160898
4161113
4161330
4161438
4161751
4161853
4161980
4162331
4162583
3683359
3683672
3683775
3683947
3684078
3684187
3684288
3684430
3684436
3684528
3684626
3684736
3684860
3685025
3685149
3685322
3685625
3685930
3686017
3686105
3686324
3686498
3686616
3686725
3686846
3687352
3687465
3687750
3688077
3688229
3688331
3688527
3688806
3688899
3689393
3689506
3689596
3689699
3689830
3689986
3690232
3690718
3690901
3691054
3692117
3692197
3692280
3692356
3692465
3692684
3693077
3693228
3693419
3694052
3694189
3694262
3694297
3694398
3694416
3694768
3694803
3694895
3694985
3695145
3695537
3695737
3695884
3696065
3696220
3696782
3696891
3697185
3697320
3697430
3697627
3697962
3698103
3698199
3698834
3699111
3699415
3699603
3700467
3700780
3700912
3701003
3701613
3701992
3702336
3702871
3703273
3703570
3703747
3704067
3704190
3704394
3704629
3704734
3704842
3704955
3706581
3706915
3707131
3707262
3707468
3707794
3708003
3708186
3708541
3708674
3708888
3709005
3709128
3709344
3709463
3709575
3709875
3710000
3710513
3710758
3710917
3711136
3711355
3711534
3711642
3711879
3712313
3712570
3712874
3713572
3713773
3713911
3714324
3714454
3714701
3714949
3715083
3715318
3715494
3716119
3716382
3716546
3716785
3716914
3717116
3717374
3717577
3717857
3718120
3718294
3718645
3718926
3719169
3719450
3719588
3719827
3720020
3720164
3720438
3720626
3720771
3720895
3721262
3721711
3721944
3722167
3722401
3722717
3722939
3723178
3723466
3723535
3723771
3723911
3724301
3726383
3726524
3726771
3727014
3727404
3727577
3727831
3727985
3728007
3728121
3728243
3728487
3728645
3728873
3729113
3729241
3729636
3730030
3730545
3731119
3731546
3731790
3732073
3732332
3734540
3735037
3735291
3735416
3735671
3736209
3736632
3736967
3737214
3737354
3737611
3737723
3738118
3738344
3738563
3738793
3739075
3739265
3739455
3739705
3740985
3741621
3741859
3741961
3742075
3742747
3743001
3743259
3743651
3744189
3744539
3744791
3745349
3745640
3745895
3746179
3746443
3746826
3747158
3747278
3747385
3747491
3747599
3747683
3747893
3748180
3748294
3748385
3748676
3748699
3748815
3749258
3749537
3749924
3750173
3750923
3751187
3751442
3751694
3751817
3751944
3752057
3752306
3752426
3752599
3752880
3753146
3753723
3753842
3753973
3754092
3754218
3754330
3754432
3754562
3754681
3754796
3754912
3755024
3755152
3755275
3755409
3757442
3757815
3758063
3758316
3758557
3758806
3759067
3759184
3759405
3759592
3759831
3760102
3760210
3760421
3760631
3760964
3761195
3761423
3761444
3761740
3761913
3762299
3762600
3762869
3763108
3763593
3763719
3763758
3763787
3764126
3764394
3764645
3764783
3765035
3765235
3765487
3765748
3765874
3766003
3766243
3766620
3767007
3767852
3768114
3768482
3768710
3768761
3768884
3769115
3769166
3769262
3769387
3769577
3769705
3769806
3769932
3770415
3770662
3770913
3771164
3771514
3772174
3772476
3772604
3772716
3772837
3772929
3773054
3773180
3773305
3773440
3773572
3773700
3773802
3773894
3774006
3774135
3774226
3774232
3774256
3774276
3774300
3774418
3774761
3774880
3774921
3775626
3775865
3775948
3776047
3776153
3776266
3776517
3776798
3777162
3777557
3777676
3777790
3777900
3777992
3778216
3778392
3778517
3779117
3779416
3779651
3780033
3780264
3780440
3780683
3780794
3780910
3781160
3781347
3781534
3781866
3782362
3782618
3782781
3783265
3783585
3783848
3784081
3784307
3784411
3784546
3784778
3784813
3785020
3785269
3785472
3785788
3785934
3785947
3786048
3786162
3786314
3786550
3786666
3786919
3787179
3787445
3787891
3788805
3789109
3790147
3790302
3790785
3791058
3791314
3791574
3791835
3792113
3792222
3792469
3792940
3793064
3793179
3793307
3793418
3793519
3793650
3793730
3793972
3794364
3794477
3794751
3794868
3794978
3795112
3795230
3795365
3795813
3795928
3796087
3796216
3796338
3796467
3796717
3796879
3797134
3797567
3797769
3798135
3798153
3798402
3798662
3798670
3798923
3799035
3799464
3800078
3800157
3800635
3800843
3801121
3801406
3801696
3801945
3802139
3802254
3802613
3803038
3803158
3803402
3803594
3803839
3804043
3804151
3804402
3804613
3804858
3805599
3805949
3806074
3806433
3806670
3807085
3807475
3807732
3807980
3808107
3808254
3808370
3808691
3808828
3809463
3809715
3809951
3810118
3810240
3810501
3810543
3810639
3810876
3811073
3811197
3811321
3811594
3811738
3811992
3812606
3812980
3813097
3813888
3814146
3814437
3814717
3814855
3814989
3815121
3815254
3815430
3815656
3815793
3815970
3816165
3816271
3816509
3816756
3817061
3817392
3817648
3817953
3818201
3818606
3819105
3819229
3819656
3820059
3820181
3820600
3820794
3821242
3821337
3821591
3821847
3821992
3822241
3822513
3823045
3823064
3823250
3823434
3823616
3823795
3823908
3824016
3824145
3824272
3824415
3824911
3825252
3825515
3825773
3825885
3826140
3826431
3826689
3827009
3827410
3827813
3828343
3828488
3828602
3828962
3829339
3829500
3829697
3829952
3830223
3830405
3830618
3830744
3830858
3831450
3832366
3832838
3833028
3833384
3833506
3833584
3833682
3833784
3833836
3833942
3834053
3834160
3834372
3834614
3834848
3835119
3835496
3835851
3835968
3836080
3836187
3836426
3836449
3836556
3836795
3837011
3837619
3837744
3838005
3838334
3838522
3838766
3839110
3839220
3839270
3839481
3839664
3839782
3839815
3839931
3839957
3840074
3840199
3840247
3840372
3840483
3840600
3840722
3840836
3840945
3841920
3842033
3842169
3842224
3842352
3842452
3842568
3842683
3842700
3842740
3842766
3842787
3842904
3842940
3843052
3843196
3843440
3843696
3843869
3844925
3845067
3845373
3845867
3846125
3846243
3846518
3846724
3846987
3847116
3847400
3847715
3847905
3848037
3848043
3848120
3848333
3848607
3848844
3849079
3849151
3849557
3849674
3849761
3849853
3850059
3850297
3850436
3850620
3850844
3850960
3851088
3851594
3851723
3851960
3852216
3852248
3852500
3852728
3852836
3853154
3853288
3853485
3853668
3854045
3854314
3854555
3854811
3855050
3855366
3855564
3855812
3856044
3856176
3856325
3856462
3856606
3857022
3857520
3857699
3857950
3858196
3858281
3858550
3858802
3859023
3859280
3859415
3859646
3859908
3860000
3861416
3861571
3861851
3862080
3862202
3862410
3862627
3862770
3863026
3863612
3863869
3863875
3863968
3864209
3864349
3864675
3864919
3865050
3865236
3865482
3865729
3866013
3866265
3866517
3866926
3867200
3867520
3868859
3868968
3869116
3869253
3869405
3869531
3869748
3870171
3870204
3870426
3870681
3870918
3870966
3871204
3871479
3871859
3872163
3872603
3872845
3873102
3873396
3873578
3873801
3873936
3874112
3874359
3874706
3875081
3875235
3875493
3875625
3875829
3876035
3876176
3876306
3876433
3876708
3876842
3877099
3877242
3877629
3877973
3878667
3879136
3879385
3879681
3880439
3880635
3880879
3881195
3881365
3881509
3881642
3881895
3882386
3882653
3882995
3883212
3883530
3884016
3884265
3886310
3886556
3886814
3887066
3887317
3887467
3887718
3887950
3888087
3888228
3888525
3888801
3888946
3889061
3889086
3889245
3889374
3889533
3889699
3889826
3889920
3890181
3890429
3890697
3890957
3891207
3891453
3891698
3891971
3892223
3892476
3892769
3893025
3893395
3893909
3894219
3894418
3894552
3894694
3894945
3895032
3895317
3895678
3895826
3896260
3897191
3897421
3897554
3897673
3897805
3897989
3898129
3898311
3898562
3898990
3899233
3899473
3899739
3899872
3899998
3900140
3900267
3900663
3900909
3901167
3901301
3901539
3901771
3901888
3902082
3902426
3902603
3902994
3903250
3903421
3904166
3904571
3904746
3905020
3905860
3906068
3906446
3906576
3906824
3907056
3907176
3907417
3907610
3907732
3908429
3908585
3908764
3908897
3909025
3909416
3909526
3909941
3910056
3910290
3910536
3910778
3910984
3911746
3911949
3912271
3912382
3912496
3912603
3912824
3912932
3913180
3913450
3913682
3914292
3914427
3914665
3914804
3914901
3915348
3915459
3915830
3915948
3916002
3916123
3916232
3916358
3916476
3916525
3916639
3916698
3916803
3916910
3917017
3918258
3918510
3918756
3919162
3919786
3920116
3920301
3920516
3920753
3920990
3921155
3921404
3921529
3921938
3922143
3922362
3922479
3922733
3923153
3923274
3923616
3923723
3923809
3924020
3924266
3924502
3924668
3924791
3924896
3925025
3925126
3925247
3925367
3925467
3925583
3925688
3925802
3926004
3926254
3926464
3926652
3927096
3927666
3927967
3928132
3928408
3928759
3928883
3929130
3929350
3929472
3929605
3929727
3929838
3929934
3930367
3930576
3930911
3931400
3931768
3932134
3932530
3932903
3933018
3933145
3933248
3933485
3933658
3933901
3934020
3934150
3934308
3934445
3934506
3934758
3935000
3936181
3936378
3936763
3937135
3937516
3937894
3938142
3938272
3938518
3938590
3938839
3939079
3940055
3940218
3940410
3940629
3941201
3941301
3941427
3941561
3941798
3942205
3942804
3943061
3943319
3943566
3943796
3944345
3944566
3944731
3945345
3945492
3945652
3945787
3945880
3945895
3946169
3946307
3946443
3946560
3946820
3947006
3947400
3947648
3948022
3948265
3948760
3949010
3949253
3949495
3949724
3949856
3950097
3950292
3950533
3950813
3951229
3951371
3951510
3951754
3952013
3952426
3952622
3952902
3953220
3953232
3953734
3953878
3954124
3954325
3954447
3954560
3954815
3955062
3955174
3955413
3955680
3956012
3956140
3956574
3956828
3957077
3957269
3957556
3957675
3957838
3958024
3958128
3958235
3958841
3959065
3959444
3959709
3959948
3960058
3960302
3960464
3960759
3960857
3960959
3961209
3961458
3961482
3961588
3961832
3962091
3962334
3962681
3962868
3963210
3963328
3963580
3963873
3964149
3964400
3964644
3964879
3965199
3965402
3965815
3966085
3966324
3966444
3966682
3966803
3967051
3967286
3967415
3967669
3968362
3968996
3969179
3969572
3969911
3970036
3970134
3970315
3970427
3970904
3971198
3971459
3971697
3971930
3972183
3972312
3972422
3972697
3973182
3973365
3973506
3973624
3973870
3973987
3974105
3974350
3974595
3974842
3975082
3975219
3975335
3975660
3975788
3976042
3976219
3976473
3977072
3977598
3977862
3978113
3978296
3978664
3978913
3979084
3979198
3979242
3979358
3979479
3979587
3979643
3979769
3979886
3980002
3980035
3980039
3980060
3980186
3980265
3980346
3980459
3980705
3980905
3981302
3981579
3981927
3982037
3982161
3982407
3982712
3983000
3983288
3983607
3983773
3984006
3984096
3984124
3984146
3984501
3984546
3984662
3984886
3985087
3985447
3985565
3985690
3985730
3985871
3985910
3986014
3986145
3986250
3986362
3986614
3986759
3986995
3987095
3987463
3988017
3988135
3988248
3988477
3988590
3988883
3989062
3989270
3989356
3989584
3989692
3989953
3990358
3990650
3990769
3990858
3990973
3991079
3991190
3991428
3991672
3991837
3992096
3992499
3992689
3992964
3993084
3993354
3993599
3993635
3993856
3994038
3994151
3994257
3996326
3996433
3996522
3996584
3996694
3996804
3997691
3997839
3998236
3998483
3998731
3998950
3999075
3999570
3999618
4000311
4000401
4000591
4000710
4001071
4001323
4001652
4001901
4002665
4003145
4003396
4003648
4003893
4004943
4005115
4005368
4005560
4005758
4006058
4006276
4006482
4006826
4007128
4007386
4007599
4007764
4008010
4008254
4008474
4008718
4008951
4009475
4009651
4009783
4010107
4010349
4010608
4010865
4010943
4011202
4011418
4011452
4011844
4012072
4012199
4012342
4012637
4012798
4012840
4012991
4013211
4013548
4013885
4014049
4014199
4014325
4014607
4014662
4014914
4015350
4015610
4015854
4016195
4016552
4016757
4017733
4019228
4019456
4019752
4020003
4020157
4020184
4020216
4020229
4020264
4020429
4020491
4020641
4020794
4020852
4020997
4021138
4021418
4021849
4022964
4023323
4023786
4024041
4024290
4024432
4024926
4025236
4025537
4025727
4025822
4025885
4026021
4026118
4026199
4026289
4026396
4026455
4026517
4026600
4026702
4026842
4026925
4027021
4027134
4027242
4027351
4027460
4027534
4027629
4027719
4027817
4027891
4027984
4028234
4028312
4028571
4028813
4028899
4029027
4029276
4029364
4029632
4030075
4030589
4030806
4030901
4030991
4031075
4031323
4031383
4031563
4031787
4032024
4032365
4032631
4032731
4032825
4033433
4033539
4033655
4033743
4033805
4034042
4034242
4034317
4034407
4034655
4034954
4035040
4035295
4035490
4035576
4035631
4035724
4035810
4035855
4036043
4036127
4036380
4036523
4036613
4036869
4036989
4037243
4037398
4037488
4037572
4037737
4037985
4038162
4038243
4038483
4038567
4038647
4038753
4038898
4039498
4039765
4040021
4041928
4042180
4042283
4042536
4042882
4043069
4043275
4043617
4043710
4043777
4043878
4043963
4044236
4044393
4044637
4044732
4044819
4045062
4045147
4045416
4045581
4045835
4046087
4046243
4046304
4046501
4046586
4046666
4046756
4046855
4047110
4047225
4047319
4047401
4047656
4047814
4048284
4048516
4048966
4049034
4049315
4049455
4049510
4049597
4049689
4049781
4049869
4049952
4050037
4050127
4050348
4050717
4051055
4051144
4051416
4051569
4051621
4051723
4051975
4052075
4052313
4052541
4052609
4052643
4052726
4052778
4053020
4053113
4053666
4053858
4054107
4054241
4054327
4054368
4054943
4055226
4055653
4055981
4056193
4056295
4056564
4056635
4056728
4056980
4057194
4057466
4057717
4058312
4058631
4058879
4059183
4059564
4061574
4061823
4062095
4062358
4062462
4062522
4062777
4063040
4063099
4063501
4063617
4063865
4064091
4064203
4064259
4064694
4064959
4065139
4065344
4065670
4065782
4066639
4066819
4066933
4067189
4067412
4067514
4067625
4068038
4068294
4068529
4068777
4069019
4069362
4069789
4069916
4070043
4070335
4070468
4070607
4070731
4070850
4070952
4071202
4071532
4071907
4072191
4072520
4072774
4072903
4073322
4073385
4073684
4073816
4073955
4074086
4074223
4074368
4074552
4074704
4074821
4074944
4075065
4075194
4075288
4075403
4075847
4076032
4076212
4076456
4076690
4076777
4077042
4077213
4077461
4077728
4077957
4078215
4078349
4078586
4078720
4078768
4078889
4079151
4079393
4079509
4079776
4079936
4080182
4080439
4080723
4081004
4081252
4081489
4081670
4081822
4082420
4082503
4082747
4083337
4084010
4084307
4084484
4084750
4084860
4084968
4085257
4085773
4086002
4086260
4086467
4086714
4086908
4087174
4087393
4087581
4087917
4088034
4088226
4088431
4088671
4088783
4088890
4088971
4089218
4089465
4089822
4089936
4090080
4090321
4090429
4090594
4091150
4091261
4091391
4091551
4091727
4091801
4092048
4092536
4093187
4093914
4094173
4094288
4094650
4094852
4095146
4095264
4095380
4095621
4095945
4096532
4096551
4096749
4096833
4097081
4097342
4097372
4097722
4097885
4098128
4098249
4099100
4099359
4099478
4099538
4099655
4100267
4100307
4100428
4100639
4100753
4101146
4101435
4101614
4101847
4102123
4104282
4104644
4104998
4105271
4105622
4105999
4106381
4106737
4106895
4107137
4107426
4107569
4108105
4108481
4108726
4108945
4109029
4109169
4109442
4109532
4109742
4109999
4110227
4110358
4110489
4110727
4111556
4111837
4112136
4112303
4112436
4112679
4112705
4112924
4113039
4113182
4113304
4113346
4114007
4114269
4114561
4114990
4115126
4115582
4115820
4116001
4116564
4116961
4117162
4117408
4117863
4118003
4118133
4118340
4118472
4118620
4118722
4118806
4119040
4119209
4119511
4119969
4120275
4120528
4120745
4121282
4121779
4122244
4122494
4122727
4123162
4123430
4123589
4123737
4123797
4123944
4124128
4124274
4124414
4124554
4126316
4126607
4126791
4127049
4127271
4127429
4127600
4127848
4127893
4128525
4128762
4128996
4129192
4129346
4129494
4129624
4129775
4129921
4129977
4130125
4130270
4130647
4130896
4131611
4133128
4134129
4134467
4134770
4135112
4135418
4135763
4136009
4136259
4136504
4136748
4136988
4137237
4137465
4138172
4138305
4138631
4139017
4139656
4139901
4140142
4140348
4140479
4140717
4140905
4141077
4141317
4141470
4142001
4142253
4142553
4142830
4143244
4143489
4144181
4144407
4144646
4144910
4145053
4145154
4145439
4146125
4146298
4146580
4146813
4147015
4147126
4147366
4147611
4147862
4147973
4148079
4148156
4148389
4148510
4148761
4149009
4149267
4149373
4149491
4149565
4149781
4150250
4150838
4151087
4151387
4151567
4151611
4151919
4152329
4152576
4152681
4152797
4153041
4153153
4153381
4153623
4153739
4153843
4154092
4154209
4154320
4154407
4154519
4154756
4154885
4155133
4155229
4155244
4155477
4155714
4155826
4156063
4156142
4156252
4156364
4156519
4156693
4156900
4157009
4157241
4157429
4157531
4157628
4157731
4157974
4158210
4158439
4158532
4158764
4159181
4159270
4159380
4159493
4159728
4159842
4159971
4160209
4160393
4160640
4160870
4161115
4161331
4161439
4161752
4161876
4161981
4162332
4162584
4162686
4162888
4162982
4163082
4163180
3683105
3683178
3683274
3683420
3683547
3683628
3684904
3685162
3685417
3685538
3685715
3685881
3686153
3686366
3686891
3687001
3687090
3687145
3687233
3687594
3687686
3687814
3687926
3688050
3688457
3688530
3688576
3688725
3689008
3689099
3689195
3689283
3689891
3690107
3690295
3690397
3690481
3690582
3690844
3691019
3691221
3691488
3691580
3691754
3692511
3692729
3692845
3692939
3693127
3693352
3693483
3693567
3693689
3693768
3693885
3693968
3694495
3694620
3695079
3695225
3695310
3695403
3695589
3695786
3695959
3696109
3696293
3696450
3696573
3696660
3696734
3696951
3697036
3697486
3697681
3697823
3698262
3698375
3698501
3698613
3698657
3698701
3698726
3698920
3699123
3699268
3699656
3699756
3699857
3700065
3700160
3700218
3700319
3700509
3700706
3701116
3701231
3701323
3701380
3701471
3701780
3701878
3702080
3702191
3702381
3702466
3702560
3702663
3702759
3702917
3703017
3703115
3703328
3703437
3703917
3704238
3704445
3705080
3705178
3705285
3705392
3705522
3705621
3705718
3705813
3705911
3705996
3706102
3706207
3706268
3706365
3706465
3706673
3706828
3707147
3707557
3707687
3707885
3708192
3708385
3708719
3709181
3709644
3709746
3710075
3710184
3710289
3710342
3710571
3710966
3711184
3711398
3711702
3711978
3712091
3712199
3712387
3712757
3712972
3713064
3713157
3713251
3713392
3713615
3713971
3714075
3714152
3714190
3714333
3714580
3714765
3715139
3715553
3715667
3715776
3715874
3715967
3716174
3716401
3716619
3717184
3717437
3717633
3717804
3718035
3718362
3718549
3718742
3719017
3719258
3719643
3719887
3720035
3720348
3720958
3721238
3721435
3721536
3721772
3722002
3722375
3722455
3722748
3722965
3723343
3723406
3723525
3723715
3723856
3724208
3724331
3726296
3726446
3726692
3726940
3727291
3727428
3727517
3727767
3727898
3728057
3728183
3728430
3728813
3729052
3729179
3729568
3729961
3730481
3731054
3731475
3731724
3732002
3732258
3732514
3734479
3734650
3734796
3734928
3735156
3735537
3735783
3735904
3736066
3736326
3736491
3736745
3737062
3737473
3737844
3737991
3738239
3738472
3738714
3738912
3739185
3739332
3739581
3739825
3740065
3740265
3740393
3740610
3741140
3741480
3741703
3741818
3741845
3741893
3742236
3742365
3742921
3743133
3743381
3743526
3743773
3743917
3744019
3744200
3744389
3744482
3744663
3744951
3745088
3745202
3745513
3745770
3746022
3746311
3746552
3746704
3746959
3747095
3747748
3747833
3748118
3748519
3748957
3749130
3749470
3749743
3750029
3750265
3750420
3750573
3750706
3750761
3751034
3751300
3751552
3752194
3752493
3752737
3752948
3753199
3753336
3753471
3753614
3755551
3755690
3755822
3755953
3756061
3756189
3756310
3756450
3756591
3756720
3756833
3756936
3757058
3757166
3757305
3757565
3757726
3757893
3758187
3758397
3758653
3758985
3759287
3759527
3759753
3759992
3760342
3760535
3760731
3760857
3761081
3761318
3761555
3761783
3762055
3762283
3762505
3762744
3763001
3763238
3763398
3763853
3763969
3764194
3764295
3764550
3764934
3765182
3765395
3765652
3766133
3766389
3766513
3767397
3767556
3767683
3767750
3768022
3768273
3768398
3768961
3769190
3769540
3770035
3770184
3770301
3770562
3770813
3771066
3771311
3771421
3771663
3771785
3771937
3772080
3772375
3774485
3774625
3775483
3775725
3776355
3776590
3777015
3777334
3777472
3778153
3778696
3778838
3778941
3779079
3779099
3779356
3779580
3779805
3779915
3780157
3780337
3780593
3781067
3781264
3781634
3781772
3782028
3782159
3782291
3782545
3782983
3783209
3783429
3783674
3783906
3784237
3784630
3784881
3785062
3785314
3785558
3785691
3786396
3786769
3787078
3787314
3787556
3787751
3788044
3788053
3788197
3788382
3788519
3788652
3788826
3788985
3789239
3789351
3789485
3789611
3789748
3789882
3790071
3790491
3790619
3790867
3791178
3791431
3791693
3791964
3792291
3792528
3792697
3792820
3793837
3794088
3794100
3794246
3794566
3795043
3795209
3795513
3795656
3796575
3797023
3797274
3797405
3797660
3797948
3798090
3798365
3798727
3799091
3799320
3799561
3799698
3799832
3799951
3800136
3800330
3800510
3800732
3801030
3801283
3801538
3801797
3802025
3802108
3802224
3802472
3802715
3803064
3803170
3803457
3803708
3803963
3804113
3804363
3804580
3804826
3805562
3805886
3806040
3806400
3806638
3807052
3807441
3807688
3807935
3808542
3808910
3808939
3809146
3809275
3809538
3809843
3810400
3810556
3810745
3811415
3811829
3812082
3812314
3812442
3812737
3812811
3813063
3813304
3813429
3813568
3813905
3814218
3814457
3814580
3816390
3816683
3816888
3817141
3817257
3817470
3817784
3818033
3818281
3818688
3818938
3819320
3819486
3819751
3819892
3820302
3820436
3820686
3820879
3821069
3821318
3821421
3821677
3822048
3822292
3822587
3822792
3822928
3823170
3823400
3823653
3824511
3824697
3824990
3825268
3825597
3825969
3826219
3826503
3826758
3826987
3827091
3827206
3827483
3827612
3827865
3828071
3828186
3828288
3828670
3828726
3828801
3829107
3829359
3829829
3830098
3830478
3831016
3831165
3831324
3831568
3831771
3831912
3832028
3832141
3832265
3832471
3832502
3832607
3832706
3833184
3833362
3834324
3834574
3834835
3835246
3835453
3835826
3836346
3836747
3837042
3837278
3837423
3837585
3837970
3838241
3838487
3838729
3838921
3839055
3839472
3841085
3841219
3841351
3841469
3841606
3841737
3841869
3843148
3843394
3843652
3843986
3844159
3844336
3844467
3844597
3844860
3845172
3845339
3845660
3845796
3846074
3846341
3846619
3846856
3847097
3847242
3847395
3847612
3847887
3848110
3848324
3848586
3848729
3849002
3849355
3849516
3850000
3850239
3850389
3850728
3851183
3851430
3851564
3851916
3852177
3852317
3852693
3852832
3853222
3853358
3853733
3854115
3854380
3854621
3854974
3855210
3855448
3855644
3855879
3856131
3856268
3856461
3856605
3856990
3857369
3857631
3857914
3858052
3858534
3858789
3859003
3859182
3859368
3859613
3859750
3859947
3860185
3861383
3861525
3861534
3861536
3861793
3862040
3862183
3862389
3862591
3862732
3862986
3863440
3863709
3863995
3864213
3864330
3864641
3864886
3865019
3865197
3865447
3865693
3865974
3866228
3866482
3866720
3866916
3867188
3867481
3867982
3868075
3868534
3868731
3868863
3869098
3869225
3869239
3869371
3869499
3869711
3870002
3870129
3870385
3870626
3870709
3871010
3871246
3871580
3871824
3872066
3872558
3872806
3873063
3873261
3873459
3873591
3873621
3873839
3874077
3874296
3874657
3874747
3875037
3875185
3875449
3875584
3875787
3875989
3876125
3876261
3876391
3876638
3876770
3876859
3877118
3877250
3877476
3877678
3877808
3877990
3878119
3878191
3878293
3878413
3878815
3878824
3878979
3879232
3879492
3879742
3879938
3880065
3880237
3880493
3880741
3880978
3881272
3881897
3882082
3882206
3882448
3882724
3883044
3883297
3883472
3883723
3883877
3884121
3884376
3884502
3884629
3884746
3884858
3884981
3885108
3885232
3885339
3885460
3885584
3885642
3885766
3885918
3886009
3886132
3886409
3886655
3886901
3887149
3887492
3887741
3888291
3888584
3889977
3890213
3890476
3890739
3891005
3891246
3891496
3891842
3892043
3892285
3892543
3892814
3893063
3893284
3893521
3893638
3893753
3893848
3894093
3894733
3895000
3895138
3895386
3895539
3896289
3896952
3897203
3897998
3898004
3898366
3898614
3898675
3898791
3899038
3899751
3900318
3900456
3900704
3900952
3901342
3901583
3902132
3902281
3902333
3902656
3902778
3903023
3903089
3903557
3903741
3903955
3904083
3904435
3904688
3904890
3905134
3905269
3905387
3905516
3905627
3905718
3905970
3906220
3906351
3906672
3906919
3907012
3907292
3907541
3907834
3907964
3908436
3908831
3909119
3909251
3909597
3909783
3909902
3910204
3910452
3910711
3910912
3911160
3911277
3911399
3911472
3911554
3911666
3911855
3912076
3912178
3912733
3913029
3913291
3913403
3913769
3913783
3913929
3914074
3914194
3914492
3914975
3915106
3915239
3915576
3915704
3917140
3917286
3917421
3917511
3917648
3917779
3917821
3917918
3918050
3918128
3918375
3918960
3919043
3919288
3919405
3919531
3919657
3919900
3920065
3920358
3920594
3920890
3921164
3921490
3921740
3921794
3922043
3922293
3922632
3922895
3922984
3923024
3923308
3923521
3923868
3924082
3924398
3925876
3926125
3926308
3926542
3926795
3926943
3927145
3927500
3927754
3928079
3928454
3928692
3928818
3928947
3929186
3929401
3929522
3929655
3929776
3929990
3930421
3930624
3930957
3931453
3931820
3932190
3932589
3932963
3933047
3933172
3933437
3933689
3933951
3934066
3934196
3934360
3934567
3934813
3935055
3935349
3935771
3936112
3936133
3936427
3936825
3937248
3937633
3937968
3938198
3938331
3938571
3938849
3940033
3940216
3940412
3940643
3941232
3941357
3941499
3941846
3942253
3942862
3943123
3943385
3943639
3943882
3944406
3944789
3945408
3945564
3945716
3945941
3946230
3946373
3946513
3946665
3946906
3947157
3947457
3947704
3948077
3948309
3948808
3949054
3949316
3949555
3949784
3949924
3950191
3950438
3950635
3951272
3951426
3951562
3951810
3952073
3952496
3952647
3952963
3953291
3954023
3954684
3954925
3955383
3955632
3955818
3956268
3956461
3956716
3957174
3957331
3957467
3957905
3958297
3958437
3958573
3959211
3959265
3959512
3959785
3960144
3960588
3960708
3961044
3961281
3961700
3961937
3962182
3962420
3962554
3962616
3962624
3962940
3963072
3963422
3963666
3963752
3963948
3964223
3964471
3964712
3964980
3965262
3965472
3965631
3965774
3966000
3966257
3966561
3966860
3967119
3967523
3967773
3967910
3968053
3968179
3968459
3968585
3968702
3968890
3969253
3969387
3969676
3969770
3970102
3970519
3970653
3970801
3971024
3971229
3971495
3971790
3972024
3972509
3972761
3972973
3973103
3973693
3974173
3974486
3974518
3974775
3974979
3975388
3975580
3975845
3976093
3976377
3976623
3976700
3976827
3976909
3977158
3977412
3977665
3977758
3978013
3978259
3978523
3978650
3978847
3978981
3980592
3980844
3981022
3981201
3981441
3981674
3981800
3982733
3983021
3983233
3983630
3984028
3984103
3984129
3984224
3984505
3984567
3984686
3984908
3985106
3985468
3985586
3985702
3985825
3985924
3986032
3986137
3986240
3986385
3986635
3986780
3987009
3987109
3987364
3987608
3987859
3988190
3988266
3988494
3988607
3988665
3988903
3989066
3989321
3989708
3989970
3989982
3990375
3990670
3990878
3990980
3991081
3991192
3991432
3991691
3991855
3992120
3992520
3992707
3992982
3993107
3993374
3993603
3993707
3994058
3994163
3994421
3996408
3996535
3996606
3996739
3996977
3997087
3997140
3997246
3997349
3997452
3997750
3998018
3998125
3998403
3998650
3998820
3999003
3999257
3999364
3999481
3999686
3999795
3999810
3999958
4000061
4000113
4000248
4000519
4000765
4000883
4000989
4001249
4001548
4001840
4001978
4002199
4002339
4002439
4002534
4002603
4002877
4002990
4003095
4003349
4003600
4003843
4004082
4004179
4004278
4004369
4004478
4004616
4004697
4004781
4004880
4005316
4005510
4005855
4006017
4006178
4006433
4006670
4006772
4007029
4007341
4007779
4007877
4007958
4008211
4008425
4008672
4008910
4009112
4009262
4009383
4009753
4010033
4010220
4010302
4010558
4010815
4011058
4011159
4011381
4011519
4011622
4011709
4011807
4012037
4012158
4012445
4012593
4013167
4013406
4013496
4013739
4013843
4014511
4014866
4015114
4015217
4015305
4015577
4015822
4016021
4016044
4016148
4016380
4016505
4016984
4017091
4017212
4017455
4017556
4017662
4017981
4018082
4018313
4018566
4018659
4018762
4018896
4018988
4019092
4019185
4019412
4019632
4019830
4021347
4021619
4021720
4021813
4022057
4022146
4022285
4022373
4022459
4022563
4022650
4022745
4022892
4023147
4023245
4023500
4023610
4023714
4023968
4024216
4024546
4024666
4024770
4024840
4025103
4025199
4025442
4025726
4025819
4025883
4026020
4026110
4026198
4026290
4026395
4026518
4026625
4026737
4026840
4026924
4027020
4027115
4027229
4027280
4027372
4027486
4027580
4027718
4027819
4027892
4027986
4028236
4028330
4028814
4028941
4029028
4029277
4029365
4029634
4030074
4030588
4030805
4030902
4030990
4031074
4031175
4031375
4031394
4031564
4031828
4032083
4032368
4032633
4032733
4032857
4033387
4033536
4033653
4033742
4033996
4034199
4034318
4034405
4034654
4034953
4035038
4035296
4035492
4035577
4035630
4035723
4035808
4035856
4036041
4036126
4036378
4036522
4036611
4036868
4037147
4037396
4037489
4037775
4038160
4038242
4038482
4038568
4038648
4038769
4038894
4039497
4039767
4040018
4041925
4042178
4042212
4042279
4042369
4042610
4042922
4043182
4043433
4043535
4043621
4043721
4043809
4043879
4043965
4044237
4044395
4044638
4044733
4044820
4045063
4045146
4045417
4045582
4045836
4046089
4046244
4046305
4046502
4046589
4046665
4046704
4046792
4046854
4047111
4047178
4047226
4047341
4047402
4047657
4047815
4047903
4048331
4048517
4048967
4049067
4049316
4049406
4049511
4049599
4049693
4049782
4049868
4049954
4050072
4050164
4050410
4050640
4050839
4051056
4051147
4051417
4051568
4051623
4051724
4051976
4052077
4052314
4052546
4052646
4052747
4052992
4053114
4053668
4053860
4054110
4054181
4054278
4054370
4054945
4055227
4055654
4055983
4056194
4056296
4056546
4056636
4057039
4057195
4057470
4057720
4058313
4058634
4059185
4059565
4059759
4059862
4060113
4060700
4060966
4061133
4061268
4061400
4061655
4061945
4062313
4062513
4062665
4062917
4063299
4063459
4063763
4064046
4064460
4064620
4064897
4065241
4065515
4065974
4066130
4066266
4066407
4066565
4067187
4067842
4068223
4068595
4068954
4069203
4069468
4069681
4070269
4070658
4071143
4071396
4071679
4071843
4072128
4072340
4072537
4072702
4073119
4073250
4073565
4075573
4075711
4076143
4076396
4076761
4077037
4077401
4077627
4078149
4078541
4079103
4079339
4079720
4080131
4080378
4080706
4080957
4081205
4081452
4081768
4081772
4082744
4082974
4083020
4083173
4083421
4083558
4083686
4083822
4083951
4084250
4084684
4085198
4085446
4085626
4085896
4086150
4086397
4086656
4086873
4087172
4087452
4087704
4087982
4088319
4088645
4089194
4089442
4089679
4090061
4090441
4090912
4091382
4091527
4092028
4092439
4092750
4092872
4092979
4093119
4093386
4093515
4093641
4093767
4094033
4094476
4094613
4095039
4095556
4095799
4096067
4096209
4096335
4096656
4097039
4097286
4097527
4097923
4098110
4098354
4098475
4098690
4098823
4098946
4099071
4099316
4099754
4099930
4100086
4100589
4100888
4101012
4101232
4101409
4101776
4102044
4102336
4102478
4102604
4102728
4102839
4102959
4103075
4103255
4103364
4103494
4103628
4103757
4103869
4103980
4104092
4104213
4104485
4104598
4104845
4105157
4105450
4105550
4105593
4105743
4105917
4106356
4106594
4106688
4107012
4107326
4107824
4108303
4108416
4108688
4108843
4109324
4109685
4109930
4110554
4110843
4110969
4111167
4111269
4111428
4111505
4111718
4111806
4111902
4111992
4112009
4112107
4112528
4112825
4113669
4113918
4114114
4114363
4114515
4114750
4115049
4115637
4115878
4116614
4117011
4117213
4117461
4117916
4118059
4118385
4118554
4118680
4118850
4119230
4119555
4120018
4120334
4120669
4121309
4121831
4122297
4122549
4122792
4123211
4123480
4123527
4123687
4123850
4124006
4124187
4124198
4124380
4124519
4124657
4126460
4126847
4127103
4127327
4127654
4127907
4128586
4129049
4129254
4129410
4129554
4129687
4129837
4130036
4130189
4130333
4130710
4130964
4131673
4131914
4132150
4132281
4132416
4132558
4132694
4132956
4134181
4134535
4134827
4135170
4135476
4135819
4136064
4136311
4136576
4136827
4137119
4137361
4137910
4138060
4138269
4138685
4139069
4139711
4139868
4140176
4140425
4140771
4140913
4141126
4141346
4141517
4142054
4142304
4142609
4142881
4143295
4143536
4143804
4143934
4144105
4144343
4144582
4144834
4145340
4145572
4146101
4146227
4146495
4146758
4146993
4147105
4147346
4147587
4147842
4147954
4148060
4148136
4148371
4148487
4148740
4148988
4149245
4149353
4149468
4149718
4150229
4150798
4151043
4151284
4151477
4151587
4151617
4151896
4152218
4152274
4152522
4152632
4152666
4152783
4153025
4153139
4153360
4153603
4153719
4153821
4154068
4154533
4154729
4154845
4154961
4155206
4155454
4155692
4155802
4156042
4156119
4156226
4156340
4156405
4156515
4156699
4156882
4156990
4157219
4157409
4157510
4157610
4157714
4157938
4158194
4158424
4158510
4158751
4159160
4159247
4159355
4159471
4159581
4159605
4159710
4159803
4159908
4159956
4160195
4160379
4160617
4160859
4161103
4161321
4161435
4161732
4161836
4161872
4161961
4162314
4162566
4162673
4162871
4162967
4163066
4163158
4163265
4163556
4163796
4164008
3683074
3683149
3683240
3683426
3683594
3684909
3685167
3685423
3685544
3685721
3685886
3686159
3686370
3686897
3686989
3687072
3687148
3687237
3687601
3687695
3687816
3688056
3688461
3688534
3688694
3689012
3689102
3689199
3689286
3689896
3690113
3690297
3690425
3690516
3690633
3690945
3691122
3691169
3691343
3691454
3691585
3691760
3692554
3692737
3692851
3692951
3693136
3693360
3693491
3693574
3693667
3693745
3693824
3693891
3694060
3694499
3694626
3695087
3695233
3695317
3695408
3695446
3695596
3695792
3695967
3696117
3696788
3696957
3697043
3697493
3697689
3697830
3698269
3698378
3698506
3698617
3698659
3698682
3698695
3698730
3698925
3699170
3699402
3699616
3699763
3699867
3699952
3700028
3700118
3700223
3700321
3700512
3700712
3701106
3701237
3701335
3701385
3701475
3701656
3701781
3701893
3702082
3702170
3702357
3702443
3702537
3702622
3702686
3702898
3702993
3703090
3703305
3703412
3703892
3704216
3704425
3704500
3705068
3705071
3705166
3705272
3705371
3705475
3705507
3705607
3705703
3705798
3705891
3705978
3706075
3706180
3706288
3706386
3706588
3706805
3706898
3707292
3707503
3707668
3707828
3708029
3708038
3708231
3708364
3708695
3709156
3709617
3710052
3710157
3710216
3710322
3710545
3710940
3711160
3711371
3711426
3711679
3711955
3712059
3712118
3712346
3712667
3712763
3712954
3713046
3713140
3713230
3713325
3713375
3713597
3713943
3714050
3714130
3714183
3714210
3714494
3714735
3715109
3715519
3716411
3716588
3717150
3717404
3717601
3717772
3718312
3718517
3718709
3718980
3719225
3719612
3719854
3719909
3720341
3720920
3721158
3721394
3721504
3721741
3721968
3722276
3722511
3722701
3722916
3723123
3723336
3723654
3724024
3724136
3724453
3724621
3724750
3724890
3725014
3725191
3725310
3725432
3725593
3725712
3725835
3725949
3726062
3726189
3726623
3726871
3727176
3727600
3728266
3728507
3728683
3728973
3729347
3729503
3729754
3729890
3730150
3730300
3730420
3730581
3731484
3731787
3731793
3731917
3732183
3732444
3732639
3732796
3732932
3733057
3733187
3733314
3733431
3733553
3733671
3733795
3733908
3734058
3734173
3734331
3734441
3735084
3735362
3735479
3735829
3736253
3736679
3736701
3737012
3737257
3737398
3737649
3737793
3738156
3738382
3738604
3738833
3739120
3739496
3739750
3739978
3740533
3740898
3741730
3741866
3742006
3742039
3742228
3742791
3743065
3743307
3743698
3744281
3744585
3744837
3745430
3745690
3745943
3746227
3746489
3746873
3747103
3747755
3748002
3748527
3748967
3749140
3749388
3749659
3749795
3749814
3750057
3750310
3750443
3750599
3750783
3750889
3751062
3751328
3751576
3752218
3752510
3752765
3752972
3753223
3753360
3753500
3753631
3755576
3755715
3755850
3755976
3756107
3756243
3756378
3756471
3756613
3756743
3756867
3756979
3757100
3757191
3757329
3757589
3757750
3757896
3757948
3758209
3758468
3758711
3759008
3759776
3760013
3760367
3760555
3760760
3760880
3761103
3761343
3761578
3761819
3762083
3762307
3762528
3762797
3762815
3762921
3763236
3763422
3764573
3764955
3765200
3765417
3765673
3766157
3767216
3767330
3767443
3767572
3767685
3767768
3768036
3768291
3768415
3768978
3769192
3769543
3770036
3770185
3770302
3770580
3770831
3771083
3771326
3771437
3771679
3771799
3771954
3772318
3772391
3774503
3775538
3775778
3776409
3776645
3777042
3777367
3777500
3778184
3778728
3778774
3778946
3779080
3779340
3779597
3779834
3779940
3780188
3780366
3780622
3781099
3781291
3781665
3781801
3782056
3782189
3782322
3782571
3783014
3783240
3783461
3783705
3783987
3784268
3784663
3784885
3785097
3785347
3785593
3785836
3786432
3786807
3787120
3787373
3787628
3787790
3788153
3788290
3788428
3788568
3788696
3788889
3789185
3789385
3789519
3789651
3789853
3790105
3790527
3790667
3791090
3791339
3791619
3792001
3792423
3792594
3792739
3793751
3794129
3794268
3795137
3795352
3795578
3796491
3797060
3797312
3797451
3797982
3798241
3798412
3798755
3798903
3799160
3799350
3799599
3799733
3799858
3800110
3800342
3800546
3800884
3801320
3801456
3801577
3801835
3802388
3802637
3802852
3803369
3803386
3803649
3804055
3804307
3804639
3804959
3805097
3805224
3805278
3805405
3805703
3805897
3806181
3806326
3806578
3806831
3806970
3807223
3807333
3807583
3807830
3808077
3808213
3808334
3808446
3808667
3808799
3809043
3809435
3809685
3809923
3810090
3810217
3810482
3810537
3810623
3810860
3811046
3811163
3811290
3811560
3811705
3811959
3812119
3812572
3812944
3813202
3813854
3814118
3814406
3814686
3814823
3814957
3815086
3815221
3815395
3815537
3815625
3815761
3815936
3816134
3816249
3816319
3816529
3816963
3817355
3817620
3817863
3818112
3818407
3818577
3818837
3819074
3819197
3819622
3820026
3820148
3820566
3820760
3821208
3821332
3821586
3821840
3821955
3822207
3822481
3822858
3823072
3823324
3823568
3823752
3823876
3823983
3824116
3824243
3824385
3824877
3825215
3825469
3825728
3825853
3826107
3826606
3826820
3827311
3827748
3827984
3828391
3828544
3828902
3829152
3829394
3829516
3829648
3829896
3830159
3830345
3830564
3830670
3830765
3830844
3831390
3831637
3832515
3832781
3832800
3832974
3833095
3833316
3833423
3833561
3833659
3833766
3833868
3833975
3834089
3834184
3834400
3834667
3834874
3834980
3835059
3835306
3835526
3835648
3835889
3836001
3836106
3836444
3836550
3836807
3837034
3837655
3837781
3838027
3838341
3838542
3838811
3839146
3839302
3839519
3839701
3839833
3839952
3840107
3840229
3840286
3840293
3840404
3840518
3840633
3840753
3840869
3841916
3842063
3842181
3842303
3842417
3842489
3842608
3842727
3842748
3842754
3842765
3842897
3842984
3843232
3843479
3843732
3843906
3844713
3844994
3845411
3845905
3846164
3846413
3847727
3847963
3848050
3848202
3848414
3848765
3849040
3849179
3849342
3849590
3849702
3849788
3849892
3850085
3850458
3851087
3851595
3851749
3852001
3852394
3852602
3852870
3852988
3853105
3853539
3853785
3853900
3853996
3854206
3854446
3854691
3854884
3855111
3855260
3855483
3855738
3855969
3856641
3856796
3856912
3857167
3857281
3857403
3857659
3857831
3858108
3858256
3858417
3858754
3858955
3859232
3859567
3859812
3860065
3860258
3860387
3860515
3860627
3860720
3860824
3860936
3861041
3861149
3861182
3861295
3861711
3861958
3862306
3862496
3862815
3863072
3863258
3863364
3863485
3863776
3864135
3864400
3864511
3864622
3864791
3865102
3865349
3865602
3865851
3865966
3866141
3866389
3866623
3866844
3866976
3867169
3867390
3867645
3867762
3867876
3868093
3868284
3868399
3868453
3868568
3868767
3869010
3869616
3869860
3870049
3870307
3870571
3870855
3871006
3871392
3871522
3871712
3871950
3872244
3872343
3872454
3872703
3872957
3873183
3873426
3873661
3874003
3874244
3874474
3874585
3874839
3874968
3875381
3875688
3875924
3876850
3877052
3877192
3877447
3877926
3878617
3879087
3879337
3879631
3879817
3880390
3880582
3881567
3881808
3882011
3882359
3882602
3882833
3882948
3883166
3883480
3883966
3884215
3886251
3886498
3886743
3886991
3887234
3887388
3887617
3887861
3888030
3888174
3888461
3888738
3888886
3889638
3889767
3889895
3889941
3890371
3890632
3890894
3891149
3891394
3891639
3891802
3892154
3892329
3892424
3892716
3892967
3893213
3893448
3893963
3894193
3894382
3894509
3894648
3894880
3894963
3895211
3895559
3895695
3895876
3895994
3896128
3896248
3897135
3897394
3897484
3897607
3897739
3897873
3898005
3898137
3898546
3898680
3898799
3899047
3899366
3899742
3900324
3900461
3900710
3900956
3901346
3901587
3902136
3902283
3902661
3902783
3903027
3903518
3903742
3903929
3904070
3904343
3904447
3904699
3904902
3905146
3905281
3905404
3905527
3905639
3905729
3905983
3906260
3906423
3906684
3906930
3907302
3907553
3907846
3907974
3908221
3908349
3908448
3908587
3909129
3909260
3909608
3909792
3909913
3910216
3910472
3910713
3910921
3911171
3911286
3911408
3911517
3911632
3911864
3912085
3912187
3912741
3913038
3913299
3913406
3913770
3913939
3914068
3914500
3914988
3915111
3915242
3915583
3915712
3917147
3917294
3917426
3917516
3917656
3917824
3917919
3918053
3918204
3918382
3918634
3918883
3919048
3919293
3919412
3919538
3919663
3919906
3920071
3920362
3920598
3920896
3921248
3921654
3921799
3922050
3922621
3922872
3922974
3923035
3923060
3923305
3923519
3923858
3924073
3924389
3925867
3926118
3926299
3926535
3926787
3926937
3927136
3927493
3927511
3927517
3927755
3927941
3928108
3928384
3928623
3928740
3928869
3929873
3929911
3930344
3930553
3930884
3931401
3931739
3932106
3932506
3932878
3933010
3933113
3933234
3933473
3933704
3933882
3933997
3934236
3934385
3934479
3934732
3934983
3935278
3935419
3935716
3936047
3936154
3936355
3936736
3936983
3937165
3937490
3937865
3938113
3938241
3938478
3938585
3938832
3939056
3939287
3939640
3939766
3940108
3940305
3940429
3940668
3941178
3941278
3941406
3941529
3941772
3942176
3942779
3943042
3943276
3943537
3943776
3944314
3945319
3945465
3945625
3945764
3945854
3945997
3946147
3946281
3946420
3946535
3946647
3946969
3947206
3947374
3947622
3947960
3948170
3948328
3948517
3948644
3948893
3949150
3949409
3949639
3950044
3950323
3950676
3950882
3951047
3951677
3951953
3952174
3952289
3952570
3952847
3953096
3953342
3953463
3953594
3953698
3953873
3954119
3954323
3954439
3954531
3954809
3955055
3955166
3955270
3955527
3955970
3956132
3956568
3956822
3957071
3957268
3957550
3957665
3957782
3958014
3958122
3958229
3958833
3959056
3959437
3960858
3960872
3960989
3961207
3961443
3961478
3961584
3961828
3962062
3962104
3962408
3962670
3962859
3963200
3963319
3963863
3964140
3964392
3964634
3964890
3965190
3965393
3965724
3965816
3966064
3966290
3966393
3966497
3966760
3967009
3967254
3967320
3967411
3967658
3968349
3968770
3968983
3969169
3969558
3969899
3970024
3970278
3970606
3970892
3971184
3971445
3971682
3971919
3972172
3972300
3972504
3972755
3972967
3973097
3973687
3974166
3974410
3974659
3974973
3975378
3975558
3975842
3976091
3976373
3976619
3976691
3976818
3976902
3977153
3977404
3977658
3977750
3978006
3978251
3978514
3978640
3978789
3978973
3980585
3980836
3981013
3981192
3981430
3981665
3981794
3982273
3982502
3982627
3982881
3983098
3983370
3983511
3983870
3984165
3984229
3984336
3984765
3985014
3985237
3985378
3986505
3986821
3987226
3987478
3987725
3987962
3988367
3988713
3988846
3989051
3989174
3989470
3989842
3990098
3990250
3990507
3991327
3991558
3991783
3991961
3992239
3992383
3992620
3992846
3993219
3993491
3993617
3993641
3993888
3994313
3994471
3994622
3994783
3994899
3995044
3995190
3995359
3995510
3995648
3995716
3995856
3995859
3995997
3996152
3996289
3997695
3997864
3998261
3998509
3998757
3999171
4000184
4000403
4000622
4001100
4001354
4001604
4001705
4002064
4002715
4003173
4003424
4003674
4004705
4005087
4005342
4005585
4005783
4006082
4006107
4006302
4006509
4006854
4007157
4007413
4007630
4007641
4008035
4008284
4008502
4008747
4008979
4009503
4009663
4009821
4010077
4010380
4010640
4010895
4011229
4011872
4012225
4012401
4012668
4012858
4013014
4013235
4013573
4013915
4014062
4014212
4014350
4014687
4014944
4015377
4015636
4015881
4016223
4016577
4016782
4017285
4017719
4018126
4018359
4019250
4019478
4019753
4020008
4020162
4020187
4020218
4020253
4020277
4020443
4020516
4020682
4020869
4021026
4021165
4021441
4021873
4022993
4023349
4023813
4024066
4024315
4024662
4024954
4025294
4025547
4025646
4028032
4028276
4028559
4028638
4029129
4029480
4029736
4029831
4030003
4030626
4030844
4030937
4030947
4031097
4031350
4031390
4031572
4031817
4032071
4032398
4032663
4032762
4032854
4033216
4033487
4033571
4033687
4033963
4034182
4034271
4034358
4034444
4034911
4035076
4035331
4035526
4035661
4035758
4035861
4036047
4036135
4036448
4036558
4036647
4036903
4037181
4037435
4037526
4037771
4038185
4038269
4038515
4038606
4038705
4038785
4038936
4039540
4039798
4040057
4041963
4042367
4042693
4042970
4043231
4043486
4043575
4043698
4043799
4043915
4044009
4044281
4044445
4044684
4044864
4045191
4045465
4045633
4045884
4046134
4046287
4046311
4046544
4046706
4046795
4046903
4047154
4047274
4047448
4047703
4047861
4048364
4048562
4049017
4049112
4049358
4049448
4049553
4049649
4049733
4049823
4049938
4050026
4050113
4050384
4050626
4050851
4051093
4051169
4051427
4051846
4052172
4052274
4052383
4052876
4053215
4053378
4053531
4053790
4053967
4054473
4054648
4054802
4055081
4055336
4055500
4055754
4055907
4056157
4056402
4056582
4056622
4056794
4057044
4057303
4057558
4057798
4057954
4058115
4058256
4058474
4058759
4059032
4059278
4059421
4059663
4059908
4060225
4060365
4060495
4060595
4060803
4060932
4061039
4061175
4061302
4061438
4061717
4061964
4062217
4062564
4062696
4063184
4063353
4063662
4063909
4064358
4064519
4064793
4065041
4065326
4065534
4065890
4066013
4066160
4066290
4066419
4066517
4066726
4067096
4067346
4067750
4067898
4068129
4068377
4068628
4068863
4069111
4069244
4069499
4069594
4070140
4070403
4070663
4071046
4071301
4071433
4071620
4071751
4072002
4072283
4072425
4072658
4073019
4073237
4073480
4073596
4075473
4075606
4075736
4076163
4076454
4076687
4076706
4076774
4076905
4077105
4077268
4077661
4077953
4078211
4078328
4079152
4079387
4079505
4079772
4079931
4080178
4080436
4080720
4081005
4081251
4081490
4081669
4081691
4081934
4082414
4082564
4083175
4083552
4084066
4084309
4084480
4084743
4084851
4084963
4085252
4085768
4085996
4086255
4086461
4086706
4087063
4087308
4087517
4087755
4087988
4088096
4088295
4088461
4088705
4088816
4088927
4089001
4089251
4089497
4089857
4089973
4090217
4090375
4090624
4090735
4090971
4091088
4091206
4091585
4091744
4091821
4092067
4092571
4093226
4093956
4094208
4094325
4094690
4094892
4095186
4095301
4095418
4095659
4095982
4096426
4096537
4096753
4096856
4097100
4098038
4098845
4099159
4099401
4099543
4099794
4100215
4100347
4100467
4100705
4101178
4101428
4101544
4101631
4101968
4102089
4102247
4102381
4102507
4102588
4102650
4102768
4102875
4103002
4103108
4103202
4103317
4103394
4103512
4103566
4103688
4103801
4103914
4104022
4104129
4104239
4104464
4104579
4104794
4104889
4105128
4105227
4105395
4105500
4105561
4105728
4105837
4105942
4106293
4106529
4106636
4106960
4107147
4107266
4107376
4107759
4108237
4108348
4108594
4108776
4109262
4109623
4109870
4110123
4110617
4110865
4110957
4111103
4111215
4111283
4111381
4111461
4111681
4111763
4111855
4111946
4112044
4112264
4112475
4112776
4112997
4113620
4113872
4113974
4114053
4114169
4114452
4114689
4114798
4114903
4115194
4115302
4115401
4115500
4115700
4116030
4116142
4116247
4116297
4116383
4116480
4116695
4116786
4116883
4117269
4117517
4117631
4117744
4118225
4118887
4119070
4119297
4119405
4119624
4119856
4120097
4120429
4120625
4120811
4120918
4121072
4121431
4121533
4121686
4121904
4122695
4122862
4122874
4122986
4123087
4123321
4124781
4124888
4124968
4125082
4125180
4125263
4125368
4125468
4125569
4125639
4125741
4125845
4125922
4126023
4126128
4126220
4126269
4126527
4126663
4126928
4127174
4127485
4127735
4127973
4128068
4128174
4128260
4128333
4128373
4128409
4128659
4128812
4128907
4130415
4130521
4130767
4130978
4131088
4131183
4131248
4131351
4131447
4131701
4131959
4132808
4133053
4133196
4133297
4133381
4133480
4133579
4133686
4133788
4133879
4133928
4134020
4134288
4134396
4134646
4134892
4134993
4135241
4135347
4135604
4135645
4135725
4135899
4136133
4136376
4136623
4136908
4137151
4137388
4137709
4138079
4138337
4138444
4138758
4138873
4139131
4139244
4139347
4139411
4139577
4139830
4140073
4140657
4141231
4141685
4141813
4141932
4142187
4142480
4142762
4143003
4143095
4143352
4143615
4144717
4144969
4145124
4145417
4146176
4146351
4146605
4146972
4147086
4147331
4147666
4147922
4148043
4148203
4148442
4148568
4148823
4149314
4149432
4149549
4149797
4150313
4150902
4151339
4151524
4151609
4151983
4152221
4152361
4152615
4152747
4152878
4153128
4153445
4153690
4153901
4154153
4154286
4154466
4154572
4154819
4154945
4155236
4155483
4155732
4156025
4156196
4156307
4156481
4156686
4156952
4157295
4157491
4157586
4157699
4157952
4158232
4158469
4158719
4159144
4159330
4159435
4159551
4159682
4159821
4159931
4160036
4160278
4160520
4160704
4161081
4161710
4161807
4161925
4162031
4162379
4162639
4162938
4163039
4163134
4163228
4163333
4163619
4163846
4164076
3683068
3683164
3683236
3683421
3683548
3683630
3684905
3685163
3685418
3685539
3685716
3685882
3686154
3686365
3686894
3686971
3687596
3687690
3687815
3687927
3688052
3688459
3688532
3688600
3688746
3689011
3689101
3689197
3689413
3689893
3690109
3690296
3690399
3690490
3690585
3690846
3691024
3691223
3691397
3691489
3691579
3691756
3691917
3692549
3692730
3692847
3692947
3693133
3693354
3693484
3693569
3693663
3693742
3693821
3693887
3693969
3694493
3694622
3695083
3695227
3695311
3695404
3695590
3695789
3695962
3696111
3696296
3696452
3696576
3696667
3696748
3696953
3697039
3697488
3697685
3697825
3698264
3698377
3698503
3698614
3698658
3698681
3698727
3698922
3699125
3699269
3699460
3699658
3699757
3699861
3699947
3700023
3700114
3700219
3700370
3700547
3700707
3701115
3701233
3701328
3701574
3701951
3702277
3702822
3702967
3703223
3703519
3703642
3703756
3704022
3704148
3704353
3704581
3704689
3704798
3704910
3705017
3706538
3706747
3706988
3707106
3707130
3707221
3707423
3707603
3707962
3708143
3708500
3708631
3708844
3708958
3709087
3709302
3709418
3709535
3709830
3709946
3710466
3710710
3710867
3711090
3711310
3711484
3711599
3711831
3712265
3712520
3712536
3712702
3713521
3713599
3713717
3713919
3714273
3714404
3714648
3714890
3715028
3715264
3715638
3716066
3716327
3716492
3716732
3716868
3716995
3717088
3717317
3717522
3717750
3717931
3718171
3718420
3718660
3718911
3719156
3719399
3719537
3719778
3720006
3720151
3720392
3720613
3720707
3720847
3721090
3721328
3721511
3721720
3722199
3722412
3722749
3722966
3723181
3723421
3723542
3723730
3723871
3724222
3724344
3724516
3724615
3724744
3724885
3725010
3725187
3725306
3725428
3725590
3725708
3725828
3725943
3726057
3726184
3726616
3726866
3727172
3727599
3728264
3728508
3728682
3728988
3729343
3729496
3729746
3729884
3730144
3730317
3730422
3730578
3730708
3730847
3730958
3731222
3731342
3731649
3731915
3732178
3732439
3732633
3732790
3732928
3733053
3733184
3733311
3733428
3733575
3733695
3733792
3733905
3734054
3734170
3734324
3734435
3735076
3735328
3735477
3735826
3736245
3736674
3737006
3737250
3737394
3737647
3737754
3738151
3738384
3738599
3738827
3739110
3739491
3739745
3739972
3740525
3740891
3741872
3742010
3742108
3742785
3743042
3743300
3743692
3744272
3744579
3744832
3745424
3745684
3745937
3746222
3746485
3746868
3747207
3747318
3747428
3747531
3747649
3747925
3748199
3748316
3748413
3748899
3749042
3749197
3749442
3749452
3749713
3749854
3750114
3750364
3750497
3750651
3750837
3751117
3751381
3751631
3752279
3752571
3752820
3753025
3753274
3753415
3753549
3755498
3755642
3755776
3755913
3756070
3756205
3756346
3756509
3756648
3756778
3756956
3757075
3757233
3757374
3757635
3757786
3757904
3758223
3758479
3758746
3759045
3759350
3759814
3760055
3760404
3760590
3761189
3761600
3761850
3762117
3762342
3762565
3762803
3763062
3763309
3763461
3763901
3764011
3764238
3764339
3764612
3764996
3765456
3765714
3766198
3766449
3766572
3766812
3766924
3767199
3767331
3767445
3767611
3767797
3768079
3768337
3768454
3769021
3769202
3769554
3770042
3770192
3770323
3770626
3770874
3771130
3771472
3771714
3771861
3771991
3772132
3772434
3774552
3774688
3775550
3775790
3776186
3776621
3776840
3777099
3777207
3777607
3777733
3777739
3777848
3777952
3778033
3778262
3778438
3778562
3779163
3779462
3779699
3780555
3780767
3780962
3781392
3781914
3782418
3782664
3782825
3783076
3783316
3783569
3783920
3784125
3784385
3784529
3784762
3784810
3784827
3785136
3785457
3785773
3785919
3786022
3786143
3786301
3786538
3786651
3786904
3787155
3787430
3787875
3788790
3789094
3789968
3790229
3790345
3790358
3790770
3791043
3791297
3791557
3791817
3792099
3792209
3792453
3792926
3793037
3793153
3793293
3793402
3793505
3793600
3793717
3794005
3794349
3794461
3794737
3794851
3794964
3795110
3795229
3795364
3795797
3795915
3796031
3796140
3796251
3796367
3796454
3796706
3796868
3797125
3797636
3797800
3798211
3798521
3798656
3798878
3799022
3799450
3800067
3800154
3800623
3800833
3801109
3801291
3801546
3801806
3802581
3802820
3802960
3803343
3803624
3803867
3804259
3804503
3804754
3804955
3805094
3805223
3805277
3805404
3805701
3805895
3806178
3806323
3806572
3806836
3806966
3807221
3807329
3807581
3807827
3808075
3808212
3808333
3808445
3808665
3808798
3809040
3809437
3809683
3809922
3810087
3810216
3810481
3810536
3810822
3811042
3811160
3811287
3811559
3811706
3811957
3812056
3812571
3812997
3813199
3813852
3814109
3814405
3814684
3814821
3814955
3815083
3815219
3815392
3815491
3815623
3815759
3815933
3816132
3816248
3816277
3816526
3816802
3817028
3817370
3817617
3817862
3818111
3818405
3818575
3818836
3819075
3819195
3819621
3820025
3820147
3820565
3820761
3821207
3821334
3821585
3821837
3821954
3822205
3822479
3822728
3823062
3823322
3823566
3823751
3823866
3824049
3824188
3824296
3824328
3824819
3825153
3825329
3825667
3825787
3826043
3826289
3826574
3826788
3827022
3827366
3827715
3827949
3828352
3828462
3828514
3828868
3828992
3829160
3829411
3829524
3829613
3829861
3829969
3830129
3830312
3830552
3830634
3830715
3830799
3830881
3831355
3832192
3833386
3833508
3833586
3833683
3833785
3833838
3833945
3834054
3834162
3834369
3834612
3834844
3834950
3835030
3835277
3835495
3835592
3836488
3836608
3837089
3837632
3837747
3838003
3838333
3838521
3838765
3839111
3839221
3839271
3839480
3839665
3839783
3839816
3839934
3839958
3840019
3840189
3840248
3840371
3840482
3840598
3840721
3840834
3840944
3841919
3842034
3842105
3842223
3842335
3842454
3842567
3842687
3842699
3842739
3842755
3842783
3842894
3842941
3843192
3843439
3843694
3843867
3844641
3844958
3845227
3845364
3845549
3845713
3845846
3846041
3846390
3846586
3846823
3846955
3847183
3847318
3847532
3847636
3847870
3848106
3848323
3848529
3848723
3848975
3849321
3849479
3849967
3850208
3850357
3850840
3851148
3851397
3851519
3851882
3852145
3852284
3852332
3852764
3853187
3853328
3853698
3854079
3854348
3854590
3854846
3855117
3855401
3855598
3855848
3856079
3856211
3856361
3856497
3856754
3857059
3857557
3857730
3857984
3858229
3858311
3858580
3858830
3859051
3859305
3859437
3859678
3859938
3860359
3861512
3861602
3861864
3862117
3862238
3862655
3862918
3863159
3863645
3863902
3864086
3864270
3864700
3864949
3865267
3865514
3865762
3866044
3866296
3866548
3866787
3866944
3867210
3867550
3868010
3868211
3868667
3868905
3869147
3869282
3869433
3869561
3869780
3870203
3870459
3870742
3870946
3871121
3871369
3871501
3871711
3871949
3872201
3872318
3872426
3872675
3872935
3873157
3873403
3873635
3873877
3874187
3874369
3874437
3874559
3874816
3874943
3875355
3875660
3875780
3876545
3876739
3876827
3876847
3877151
3877389
3877566
3879177
3879310
3879603
3879812
3880359
3880553
3880797
3880995
3881132
3881293
3881473
3881608
3881869
3882326
3882568
3882693
3882919
3883139
3883662
3883932
3884183
3886218
3886353
3886595
3886839
3887081
3887306
3887451
3887676
3887885
3887987
3888131
3888145
3888423
3888694
3888843
3888981
3889098
3889190
3889285
3889404
3889654
3889727
3889858
3889932
3890242
3890592
3890849
3891108
3891354
3891600
3891763
3891994
3892239
3892383
3892674
3892926
3893180
3893409
3893923
3894156
3894340
3894470
3894607
3894840
3894954
3895029
3895303
3895597
3895806
3895916
3896006
3896094
3896185
3896191
3896953
3897199
3897448
3897577
3897702
3897820
3897946
3898084
3898213
3898465
3898898
3899138
3899266
3899483
3899690
3899774
3899902
3899916
3900046
3900179
3900568
3900817
3901071
3901196
3901436
3901674
3901795
3901913
3901998
3902233
3902453
3902552
3902907
3903158
3903284
3903383
3903637
3903730
3904161
3904563
3904738
3905011
3905852
3906057
3906306
3906480
3906608
3906849
3907046
3907168
3907407
3907601
3907721
3908087
3908486
3908753
3908883
3908989
3909409
3909519
3909937
3910052
3910281
3910526
3910769
3910976
3911740
3912316
3912389
3913055
3913247
3913441
3913672
3914282
3914417
3914659
3914795
3914891
3915337
3915446
3915820
3915942
3915992
3916113
3916221
3916369
3916485
3916600
3916687
3916791
3916844
3916964
3917008
3918247
3918626
3918877
3919041
3919361
3919485
3919609
3919897
3920062
3920354
3920591
3920888
3921089
3921303
3921646
3921792
3922042
3922258
3922630
3922878
3922981
3923023
3923306
3923520
3923865
3924080
3924396
3925874
3926127
3926309
3926540
3926793
3926971
3927143
3927499
3927753
3927946
3928114
3928390
3928627
3928751
3928874
3929107
3929334
3929458
3929587
3929707
3929825
3929916
3930350
3930558
3930889
3931381
3931744
3932112
3932510
3932881
3933013
3933138
3933709
3933884
3934000
3934127
3934287
3934425
3934484
3934738
3934985
3935282
3935424
3935721
3936052
3936158
3936360
3936741
3936989
3937171
3937496
3937870
3938120
3938249
3938483
3938587
3938837
3939063
3939293
3939647
3939772
3940114
3940311
3940437
3940677
3941093
3941183
3941283
3941410
3941533
3941777
3942181
3942785
3943045
3943307
3943551
3943778
3944322
3944707
3944877
3945318
3945467
3945822
3945856
3945994
3946149
3946283
3946421
3946537
3946648
3946891
3947118
3947375
3947623
3947997
3948237
3948734
3948980
3949225
3949469
3949697
3949829
3949959
3950171
3950421
3950576
3950787
3951203
3951336
3951475
3951722
3951938
3952390
3952612
3952895
3953195
3953931
3954175
3954601
3954840
3955297
3955481
3955720
3955858
3956195
3956361
3956617
3956867
3957117
3957307
3957443
3957880
3958270
3958411
3958547
3958673
3958884
3959740
3960123
3960559
3960696
3961022
3961108
3961260
3961675
3961914
3962162
3962386
3962530
3962918
3963052
3963401
3963643
3963898
3964200
3964450
3964688
3964915
3965030
3965246
3965451
3965610
3965773
3965933
3966186
3966541
3966834
3967102
3967503
3967753
3967889
3968032
3968158
3968531
3968981
3969145
3969533
3969864
3969988
3970245
3970367
3970855
3971151
3971417
3971654
3972202
3972280
3972379
3972430
3972657
3972905
3973238
3973337
3973466
3973582
3973831
3973949
3974073
3974329
3974553
3974800
3974914
3975156
3975287
3975511
3975706
3975961
3976133
3976423
3977035
3977281
3977538
3977892
3978140
3978385
3978843
3979113
3979265
3979380
3979494
3979609
3979671
3979795
3979914
3980020
3980038
3980057
3980149
3980271
3980373
3980485
3980731
3980976
3981326
3981564
3981952
3982078
3982188
3982487
3982738
3983027
3983239
3983635
3983802
3984033
3984104
3984131
3984506
3984573
3984855
3985068
3985474
3985591
3985705
3985826
3985930
3986038
3986142
3986245
3986383
3986638
3986783
3987014
3987112
3987370
3987581
3987655
3987900
3988152
3988272
3988499
3988909
3989068
3989322
3989665
3989939
3990345
3990637
3990757
3990849
3990971
3991077
3991188
3991422
3991663
3991828
3992081
3992487
3992798
3993043
3993069
3993340
3993596
3993633
3993859
3994028
3994140
3994175
3996315
3996424
3996512
3996574
3996687
3996710
3996820
3996888
3996995
3997109
3997217
3997322
3997424
3997470
3997721
3997987
3998115
3998376
3998621
3998793
3998977
3999224
3999331
3999410
3999461
3999664
3999772
3999798
3999908
4000012
4000085
4000221
4000492
4000735
4000853
4000962
4001217
4001516
4001813
4001948
4002171
4002274
4002319
4002419
4002513
4002582
4002826
4002933
4003040
4003292
4003539
4003810
4004015
4004119
4004238
4004322
4004401
4004447
4004530
4004572
4004810
4004834
4004843
4005260
4005455
4005705
4005957
4006126
4006381
4006617
4006720
4006966
4007093
4007292
4007514
4007804
4007888
4008145
4008358
4008605
4008787
4009050
4009169
4009217
4009296
4009365
4009457
4009690
4010032
4010218
4010233
4010489
4010744
4010997
4011100
4011325
4011458
4011547
4011634
4011653
4011743
4011978
4012098
4012361
4012531
4013099
4013336
4013435
4013676
4013775
4014445
4014794
4015042
4015144
4015234
4015490
4015737
4015950
4016050
4016305
4016429
4016681
4016913
4017020
4017119
4017241
4017484
4017589
4017815
4017907
4018011
4018255
4018523
4018619
4018672
4018745
4018830
4019413
4019575
4019769
4021287
4021541
4021649
4021750
4021981
4022074
4022159
4022239
4022304
4022383
4022477
4022566
4022662
4022755
4022842
4022936
4023103
4023196
4023449
4023545
4023565
4023666
4023920
4024168
4024494
4024606
4024674
4024775
4024790
4024830
4025051
4025147
4025394
4025676
4025761
4025905
4028189
4028499
4028724
4029215
4029582
4029869
4030143
4030343
4030493
4030747
4031277
4031456
4031742
4031968
4032257
4032494
4033019
4033400
4033941
4034590
4034891
4035234
4036015
4036350
4036781
4037066
4037321
4037822
4038062
4038425
4039057
4039228
4039669
4039969
4040311
4040497
4040682
4040830
4040976
4041042
4041549
4041712
4041875
4042116
4042518
4042773
4043050
4043412
4044158
4044588
4045012
4045354
4045779
4046035
4046450
4047075
4047606
4048047
4048223
4048467
4048752
4048904
4049262
4050304
4050550
4050872
4051180
4051326
4051805
4052273
4052489
4052978
4053317
4053633
4054068
4054576
4054747
4054905
4055187
4055447
4055602
4055849
4056132
4056505
4056610
4056626
4056893
4057141
4057408
4057674
4057901
4058059
4058230
4058507
4058831
4059140
4059381
4059527
4060005
4060317
4060876
4061013
4061139
4061261
4061414
4061651
4061890
4062887
4063289
4063437
4063749
4064036
4064449
4064609
4064887
4065230
4065502
4065963
4066119
4066248
4066377
4066620
4067177
4067832
4068210
4068260
4068616
4068943
4069074
4069207
4069457
4069667
4070257
4070646
4071132
4071385
4071667
4071832
4072115
4072336
4072576
4073106
4073236
4073481
4075440
4075575
4075699
4076129
4076382
4076631
4076752
4077024
4077152
4077388
4078015
4078136
4078524
4079089
4079323
4079940
4080364
4080691
4080938
4081189
4081441
4081752
4081999
4082124
4082267
4082735
4082960
4083160
4083281
4083514
4083664
4083792
4083930
4084238
4084672
4085185
4085452
4085614
4085885
4086139
4086387
4086646
4086868
4087140
4087381
4087694
4087889
4088262
4088632
4089180
4089426
4089664
4090041
4090289
4090556
4090898
4091372
4091516
4092016
4092197
4093160
4093405
4093548
4093739
4093870
4094129
4094497
4094749
4095059
4095575
4095815
4096084
4096227
4096353
4096673
4097056
4097301
4097541
4097938
4098113
4098366
4098489
4098708
4098838
4098962
4099217
4099771
4099966
4100101
4100629
4100906
4101049
4101352
4101792
4102061
4102349
4102495
4102619
4102753
4102913
4103047
4103182
4103299
4103473
4103641
4103767
4103878
4103987
4104095
4104230
4104490
4104603
4104881
4105155
4105462
4105567
4105745
4105926
4106125
4106370
4106602
4106697
4107021
4107339
4107835
4108316
4108428
4108700
4109001
4109352
4109699
4109945
4110558
4110851
4110966
4111114
4111248
4111343
4111914
4112027
4112272
4112539
4112836
4113688
4113932
4114127
4114376
4114532
4114765
4114869
4115169
4115286
4115412
4115534
4115936
4116115
4116312
4116412
4116666
4116815
4117073
4117320
4117563
4117669
4117778
4118256
4118946
4119268
4119381
4119609
4119732
4119804
4119874
4120117
4120452
4120649
4120834
4120932
4120980
4121094
4121230
4121456
4121570
4121669
4121922
4122040
4122154
4122497
4122830
4123011
4123110
4123343
4124809
4124919
4124994
4125105
4125233
4125341
4125442
4125546
4125664
4125798
4125806
4125947
4126047
4126147
4126241
4126305
4126628
4126732
4126952
4127197
4127508
4127755
4127996
4128093
4128190
4128274
4128433
4128680
4128832
4130382
4130492
4130768
4130979
4131101
4131196
4131266
4131369
4131405
4131466
4131718
4131974
4132827
4133072
4133216
4133323
4133434
4133546
4133646
4133659
4133755
4133861
4133942
4134037
4134261
4134413
4134664
4134907
4135011
4135267
4135531
4135658
4135867
4136153
4136393
4136835
4137052
4137292
4137612
4137854
4138006
4138215
4138632
4139012
4139651
4139897
4140138
4140414
4140556
4140806
4140955
4141074
4141314
4141467
4141997
4142248
4142550
4143209
4143485
4143719
4143855
4143971
4144061
4144291
4144527
4144781
4145284
4145518
4145654
4145793
4145949
4146195
4146431
4146650
4146897
4147240
4147495
4147748
4147767
4148274
4148644
4148894
4149096
4149578
4149874
4150025
4150143
4150399
4150548
4150677
4150919
4151149
4151415
4151693
4151820
4152097
4152438
4152951
4153265
4153517
4153983
4154640
4155035
4155307
4155558
4155896
4156611
4156802
4157099
4157339
4157801
4158043
4158288
4158635
4158872
4159003
4160067
4160353
4160592
4160830
4160963
4161198
4161558
4161636
4162100
4162232
4162473
4162765
4163409
4163737
4163888
4164163
4164394
4164728
4164921
3683177
3683211
3683428
3683560
3684870
3685035
3685185
3685379
3685473
3685680
3685846
3686112
3686203
3686333
3686858
3686994
3687060
3687062
3687112
3687200
3687560
3687653
3687764
3687846
3687919
3688025
3688364
3688483
3688536
3688720
3688992
3689082
3689169
3689258
3689856
3690125
3690299
3690407
3690499
3690577
3690820
3690985
3691105
3691274
3691377
3691467
3691545
3691719
3691891
3692520
3692697
3692811
3692905
3693084
3693317
3693435
3693525
3693544
3693626
3693708
3693752
3693831
3693858
3693941
3694079
3694456
3694528
3694590
3695177
3695269
3695364
3695552
3695641
3695923
3696073
3696259
3696397
3696498
3696552
3696625
3696705
3696901
3696999
3697439
3697640
3697782
3697974
3698237
3698335
3698350
3698455
3698577
3698644
3698672
3698697
3698714
3698844
3698951
3699130
3699148
3699323
3699490
3699693
3699795
3699896
3699985
3700139
3700248
3700348
3700539
3700738
3701150
3701270
3701410
3701498
3701682
3701812
3702028
3702140
3702403
3702662
3702760
3702945
3703046
3703142
3703354
3703464
3703945
3704267
3704471
3705105
3705211
3705319
3705349
3705455
3705549
3705647
3705741
3705845
3705937
3706021
3706039
3706128
3706234
3706337
3706436
3706647
3706854
3707332
3707616
3707856
3708062
3708268
3708413
3708748
3709213
3709674
3710111
3710260
3710372
3710602
3710996
3711214
3711653
3711761
3712017
3712154
3712422
3712735
3713001
3713096
3713194
3713300
3713425
3713791
3714025
3714159
3714194
3714208
3714547
3714799
3715172
3715583
3715704
3715811
3715907
3716198
3716566
3717216
3717809
3718039
3718376
3718567
3718771
3719053
3719292
3719679
3719923
3720371
3720996
3721586
3721824
3722057
3722281
3722377
3722593
3722782
3722985
3723195
3723360
3723479
3723669
3723782
3723816
3724163
3724285
3726251
3726401
3726650
3726894
3727154
3727302
3727421
3727474
3727724
3727852
3727918
3728017
3728140
3728272
3728768
3729008
3729133
3729524
3729918
3730436
3731007
3731432
3731679
3731954
3732212
3732467
3732668
3734559
3734610
3734749
3734886
3735110
3735490
3735737
3735852
3735998
3736050
3736282
3736447
3736703
3736837
3737045
3737431
3737794
3737945
3738193
3738424
3738503
3738710
3738862
3738996
3739145
3739610
3739814
3740033
3740235
3740340
3740566
3740712
3741100
3741438
3741660
3741811
3741835
3741880
3742135
3742273
3742347
3742458
3742580
3742699
3742932
3743078
3743333
3743477
3743724
3744490
3744609
3744894
3745034
3745154
3745290
3745461
3745717
3746050
3746201
3746467
3746472
3746848
3747184
3747299
3747409
3747512
3747628
3747907
3748077
3748262
3748395
3748456
3748692
3748802
3749281
3749560
3749949
3750199
3750948
3751211
3751468
3751719
3751843
3751968
3752080
3752328
3752441
3752602
3752851
3753161
3753750
3753867
3754000
3754130
3754250
3754357
3754459
3754590
3754754
3754869
3754985
3755098
3755209
3755301
3755437
3757469
3757844
3758172
3758404
3758589
3758834
3759089
3759194
3759429
3759615
3759917
3760139
3760249
3760457
3760656
3760991
3761220
3761254
3761452
3761687
3761954
3762192
3762419
3762650
3762918
3763155
3763538
3763665
3763770
3763798
3764140
3764447
3764702
3764828
3765079
3765286
3765534
3765794
3765928
3766056
3766296
3766673
3767059
3767907
3767914
3768165
3768186
3768536
3768661
3768719
3768852
3769107
3769518
3769854
3770153
3770324
3770624
3770877
3771133
3771476
3771717
3771864
3771994
3772135
3772437
3774556
3774691
3775554
3775796
3776424
3776663
3777059
3777383
3777527
3778329
3778748
3778880
3778949
3779220
3779499
3779848
3779952
3780203
3780383
3780639
3781114
3781306
3781682
3781818
3782073
3782222
3782480
3782719
3783029
3783255
3783475
3783719
3784002
3784442
3784675
3784763
3784889
3785128
3786441
3786821
3787134
3787149
3787156
3787468
3787667
3787803
3788165
3788419
3788558
3788709
3788900
3789199
3789401
3789545
3789681
3789868
3790118
3790264
3790654
3790660
3790900
3791215
3791466
3791730
3792017
3792437
3792609
3792748
3793890
3794146
3794604
3795176
3795559
3795700
3796621
3797233
3797414
3797667
3797997
3798267
3798436
3798768
3799174
3799372
3799613
3799745
3799981
3800335
3800531
3800874
3801304
3801559
3801614
3801819
3802372
3802592
3802832
3802971
3803353
3803634
3804909
3805075
3805217
3805280
3805409
3805712
3805906
3806194
3806464
3806835
3806973
3807228
3807702
3807924
3808090
3808225
3808344
3808455
3808675
3808813
3809053
3809234
3809477
3809695
3809933
3810101
3810224
3810487
3810539
3810583
3810831
3811056
3811177
3811301
3811574
3811720
3811972
3812249
3812585
3812959
3813213
3813866
3814124
3814416
3814697
3814834
3814968
3815096
3815099
3815232
3815407
3815530
3815637
3815772
3815946
3816143
3816268
3816352
3816571
3816965
3817361
3817628
3817935
3818178
3818189
3818586
3818849
3819089
3819211
3819634
3820039
3820160
3820578
3820936
3821220
3821333
3821587
3821838
3821970
3821989
3822220
3822494
3823023
3823334
3823578
3823762
3823877
3824475
3824694
3824942
3825036
3825297
3825548
3825919
3826174
3826673
3826893
3827072
3827188
3827436
3827566
3827693
3827927
3828119
3828226
3828632
3828761
3829024
3829268
3829742
3830009
3830259
3830428
3830930
3831078
3831237
3831483
3831689
3831812
3831824
3831947
3832071
3832175
3832404
3832488
3832594
3832643
3832869
3833221
3834218
3834468
3834841
3835152
3835366
3835737
3836256
3836653
3836902
3837179
3837331
3837472
3837499
3837733
3837936
3838149
3838289
3838645
3838832
3838971
3839390
3839644
3840993
3841131
3841262
3841378
3841517
3841640
3841785
3843061
3843316
3843568
3843814
3844058
3844197
3844284
3844413
3844539
3844658
3844882
3844930
3845208
3845265
3845498
3845626
3845673
3845808
3845996
3846259
3846486
3846775
3846908
3847140
3847276
3847493
3847629
3847832
3848073
3848344
3848549
3848797
3849047
3849194
3849603
3849718
3849798
3850116
3850471
3850657
3850883
3851083
3851277
3851639
3851762
3852011
3852409
3852687
3852882
3852999
3853114
3853548
3853793
3853907
3854174
3854282
3854552
3854702
3854897
3855153
3855270
3855490
3855745
3855979
3856651
3856806
3856924
3857181
3857294
3857416
3857841
3858119
3858258
3858421
3858755
3858958
3859243
3859580
3859823
3860077
3860271
3860398
3860527
3860641
3860732
3860842
3860947
3861052
3861192
3861306
3861722
3861970
3862316
3862509
3862829
3863081
3863268
3863541
3863792
3864140
3864411
3864542
3864800
3865109
3865358
3865614
3865863
3866154
3866401
3866637
3866856
3866986
3867179
3867400
3867659
3867776
3867890
3868104
3868295
3868413
3868531
3868729
3868781
3869023
3869630
3869902
3870064
3870320
3870567
3870874
3871148
3871410
3871541
3871715
3871953
3872261
3872366
3872478
3872729
3872979
3873207
3873602
3873851
3874212
3874494
3874607
3874875
3874994
3875407
3875713
3875945
3876593
3876822
3876849
3877075
3877216
3877467
3877948
3878643
3879111
3879360
3879654
3880328
3880640
3880649
3881021
3881221
3881337
3881481
3881619
3881888
3882370
3882626
3882855
3882970
3883189
3883503
3883653
3883994
3884235
3886279
3886522
3886769
3887015
3887263
3887502
3887791
3888055
3888197
3888487
3888513
3888765
3888910
3889023
3889139
3889229
3889325
3889448
3889625
3889791
3889911
3889945
3890144
3890396
3890657
3890925
3891177
3891417
3891685
3891950
3892209
3892445
3892737
3892989
3893235
3893471
3893988
3894239
3894425
3894531
3894671
3894906
3894968
3895008
3895308
3895643
3895773
3895908
3896032
3896367
3896538
3896649
3896757
3896864
3896961
3897212
3898341
3898592
3898653
3898771
3899007
3899340
3899510
3900294
3900429
3900679
3900929
3901316
3901571
3902104
3902750
3902826
3903066
3903489
3903734
3903939
3904067
3904312
3904416
3904671
3904868
3905111
3905247
3905294
3905396
3905512
3905607
3905697
3905824
3905888
3906199
3906330
3906651
3906891
3907272
3907522
3907814
3907944
3908192
3908318
3908444
3908583
3909096
3909229
3909355
3909577
3909763
3909879
3910185
3910412
3910653
3910883
3911086
3911221
3911323
3911377
3911489
3911602
3911693
3912027
3912155
3912712
3913004
3913269
3913397
3913760
3913908
3914043
3914171
3914469
3914968
3915099
3915234
3915553
3915681
3917118
3917254
3917386
3917488
3917624
3917756
3917804
3917912
3918044
3918203
3918351
3918605
3918855
3918984
3919358
3919868
3920131
3920314
3920522
3920795
3921000
3921167
3921417
3921545
3921953
3922152
3922378
3922496
3922751
3923171
3923292
3923615
3924491
3924874
3925000
3925139
3925264
3925389
3925484
3925601
3925718
3925844
3926087
3926425
3926670
3927113
3927351
3927530
3927791
3927886
3927905
3928051
3928228
3928535
3929018
3929252
3930086
3930213
3930467
3930690
3930816
3931066
3931168
3931295
3931538
3931645
3931893
3932016
3932261
3932378
3932630
3932760
3932855
3932991
3933387
3933622
3933637
3934230
3934692
3934909
3935154
3935395
3935539
3935654
3935847
3936275
3936512
3936638
3936898
3937060
3937310
3937412
3937646
3937769
3938015
3938383
3938675
3938915
3939159
3939429
3939547
3939840
3940025
3940262
3940587
3940785
3940896
3941002
3941059
3941643
3941886
3942003
3942126
3942330
3942962
3943209
3943470
3943698
3943919
3944059
3944228
3944283
3944492
3944638
3944879
3944990
3945114
3945242
3946052
3946743
3947041
3947249
3947502
3947855
3948139
3948314
3948484
3948606
3948857
3949134
3949383
3949627
3950031
3950270
3950663
3950864
3951033
3951662
3951912
3952162
3952277
3952557
3952835
3953083
3953330
3953445
3953549
3953685
3953859
3954106
3954309
3954472
3954794
3955044
3955157
3955261
3955457
3955958
3956118
3956501
3956769
3957032
3957266
3957540
3957654
3957770
3958003
3958111
3958214
3958819
3959042
3959424
3959689
3960856
3960939
3961191
3961430
3961477
3961582
3961826
3962057
3962141
3962412
3962660
3962848
3963189
3963307
3963559
3963607
3963851
3964129
3964380
3964618
3964859
3965176
3965379
3965713
3965811
3966094
3966486
3966749
3966997
3967246
3967360
3967726
3968327
3968825
3969097
3969488
3969875
3970000
3970256
3970378
3970809
3971163
3971428
3971665
3971902
3972158
3972284
3972391
3972667
3972916
3973251
3973349
3973478
3973594
3973843
3973956
3974078
3974332
3974566
3974813
3975065
3975199
3975315
3975655
3975782
3976012
3976173
3976428
3977047
3977294
3977553
3977908
3978159
3978420
3978858
3979128
3979279
3979393
3979529
3979686
3979809
3979930
3980025
3980048
3980159
3980279
3980387
3980499
3980746
3981093
3981338
3981578
3981965
3982070
3982200
3982444
3982750
3983040
3983250
3983648
3983812
3984044
3984110
3984138
3984513
3984634
3984925
3985125
3985488
3985607
3985771
3985800
3985939
3986049
3986171
3986269
3986395
3986651
3986795
3987026
3987123
3987384
3987763
3988018
3988155
3988284
3988511
3988923
3989074
3989325
3989618
3990058
3990206
3990477
3990706
3991381
3991612
3991922
3992217
3992379
3992658
3992900
3993277
3993543
3993647
3993897
3993979
3994370
3994529
3994732
3995206
3995348
3995485
3995600
3995769
3995953
3996103
3996251
3997652
3997920
3998317
3998569
3999182
4000196
4000416
4000676
4001153
4001455
4001754
4002114
4002769
4003230
4003479
4003727
4003966
4005023
4005199
4005430
4005642
4005892
4006246
4006561
4006917
4007226
4007477
4007696
4008097
4008344
4008589
4008852
4009152
4009586
4009681
4010093
4010437
4010695
4010945
4011278
4011918
4012275
4012517
4012764
4012914
4013068
4013305
4013622
4013965
4014114
4014257
4014396
4014730
4014987
4015432
4015683
4015930
4016267
4016623
4016827
4017332
4017782
4018166
4018402
4019299
4019524
4019762
4020016
4020171
4020210
4020236
4020258
4020446
4021381
4022657
4022777
4022873
4023125
4023219
4023473
4023585
4023691
4023946
4024197
4024522
4024630
4024701
4024815
4025077
4025173
4025417
4025701
4025798
4025858
4025973
4026079
4026178
4026267
4026360
4026439
4026501
4026584
4026687
4026776
4026901
4026999
4027095
4027197
4027260
4027356
4027439
4027512
4027606
4027693
4027796
4027870
4027962
4028213
4028306
4028745
4028835
4028921
4029010
4029262
4029348
4029617
4029864
4030119
4030571
4030789
4030885
4030974
4031057
4031311
4031382
4031562
4031771
4031818
4032072
4032354
4032613
4032710
4032714
4032806
4033059
4033246
4033447
4033520
4033598
4033637
4033686
4034141
4034263
4034293
4034387
4034631
4034933
4035018
4035274
4035471
4035556
4035611
4035701
4035790
4035854
4036042
4036125
4036377
4036509
4036594
4036851
4037131
4037379
4037537
4037736
4037984
4038159
4038241
4038481
4038566
4038646
4038752
4038896
4039496
4039763
4040022
4041927
4042179
4042281
4042539
4042924
4043185
4043435
4043537
4043623
4043725
4043817
4043880
4043967
4044240
4044399
4044641
4044754
4044823
4045066
4045150
4045421
4045586
4045839
4046091
4046247
4046306
4046505
4046593
4046670
4046777
4046859
4047114
4047229
4047322
4047405
4047661
4047818
4048285
4048462
4048520
4048971
4049068
4049320
4049409
4049515
4049602
4049692
4049785
4049872
4049957
4050076
4050165
4050411
4050646
4050841
4051060
4051149
4051419
4051570
4051624
4051725
4051979
4052079
4052316
4052547
4052648
4052748
4052993
4053118
4053670
4053863
4054116
4054185
4054280
4054373
4054948
4055231
4055658
4055987
4056198
4056301
4056551
4056639
4056729
4056981
4057200
4057477
4057848
4058013
4058167
4058395
4058553
4058787
4059091
4059335
4059482
4059489
4060144
4060417
4060543
4060769
4060908
4061093
4061225
4061356
4061483
4061770
4062019
4062265
4062614
4062869
4063064
4063303
4063449
4063712
4063959
4064409
4064569
4064847
4065190
4065464
4065828
4065977
4066086
4066216
4066346
4066475
4066761
4067193
4067797
4067949
4068175
4068430
4068678
4068908
4069158
4069554
4069639
4070220
4070603
4071091
4071346
4071629
4071793
4072075
4072328
4072575
4073068
4073202
4073449
4073550
4075522
4075653
4075783
4076059
4076340
4076590
4076739
4076971
4077346
4077573
4077814
4078096
4078483
4079049
4079287
4079664
4080074
4080318
4080648
4080898
4081145
4081386
4081961
4082102
4082208
4082335
4082695
4082920
4083047
4083129
4083246
4083482
4083625
4083750
4083888
4084195
4084422
4084431
4084548
4084701
4084785
4084866
4084975
4085213
4085716
4085947
4086201
4086402
4086516
4086814
4086899
4086962
4087204
4087422
4087469
4087710
4087901
4088017
4088126
4088351
4088422
4089121
4089315
4089550
4089803
4089916
4090063
4090304
4090340
4090674
4090684
4090919
4091031
4091141
4091159
4091534
4091705
4091781
4092032
4092514
4093163
4093283
4093891
4094143
4094265
4094509
4094741
4094831
4095124
4095240
4095319
4095361
4095602
4095922
4096364
4096485
4096544
4096744
4096826
4097070
4097313
4097756
4097786
4097945
4098187
4098495
4099120
4099334
4099453
4099519
4099637
4100185
4100287
4100407
4100620
4100735
4101125
4101238
4101413
4101533
4101822
4102100
4104254
4104615
4104972
4105244
4105575
4105959
4106122
4106140
4106390
4106712
4106868
4107064
4107398
4107530
4107997
4108130
4108527
4108868
4109073
4109212
4109486
4109787
4110045
4110281
4110437
4110562
4110801
4111606
4112184
4112345
4112574
4112716
4112934
4113077
4113204
4113383
4113453
4113539
4113779
4114287
4114582
4115010
4115598
4115838
4116511
4116859
4117114
4117425
4117881
4118021
4118154
4118358
4118492
4118645
4118820
4119151
4119554
4119984
4120294
4120547
4121143
4121375
4121795
4122210
4122521
4122763
4123177
4123446
4123521
4123682
4123814
4123967
4124149
4124294
4124459
4124622
4126323
4126612
4126812
4127069
4127288
4127437
4127697
4127870
4128546
4128941
4129090
4129214
4129369
4129517
4129646
4129796
4129995
4130146
4130292
4130668
4130921
4131633
4131876
4132112
4132247
4132385
4132527
4132667
4132924
4134147
4134502
4134789
4135130
4135437
4135783
4136027
4136277
4136568
4137065
4137337
4137615
4137893
4138023
4138668
4139053
4139695
4139937
4140181
4140419
4140750
4140908
4141088
4141338
4141501
4142037
4142662
4142862
4143278
4143521
4143791
4143919
4144089
4144326
4144563
4144815
4145324
4145552
4145689
4145826
4145964
4146209
4146566
4146848
4147277
4147531
4147786
4148312
4148681
4148930
4149136
4149610
4149912
4150045
4150174
4150432
4150581
4150763
4151008
4151198
4151450
4151725
4152009
4152471
4152983
4153300
4153549
4154018
4154675
4155071
4155345
4155595
4155933
4156650
4156844
4157137
4157384
4157839
4158081
4158328
4158674
4158906
4159049
4160155
4160457
4160765
4161001
4161247
4161548
4161674
4162137
4162270
4162510
4162799
4163448
4163689
4163924
4164199
4164429
4164768
4165104
4165282
4165395
4165740
4165972
4166322
4166567
4166788
4166937
3683092
3683125
3683263
3683492
3683616
3684929
3685227
3685445
3685568
3685745
3685911
3686184
3686394
3686930
3687027
3687172
3687259
3687626
3687718
3687827
3687930
3688342
3688492
3688555
3688692
3689029
3689118
3689218
3689760
3690120
3690300
3690411
3690506
3690653
3690877
3691085
3691257
3691428
3691517
3691609
3691785
3692577
3692793
3692879
3692975
3693308
3693464
3693597
3693692
3693787
3693913
3694427
3694541
3694652
3695110
3695255
3695338
3695430
3695620
3695903
3696232
3696416
3696528
3696617
3696699
3696932
3697456
3697714
3697856
3698298
3698428
3698535
3698637
3698677
3698713
3698749
3698944
3699196
3699299
3699486
3699689
3699790
3699892
3699982
3700137
3700245
3700345
3700533
3700736
3701146
3701265
3701406
3701494
3701677
3701806
3701903
3702103
3702212
3702399
3702493
3702985
3703083
3703297
3703406
3703885
3704210
3704417
3704501
3705066
3705163
3705270
3705365
3705470
3705501
3705602
3705705
3705794
3705873
3705973
3706069
3706175
3706284
3706381
3706509
3707134
3707288
3707492
3707660
3707824
3708025
3708225
3708358
3708689
3709150
3709611
3709715
3710043
3710150
3710204
3710314
3710539
3710934
3711153
3711366
3711672
3711951
3712054
3712112
3712340
3712452
3712681
3712777
3712949
3713041
3713134
3713223
3713272
3713368
3713594
3713938
3714044
3714198
3714487
3714728
3715101
3715513
3715626
3715732
3715830
3715935
3716137
3716238
3716581
3717144
3717198
3717537
3717766
3717976
3718203
3718402
3718689
3718974
3719221
3719605
3719847
3720026
3720365
3720914
3721152
3721204
3721415
3721495
3721734
3721963
3722185
3722429
3722618
3722842
3723063
3723278
3723407
3723526
3723716
3723857
3724210
3724333
3726298
3726447
3726694
3726938
3727848
3727938
3728060
3728182
3728432
3728815
3729054
3729182
3729570
3729963
3730480
3731055
3731476
3731725
3732004
3732260
3732515
3734478
3734651
3734797
3734929
3735157
3735538
3735787
3735906
3736068
3736324
3736492
3736752
3736886
3737090
3737476
3737849
3737993
3738243
3738474
3738716
3738915
3738981
3739188
3739331
3739583
3739828
3740068
3740266
3740394
3740611
3740752
3741141
3741482
3741706
3741819
3741886
3742178
3742313
3742436
3742515
3742629
3742899
3743135
3743384
3743527
3743775
3743916
3744020
3744204
3744392
3744664
3744952
3745089
3745204
3745514
3745771
3746023
3746312
3746551
3746705
3746958
3747096
3747745
3747836
3748119
3748522
3748959
3749133
3749382
3749649
3749787
3750048
3750301
3750883
3751148
3751401
3751652
3751776
3751890
3751908
3751910
3752025
3752135
3752383
3752400
3752589
3752849
3753109
3753681
3753803
3753923
3753933
3754055
3754111
3754226
3754340
3754394
3754509
3754524
3754640
3754689
3754802
3754920
3755036
3755117
3755233
3755241
3755353
3755378
3755385
3757400
3757654
3757800
3758049
3758273
3758443
3758662
3758771
3758889
3759127
3759367
3759552
3759662
3759840
3760075
3760796
3760929
3761158
3761389
3761613
3761854
3761897
3762133
3762358
3762457
3762584
3762851
3763088
3763754
3763781
3764023
3764371
3764623
3764758
3765014
3765215
3765465
3765727
3765857
3765937
3766063
3766219
3766595
3766925
3767825
3768087
3768459
3768593
3768721
3768849
3769094
3769148
3769206
3769260
3769381
3769557
3769777
3769906
3770022
3770408
3770643
3770888
3772149
3772576
3772814
3773025
3773150
3773275
3773404
3773540
3773685
3773819
3773952
3774074
3774114
3774224
3774251
3774284
3774414
3774852
3775006
3775123
3775288
3775424
3775672
3775910
3776026
3776143
3776150
3776290
3776769
3776898
3777242
3777644
3777869
3778059
3778300
3778474
3778602
3779201
3779497
3779737
3780117
3780524
3780761
3780993
3781429
3781949
3782451
3782733
3782855
3783103
3783120
3783602
3783865
3783951
3783967
3784176
3784389
3784561
3784791
3784825
3785142
3785218
3785230
3785375
3785616
3785847
3786000
3786178
3786329
3786566
3786680
3786934
3787193
3787458
3787904
3788822
3789123
3790001
3790259
3790377
3790800
3791076
3791377
3791588
3791849
3792129
3792372
3792959
3793079
3793182
3793317
3793432
3793545
3793645
3793748
3793752
3793991
3794378
3794492
3794767
3794885
3795228
3795363
3795768
3795886
3796022
3796113
3796195
3796306
3796429
3796664
3796770
3796862
3797119
3797525
3797736
3797841
3798190
3798498
3798631
3798856
3798989
3799420
3800037
3800152
3800591
3800804
3800952
3801150
3801364
3801648
3801901
3802015
3802096
3802214
3802463
3802704
3803021
3803130
3803224
3803448
3803690
3803933
3804103
3804356
3804568
3804815
3805552
3805795
3806028
3806387
3806625
3807038
3807429
3807678
3807927
3808533
3808897
3809206
3809350
3809528
3809778
3810340
3810538
3810682
3810926
3811401
3811803
3812059
3812297
3812429
3812672
3812794
3813049
3813292
3813414
3813530
3813699
3813956
3814203
3814288
3814560
3816379
3816669
3816874
3817127
3817245
3817272
3817524
3817770
3818012
3818261
3818474
3818802
3818926
3819306
3819471
3819737
3819878
3820287
3820422
3820691
3821136
3821316
3821338
3821590
3821842
3821982
3822056
3822506
3823037
3823349
3823594
3823776
3823891
3823999
3824139
3824265
3824408
3824904
3825242
3825508
3825783
3826036
3826336
3826665
3826872
3827358
3827806
3828337
3828454
3828593
3828954
3829242
3829490
3829601
3829695
3829945
3829981
3830215
3830398
3830609
3830735
3830850
3831442
3832357
3832827
3833208
3833481
3833611
3833718
3833823
3833839
3834027
3834047
3834159
3834436
3834671
3834922
3835106
3835619
3835856
3835995
3836155
3836400
3836519
3836623
3836871
3837135
3837704
3837827
3838108
3838422
3838444
3838616
3839187
3839352
3839569
3839750
3839882
3840034
3840159
3840326
3840442
3840560
3840681
3840802
3840913
3842006
3842143
3842261
3842377
3842533
3842590
3842734
3842868
3843024
3843280
3843525
3843779
3844028
3844766
3845047
3845465
3845958
3846215
3846529
3846741
3847070
3847462
3847801
3848016
3848063
3848222
3848439
3848841
3849099
3849245
3849654
3849817
3850132
3850517
3850701
3850929
3851053
3851321
3851685
3851806
3852068
3852458
3852662
3852936
3853055
3853447
3853618
3853702
3853882
3854005
3854246
3854496
3854748
3854942
3855193
3855317
3855678
3855924
3856705
3856860
3856975
3857230
3857370
3857626
3857891
3858171
3858273
3858436
3858770
3858974
3859267
3859607
3859894
3860158
3860325
3860463
3860588
3860783
3860890
3861015
3861125
3861248
3861364
3861776
3862023
3862369
3862565
3862881
3863132
3863316
3863428
3863561
3863815
3864181
3864465
3864597
3864877
3865176
3865426
3865668
3865921
3866213
3866464
3866697
3866897
3867140
3867435
3867717
3867833
3867949
3868157
3868369
3868506
3868732
3868846
3869039
3869648
3869906
3870087
3870338
3870585
3870869
3871143
3871405
3871536
3871790
3872046
3872254
3872361
3872472
3872727
3872973
3873201
3873444
3873674
3874025
3874265
3874485
3874600
3874857
3874987
3875398
3875705
3875939
3876589
3876746
3876838
3876853
3877069
3877210
3877463
3877941
3878635
3879102
3879354
3879648
3879832
3880406
3880600
3880843
3881160
3881330
3881480
3881618
3881887
3882371
3882620
3882849
3882963
3883182
3883495
3883981
3884230
3886269
3886515
3886761
3887008
3887256
3887407
3887655
3887896
3888108
3888236
3888478
3888756
3888901
3889429
3889550
3889704
3889707
3889844
3889924
3890137
3890393
3890647
3890908
3891162
3891407
3891683
3891949
3892207
3892774
3892980
3893227
3893461
3893978
3894229
3894395
3894525
3894663
3894894
3894965
3895228
3895670
3895818
3895937
3896057
3896206
3897180
3897411
3897535
3897698
3897827
3897985
3898124
3898300
3898551
3898978
3899225
3899465
3899703
3899864
3899988
3900129
3900258
3900652
3900900
3902247
3902482
3902593
3902985
3903239
3903358
3903477
3903724
3904196
3904645
3904820
3905088
3905935
3906140
3906554
3906803
3907122
3907248
3907498
3907620
3907760
3908164
3908566
3908835
3908949
3909076
3909476
3909724
3910026
3910339
3910584
3910824
3911034
3911825
3912006
3912326
3912432
3912550
3912663
3912886
3912984
3913231
3913506
3913737
3914354
3914599
3914774
3914904
3915388
3915518
3915892
3916063
3916179
3916391
3916580
3916737
3916917
3917083
3918321
3918571
3918815
3919223
3919850
3920179
3920420
3920689
3920834
3921106
3921206
3921462
3921586
3921997
3922197
3922419
3922541
3922795
3923152
3923273
3923598
3923720
3923808
3924019
3924263
3924501
3924873
3924998
3925125
3925246
3925366
3925466
3925582
3925686
3925800
3926003
3926253
3926463
3926651
3926900
3927078
3927265
3927408
3927410
3927669
3927813
3927895
3928050
3928226
3928527
3929234
3930066
3930190
3930303
3930671
3930795
3931047
3931149
3931275
3931517
3931630
3931877
3932001
3932246
3932362
3932609
3932744
3932852
3932989
3933384
3933620
3933852
3934621
3934866
3935101
3935228
3935526
3935639
3935833
3935944
3936240
3936494
3936620
3936878
3937049
3937297
3937396
3937627
3937751
3938000
3938367
3938665
3938904
3939149
3939414
3939529
3939824
3940214
3940507
3940708
3940825
3940929
3941046
3941627
3941868
3941987
3942110
3942312
3942432
3942547
3942664
3942921
3943178
3943438
3943668
3943909
3944030
3944078
3944424
3944581
3944822
3945040
3945057
3945172
3945429
3946003
3946686
3946925
3947097
3947222
3947480
3947724
3947838
3947901
3948147
3948312
3948431
3948486
3948589
3948828
3949078
3949192
3949390
3949570
3949977
3950218
3950461
3950714
3950914
3950979
3951095
3951611
3951859
3952106
3952157
3952225
3952335
3952521
3952652
3952777
3953028
3953147
3953377
3953460
3953573
3953647
3953761
3953806
3954051
3954242
3954361
3954466
3954740
3954990
3955101
3955208
3955437
3955698
3955990
3956063
3956288
3956510
3956750
3956994
3957207
3957274
3957520
3957600
3957711
3957952
3958061
3958168
3958768
3958998
3959376
3959636
3959875
3959987
3960099
3960330
3960437
3960542
3960779
3960887
3961134
3961381
3961469
3961494
3961618
3961865
3962107
3962269
3962601
3962783
3963133
3963253
3963504
3963796
3964055
3964087
3964335
3964580
3964819
3965131
3965335
3965664
3965756
3965821
3966077
3966285
3966385
3966463
3966722
3966971
3967222
3967333
3967451
3967702
3968292
3968798
3969094
3969484
3969839
3969965
3970221
3970342
3970464
3970866
3971127
3971392
3971630
3971746
3972098
3972215
3972354
3972629
3972878
3973215
3973313
3973444
3973560
3973805
3973919
3974035
3974289
3974530
3974778
3974897
3975151
3975275
3975488
3975680
3975683
3975866
3976114
3976233
3976482
3977012
3977229
3977483
3977864
3978116
3978361
3978666
3978930
3979088
3979203
3979245
3979362
3979474
3979590
3979645
3979770
3979889
3980021
3980054
3980207
3980319
3980348
3980461
3980706
3980906
3981304
3981541
3981930
3982039
3982163
3982409
3982715
3983002
3983215
3983610
3983775
3984008
3984098
3984125
3984147
3984502
3984737
3984987
3985209
3985337
3986480
3986717
3986890
3987198
3987448
3987694
3987935
3988342
3988449
3988686
3988825
3989047
3989169
3989442
3989773
3989907
3990079
3990225
3990471
3990608
3991298
3991534
3991760
3991936
3992204
3992346
3992595
3992816
3993190
3993464
3993611
3993863
3994117
3994285
3994442
3994591
3994643
3994791
3994873
3995017
3995162
3995258
3995380
3995522
3995668
3995809
3995877
3996025
3996172
3997576
3997879
3998233
3998481
3998728
3998951
3999076
3999562
4000306
4000587
4001067
4001320
4001376
4001644
4001678
4001682
4002039
4002688
4003140
4003391
4003643
4003881
4004931
4005084
4005109
4005363
4005553
4005755
4006050
4006270
4006476
4006821
4007107
4007270
4007593
4007759
4008004
4008249
4008467
4008714
4008947
4009471
4009631
4009781
4010039
4010344
4010602
4011107
4011439
4011949
4012308
4012728
4012946
4013190
4013407
4013654
4013994
4014140
4014283
4014427
4014731
4015017
4015466
4015713
4016168
4016419
4016658
4016860
4017360
4017814
4018199
4018434
4019332
4019574
4019970
4020131
4020200
4020239
4020271
4020342
4020589
4020612
4020760
4020946
4021108
4021277
4021519
4021953
4023069
4023423
4023883
4024137
4024381
4025016
4025379
4025609
4025660
4028181
4028490
4028716
4029207
4029560
4030205
4030364
4030540
4031266
4031452
4031740
4032043
4032277
4032874
4033091
4033388
4033929
4034578
4034880
4035222
4036007
4036339
4036772
4037056
4037308
4037811
4038052
4038417
4039046
4039219
4039422
4039662
4039960
4040300
4040485
4040670
4040821
4040967
4041041
4041200
4041382
4041547
4041711
4041863
4042109
4042506
4042762
4043041
4043401
4044148
4044773
4045026
4045540
4045892
4046143
4046341
4046946
4047467
4047723
4047924
4048082
4048237
4048598
4048775
4049132
4050176
4050426
4050660
4050883
4051175
4051317
4051328
4051826
4051870
4052140
4052348
4052843
4053185
4053349
4053499
4053756
4053935
4054438
4054599
4054767
4055008
4055054
4055305
4055312
4055469
4055726
4055876
4056057
4056374
4056581
4056620
4056764
4057013
4057276
4057462
4057569
4057773
4057969
4058690
4058714
4058954
4059010
4059255
4059397
4059641
4059884
4060085
4060203
4060340
4060968
4061019
4061156
4061284
4061418
4061698
4061949
4062193
4062542
4062673
4062856
4063204
4063329
4063637
4063802
4064011
4064334
4064469
4064501
4064770
4065019
4065249
4065407
4065542
4065866
4065989
4066132
4066264
4066386
4066487
4066569
4067069
4067322
4067723
4067873
4068055
4068226
4068586
4068851
4069098
4069231
4069486
4069582
4069710
4070161
4070544
4071031
4071286
4071417
4071607
4071736
4071978
4072253
4072410
4072627
4073003
4073591
4075457
4075589
4075722
4075919
4076281
4076532
4076723
4076806
4077005
4077292
4077520
4077649
4077964
4078040
4078431
4078951
4079218
4079607
4079820
4080013
4080258
4080587
4080841
4081086
4081096
4081348
4081574
4081697
4081907
4082029
4082149
4082272
4082636
4082823
4082871
4083003
4083079
4083203
4083436
4083572
4083699
4083834
4084136
4084302
4084577
4085084
4085335
4085468
4085528
4085659
4085899
4086079
4086329
4086579
4086778
4087033
4087295
4087595
4087796
4088145
4088371
4088541
4089074
4089329
4089566
4089707
4090110
4090460
4090805
4091276
4091412
4091656
4091914
4092090
4092223
4092265
4092395
4092638
4092678
4093174
4093902
4094155
4094275
4094639
4094842
4095137
4095996
4096401
4096534
4096548
4096570
4096802
4096978
4097123
4097328
4097661
4097741
4097787
4097904
4098125
4098245
4099097
4099343
4099474
4099598
4099790
4100198
4100298
4100418
4100631
4100744
4101135
4101251
4101490
4101572
4101830
4102110
4104265
4104627
4104983
4105256
4105607
4105982
4106151
4106400
4106724
4106883
4107076
4107410
4107543
4107681
4107900
4108036
4108172
4108466
4108713
4108932
4109018
4109159
4109401
4109520
4109731
4109986
4110222
4110345
4110477
4110716
4111548
4112123
4112290
4112428
4112655
4112864
4113028
4113181
4113303
4113334
4113485
4113706
4114223
4114397
4114548
4114957
4115093
4115544
4115780
4115960
4116524
4116920
4117124
4117371
4117827
4117969
4118102
4118308
4118490
4118617
4118707
4118778
4119391
4119917
4120267
4120521
4120738
4121273
4121771
4122235
4122483
4122713
4122948
4123275
4123422
4123581
4123731
4123788
4123935
4124118
4124264
4124373
4124512
4124613
4126309
4126598
4126781
4127038
4127261
4127407
4127593
4127842
4128514
4128752
4128985
4129143
4129300
4129457
4129615
4129767
4129915
4129972
4130115
4130262
4130641
4130889
4131603
4131853
4132089
4132221
4132365
4132503
4132642
4132778
4133013
4134123
4134370
4134601
4134763
4135105
4135582
4135758
4136004
4136255
4136501
4136765
4137053
4137290
4137533
4137806
4137972
4138212
4138626
4139010
4139649
4139913
4140135
4140342
4140477
4140714
4140862
4141001
4141249
4141465
4141995
4142246
4142546
4142824
4143237
4143481
4143715
4143894
4144024
4144288
4144524
4144778
4145285
4145517
4145651
4145788
4145923
4146044
4146233
4146535
4146806
4147043
4147157
4147396
4147645
4147894
4148006
4148113
4148215
4148417
4148542
4148796
4149217
4149329
4149441
4149523
4149767
4150283
4150873
4151305
4151495
4151598
4151631
4151952
4152190
4152327
4152586
4152713
4153266
4153414
4153656
4153913
4154123
4154240
4154349
4154438
4154548
4154794
4154913
4155160
4155411
4155655
4155771
4156004
4156168
4156278
4156452
4156548
4156704
4156925
4157265
4157452
4157561
4157671
4157909
4158173
4158412
4158556
4158789
4159207
4159299
4159410
4159523
4159654
4159759
4159869
4159998
4160237
4160418
4160659
4160895
4161140
4161402
4161781
4161903
4162005
4162354
4162611
4162911
4163016
4163107
4163206
4163310
4163598
4163821
4164050
4164279
4164525
4164625
4165003
4165339
4165449
4165660
4165901
4166150
4166418
4166653
4167073
3683058
3683135
3683226
3683410
3683493
3683582
3684893
3685058
3685207
3685402
3685409
3685510
3685705
3685869
3686137
3686226
3686356
3686413
3686881
3686999
3687089
3687134
3687223
3687582
3687676
3687784
3687869
3688041
3688383
3688495
3688702
3689001
3689091
3689186
3689275
3689880
3690097
3690276
3690387
3690473
3690565
3690834
3690993
3691121
3691301
3691394
3691485
3691570
3691746
3692504
3692687
3692797
3692875
3692940
3693117
3693342
3693390
3693503
3693559
3693639
3693723
3693767
3693877
3693961
3694097
3694485
3694580
3694676
3695582
3695779
3695951
3696101
3696286
3696441
3696453
3696570
3696657
3696733
3696943
3697026
3697477
3697671
3697812
3698225
3698364
3698491
3698602
3698653
3698676
3698700
3698724
3698919
3699121
3699262
3699456
3699652
3699747
3700168
3700267
3700307
3700572
3701077
3701177
3701208
3701299
3701352
3701440
3701644
3701741
3701847
3702003
3702114
3702161
3702347
3702431
3702523
3702611
3702676
3702883
3702979
3703076
3703291
3703401
3703408
3703882
3704204
3704411
3704498
3705064
3705161
3705268
3705346
3705448
3705494
3705594
3705699
3705793
3705867
3705966
3706062
3706169
3706278
3706376
3706475
3706667
3706794
3706886
3707279
3707487
3707655
3707814
3708016
3708217
3708351
3708682
3709143
3709602
3709707
3710036
3710143
3710198
3710309
3710528
3710639
3711030
3711234
3711664
3711944
3712045
3712106
3712334
3712352
3712675
3712770
3712944
3713037
3713130
3713217
3713267
3713360
3713584
3713931
3714037
3714121
3714181
3714202
3714336
3714573
3714724
3715099
3715509
3715623
3715728
3715826
3715923
3716134
3716232
3716575
3717139
3717392
3717808
3718040
3718370
3718559
3718757
3719033
3719274
3719659
3719903
3720218
3720487
3720975
3721254
3721448
3721553
3721789
3722020
3722242
3722537
3722768
3722982
3723193
3723575
3724002
3724122
3724431
3724475
3724594
3724725
3724865
3724990
3725167
3725287
3725409
3725571
3725687
3725808
3725924
3726039
3726077
3726165
3726598
3726846
3727129
3727263
3727675
3728366
3728577
3728701
3728951
3729323
3729473
3729723
3729859
3729872
3730122
3730245
3730390
3730571
3730694
3730842
3730954
3731196
3731314
3731625
3731887
3732147
3732414
3732618
3732766
3732902
3733029
3733159
3733279
3733405
3733456
3733526
3733645
3733766
3733885
3734029
3734146
3734256
3734370
3735055
3735305
3735430
3735687
3736225
3736652
3736983
3737228
3737371
3737627
3737737
3738132
3738360
3738576
3738804
3739088
3739415
3739664
3739898
3740135
3740589
3740834
3740932
3741001
3741214
3741287
3741344
3742715
3742956
3743217
3743603
3744091
3744493
3744745
3744856
3745351
3745595
3745851
3746107
3746144
3746400
3746781
3747115
3747162
3747236
3747347
3747456
3747570
3747667
3747875
3748017
3748204
3748210
3748305
3748370
3748620
3748639
3748749
3748805
3748819
3749216
3749490
3749499
3749507
3749877
3750131
3750880
3751146
3751261
3751403
3751650
3751773
3751889
3751924
3752026
3752142
3752394
3752561
3752835
3753049
3753673
3753799
3753917
3753931
3754047
3754108
3754222
3754334
3754391
3754507
3754522
3754638
3754687
3754799
3754918
3755035
3755113
3755223
3755237
3755347
3755374
3757397
3757651
3757799
3758048
3758272
3758442
3758660
3758767
3758886
3759174
3759455
3759605
3759837
3760072
3760810
3761295
3761530
3761801
3762694
3762844
3763082
3763257
3763386
3763831
3764481
3764901
3765151
3765367
3765624
3766102
3766360
3766482
3766728
3766848
3766958
3767124
3767236
3767352
3767464
3767528
3767636
3767759
3767994
3768006
3768932
3769184
3769534
3769762
3770069
3770181
3770277
3770749
3770883
3771039
3771607
3771732
3771888
3771999
3772044
3772047
3772294
3772352
3774452
3774592
3774718
3775449
3775697
3776321
3776559
3776688
3776953
3777273
3777409
3778099
3778485
3778757
3778890
3778909
3779021
3780047
3780315
3780538
3781011
3781198
3781454
3781576
3781711
3781964
3782100
3782208
3782458
3782718
3782928
3783153
3783368
3783633
3784574
3784841
3784901
3785152
3785492
3785628
3786200
3786452
3786701
3787012
3787250
3787491
3787650
3787685
3787919
3788064
3788205
3788319
3788450
3788615
3788742
3788910
3789130
3789272
3789299
3789436
3789563
3789687
3789769
3790022
3790421
3790556
3790820
3791129
3791481
3791758
3791912
3792239
3792482
3792550
3792661
3792784
3793781
3794032
3794175
3794514
3794707
3795133
3795204
3795460
3795599
3796521
3796966
3797217
3797356
3797606
3797888
3798032
3798289
3798445
3798702
3799119
3799247
3799505
3799642
3799772
3799945
3800132
3800312
3800455
3800680
3800972
3801224
3801481
3801741
3802292
3802515
3802756
3802898
3803281
3803519
3803881
3804195
3804445
3804698
3804891
3805031
3805164
3805262
3805297
3805437
3805637
3805833
3806112
3806256
3806459
3806768
3806900
3806921
3807158
3807267
3807518
3807774
3808003
3808127
3808203
3808283
3808396
3808618
3808738
3808989
3809378
3809625
3809866
3810036
3810236
3810472
3810527
3810577
3811347
3811480
3811814
3812069
3812307
3812627
3812804
3813056
3813300
3813423
3813565
3813709
3813965
3814213
3814455
3814579
3816385
3816677
3816883
3817135
3817251
3817462
3817778
3818026
3818275
3818481
3818808
3818934
3819312
3819479
3819745
3819885
3820295
3820430
3820679
3820873
3821007
3821297
3821360
3821669
3822040
3822285
3822580
3822784
3822926
3823168
3823398
3823650
3824510
3824641
3824880
3825078
3825357
3825592
3825963
3826214
3826499
3826514
3826781
3827061
3827266
3827538
3827664
3827995
3828183
3828286
3828668
3828798
3829062
3829304
3829783
3830051
3830298
3830966
3831122
3831275
3831520
3831728
3831847
3831982
3832095
3832219
3832429
3832491
3832596
3832664
3832892
3833253
3834249
3834523
3834755
3835192
3835405
3835775
3836298
3836695
3836941
3837228
3837375
3837534
3838023
3838337
3838539
3838808
3839140
3839263
3839378
3839515
3839697
3839830
3839948
3840063
3840191
3840283
3840400
3840517
3840628
3840750
3840865
3841914
3842061
3842179
3842301
3842421
3842486
3842605
3842720
3842777
3842822
3842936
3842973
3843227
3843475
3843728
3843902
3844708
3844992
3845406
3845902
3846159
3846408
3846578
3847358
3848791
3849043
3849181
3849591
3849706
3849786
3849894
3850086
3850459
3850833
3850874
3850994
3851261
3851627
3851750
3852002
3852396
3852603
3852871
3852987
3853106
3853540
3853786
3853901
3853997
3854207
3854447
3854692
3854889
3855207
3855455
3855733
3855968
3856642
3856797
3856914
3857168
3857283
3857404
3857657
3857830
3858106
3858259
3858419
3858752
3858956
3859236
3859568
3859811
3860066
3860259
3860389
3860517
3860630
3860798
3860909
3861042
3861503
3861550
3861818
3862059
3862199
3862405
3862608
3862751
3863006
3863181
3863589
3863884
3864068
3864229
3864634
3864879
3865014
3865216
3865464
3865711
3865994
3866246
3866499
3866738
3866917
3867196
3867501
3869316
3869385
3869513
3869729
3869985
3870150
3870404
3870647
3870730
3870821
3871193
3871470
3871699
3871957
3872535
3872752
3873036
3873278
3873523
3873751
3873913
3874091
3874318
3874679
3875171
3875209
3875469
3875603
3875807
3876011
3876153
3876284
3876411
3876655
3876775
3876864
3877121
3877273
3877496
3877696
3877829
3878010
3878139
3878207
3878339
3878458
3878468
3878712
3878831
3878955
3879206
3879468
3879716
3879915
3880039
3880146
3880214
3880471
3880719
3880955
3881247
3881461
3881681
3881930
3882068
3882188
3882435
3882709
3882879
3883241
3883420
3883546
3883740
3884160
3884278
3886272
3886517
3887113
3887360
3887623
3887867
3888046
3888099
3888190
3888481
3888757
3888903
3889390
3889508
3889694
3889784
3889908
3889942
3890249
3890648
3890910
3891164
3891409
3891684
3891948
3892206
3892441
3892730
3892981
3893229
3893463
3893980
3894231
3894267
3894438
3894592
3894899
3894966
3895230
3895636
3895767
3895901
3896022
3896141
3896397
3897148
3897362
3897500
3897620
3897752
3897887
3898020
3898153
3898269
3898521
3898946
3899185
3899316
3899494
3899726
3899852
3899955
3900095
3900226
3900617
3900866
3901120
3901242
3901497
3901732
3901848
3901963
3902093
3902384
3902508
3902952
3903205
3903325
3903442
3903681
3903803
3904271
3904612
3904789
3905060
3905902
3906107
3906525
3906778
3907091
3907214
3907453
3907665
3907785
3908134
3908534
3908805
3908921
3909097
3909230
3909357
3909576
3909764
3909883
3910186
3910413
3910654
3910884
3911146
3911261
3911378
3911490
3911603
3911694
3912028
3912156
3912713
3913005
3913050
3913308
3913398
3913762
3913909
3914050
3914173
3914471
3914982
3915098
3915232
3915554
3915682
3917119
3917260
3917384
3917489
3917623
3917757
3917805
3917907
3917908
3918042
3918106
3918352
3918606
3918856
3918985
3919134
3919382
3919508
3919636
3919879
3920031
3920229
3920465
3920715
3920870
3921071
3921285
3921626
3921770
3921900
3922237
3922608
3922858
3922961
3923020
3923056
3923302
3923515
3923844
3924059
3924376
3925853
3926104
3926285
3926520
3926773
3926924
3927122
3927365
3927574
3927926
3928096
3928371
3928609
3928729
3928853
3929094
3929314
3929440
3929568
3929585
3929690
3929804
3929896
3930328
3930533
3930870
3931374
3931721
3932090
3932487
3932731
3932917
3933009
3933098
3933220
3933446
3933648
3933867
3933979
3934093
3934213
3934271
3934406
3934461
3934715
3934953
3935258
3935413
3935698
3936030
3936140
3936338
3936717
3936965
3937145
3937470
3937845
3938093
3938223
3938458
3938578
3938813
3939034
3939270
3939624
3939748
3939970
3940202
3940399
3940622
3941159
3941260
3941385
3941456
3941541
3941756
3942158
3942758
3943017
3943311
3943557
3943763
3944292
3944536
3944699
3945294
3945442
3945548
3945604
3945742
3945833
3945972
3946126
3946260
3946385
3946516
3946628
3946799
3946981
3947140
3947364
3947598
3947967
3948220
3948714
3948959
3949206
3949450
3949678
3949810
3949939
3950153
3950362
3950555
3950767
3951181
3951353
3951454
3951592
3951817
3951989
3952405
3952607
3952890
3953175
3953915
3954444
3954700
3954941
3955394
3955652
3955830
3956280
3956473
3956728
3956981
3957244
3957421
3957940
3958387
3958539
3958740
3959094
3959239
3959480
3959616
3959864
3960222
3960654
3961123
3961643
3962014
3962255
3962508
3962760
3963026
3963481
3963742
3964034
3964309
3964552
3964793
3965101
3965554
3965805
3966058
3966645
3966943
3967207
3967608
3967860
3968007
3968140
3968398
3968648
3968788
3969039
3969338
3969473
3969731
3970191
3970602
3970740
3970839
3971052
3971344
3971604
3971867
3972096
3972594
3972851
3973062
3973774
3974259
3974502
3975507
3975587
3975955
3976406
3976653
3976787
3976987
3977265
3977518
3977838
3978089
3978353
3978600
3978779
3979057
3980673
3980952
3981279
3981515
3981751
3982134
3982380
3982603
3982853
3983118
3983434
3983581
3983984
3984217
3984372
3984851
3985278
3985417
3986547
3986946
3987270
3987519
3987770
3988002
3988408
3988758
3989001
3989214
3989514
3989821
3990133
3990283
3990543
3991364
3991593
3991817
3991994
3992275
3992427
3992882
3993264
3993526
3993625
3993892
3994352
3994512
3994698
3994842
3994988
3995104
3995294
3995436
3995584
3995754
3995938
3996090
3996236
3997636
3997906
3998299
3998551
3998861
3999115
3999173
4000192
4000412
4000658
4001136
4001436
4001740
4002099
4002750
4002793
4003212
4003460
4003737
4003975
4005004
4005179
4005432
4005683
4005934
4006322
4006570
4007027
4007206
4007346
4007675
4008079
4008327
4008575
4008824
4009041
4009535
4009675
4009788
4010081
4010421
4010678
4010931
4011265
4011904
4012261
4012503
4012751
4012898
4013050
4013268
4013605
4013948
4014098
4014239
4014380
4014639
4014891
4015137
4015448
4015700
4016154
4016406
4016638
4016841
4017343
4017793
4018179
4018417
4019314
4019536
4019950
4020114
4020197
4020237
4020268
4020461
4020614
4020744
4020930
4021085
4021231
4021499
4021935
4023055
4023410
4023871
4024125
4024368
4025002
4025352
4025598
4025657
4028038
4028345
4028701
4029192
4029547
4029820
4029985
4030323
4030474
4030726
4030854
4031253
4031449
4031735
4032039
4032329
4032564
4032993
4033497
4033909
4034156
4034563
4034862
4035206
4035881
4036231
4036485
4036825
4037074
4037295
4037798
4038038
4038401
4039031
4039201
4039405
4039648
4039945
4040286
4040469
4040630
4040781
4041028
4041203
4041381
4041546
4041710
4041848
4042096
4042492
4042749
4043026
4043386
4044134
4044561
4044987
4045328
4045753
4046009
4046423
4047048
4047576
4048017
4048192
4048436
4048722
4049189
4050233
4050481
4050868
4051016
4051238
4051343
4051874
4052201
4052413
4052905
4053246
4053404
4053564
4053702
4054501
4054675
4054830
4055108
4055364
4055527
4055533
4055779
4055935
4056429
4056596
4056631
4056972
4057330
4057599
4057826
4057984
4058142
4058370
4058531
4058763
4059066
4059339
4059450
4059690
4059940
4060254
4060394
4060525
4060768
4060903
4061070
4061205
4061409
4061646
4061993
4062245
4062591
4062722
4063225
4063379
4063690
4063937
4064389
4064548
4064826
4065171
4065443
4065575
4065920
4066067
4066199
4066330
4067079
4067374
4067779
4067927
4068159
4068413
4068661
4068892
4069141
4069272
4069527
4069620
4070199
4070583
4071072
4071327
4071461
4071707
4071775
4072055
4072306
4072447
4072677
4073046
4073179
4073434
4075503
4075636
4075766
4075999
4076607
4076733
4076904
4077104
4077269
4077660
4077950
4078208
4078325
4078576
4078692
4078821
4078943
4079308
4079502
4079767
4079928
4080174
4080432
4080719
4081003
4081250
4081488
4081667
4081684
4081817
4082410
4082557
4083813
4084067
4084298
4084475
4084485
4084741
4084847
4084904
4085009
4085248
4085766
4085994
4086251
4086458
4086703
4086896
4087005
4087265
4087515
4087753
4087985
4088095
4088293
4088459
4088702
4088814
4088924
4089000
4089249
4089495
4089853
4089971
4090214
4090372
4090621
4090732
4090968
4091084
4091204
4091583
4091742
4091820
4092066
4092569
4093223
4093952
4094204
4094323
4094687
4094891
4095182
4095297
4095415
4095655
4095980
4096425
4096536
4096752
4096987
4097143
4097379
4097707
4097833
4098234
4099116
4099388
4099511
4099630
4100213
4101551
4101628
4101887
4102165
4104326
4104847
4104892
4105166
4105398
4105503
4105583
4105746
4105856
4106295
4106531
4106637
4106962
4107149
4107270
4107378
4107762
4108240
4108350
4108600
4108780
4109264
4109627
4109874
4110542
4110693
4110867
4111016
4111128
4111217
4111285
4111388
4111471
4111682
4111880
4111950
4112049
4112453
4112778
4112999
4113625
4113876
4113977
4114057
4114173
4114457
4114695
4114809
4114906
4115197
4115306
4115405
4115522
4115705
4116035
4116148
4116425
4116657
4116761
4116886
4117272
4117521
4117636
4117749
4118227
4118894
4119075
4119301
4119408
4119628
4119815
4119850
4120086
4120190
4120419
4120608
4120798
4120904
4121019
4121165
4121419
4121542
4121651
4121900
4121993
4122092
4122349
4122441
4122611
4122850
4122975
4123076
4123310
4124769
4124876
4124957
4125064
4125222
4125339
4125437
4125538
4125771
4125888
4125989
4126077
4126158
4126251
4126285
4126562
4126698
4126968
4127209
4127521
4127768
4128006
4128103
4128198
4128286
4128294
4128447
4128693
4128845
4130450
4130564
4130812
4131014
4131113
4131211
4131312
4131321
4131408
4132074
4133024
4133134
4133274
4133391
4133492
4133587
4133709
4133802
4133891
4133985
4134048
4134278
4134428
4134684
4135248
4135358
4135611
4135673
4135868
4136168
4136409
4136663
4136942
4137186
4137424
4137740
4138130
4138374
4138481
4138790
4138913
4139166
4139278
4139380
4139476
4139551
4139800
4140046
4140250
4140630
4141201
4141381
4141705
4141785
4141902
4142154
4142448
4142732
4143117
4143330
4143590
4144208
4144439
4144675
4144938
4145078
4145206
4145941
4146183
4146322
4146596
4146817
4146911
4147076
4147330
4147640
4147890
4148002
4148112
4148511
4148763
4149011
4149268
4149374
4149492
4149737
4150251
4150839
4151285
4151479
4151588
4151619
4151920
4152163
4152296
4152544
4152682
4152798
4153044
4153152
4153382
4153624
4153740
4153844
4154093
4154208
4154318
4154408
4154518
4154757
4154886
4155134
4155389
4155629
4155748
4155981
4156141
4156253
4156365
4156518
4156689
4156901
4157010
4157242
4157430
4157532
4157634
4157886
4158149
4158389
4158534
4158777
4159182
4159271
4159381
4159492
4159626
4159733
4159846
4159870
4159972
4160211
4160394
4160631
4160873
4161114
4161332
4161440
4161753
4161855
4161982
4162333
4162585
4162649
4162889
4162983
4163083
4163183
4163284
4163572
4163800
4164026
4164255
4164501
4164600
4164837
4165041
4165315
4165425
4165636
4165756
4165991
4166222
4166476
4167026
4167271
4167376
4167479
4167571
3683050
3683128
3683220
3683404
3683485
3683578
3684888
3685053
3685202
3685519
3685698
3685864
3686132
3686220
3686350
3686876
3686979
3687064
3687128
3687216
3687576
3687670
3687779
3687868
3688040
3688385
3688496
3688553
3688722
3688999
3689089
3689184
3689272
3689876
3690093
3690271
3690382
3690469
3690551
3690808
3691003
3691205
3691344
3691456
3691567
3691742
3691913
3692543
3692718
3692834
3692932
3693114
3693337
3693470
3693555
3693637
3693718
3693764
3693874
3694197
3694482
3694508
3694610
3695069
3695214
3695300
3695392
3695576
3695773
3695947
3696096
3696281
3696437
3696522
3696612
3696696
3696906
3697025
3697475
3697667
3697808
3698222
3698361
3698489
3698599
3698654
3698683
3698706
3698864
3698971
3699156
3699260
3699451
3699648
3699745
3699848
3699934
3700012
3700098
3700205
3700313
3700502
3700696
3701105
3701225
3701318
3701374
3701463
3701646
3701767
3701871
3702084
3702184
3702370
3702457
3702551
3702651
3702700
3702907
3703008
3703105
3703319
3703429
3703908
3704229
3704438
3704509
3705076
3705173
3705277
3705382
3705513
3705611
3705710
3705805
3705899
3705988
3706089
3706195
3706303
3706401
3706603
3706819
3707140
3707474
3707648
3707841
3708331
3708377
3708710
3709171
3709633
3709736
3710067
3710174
3710225
3710334
3710560
3710955
3711173
3711385
3711690
3711969
3712081
3712188
3712375
3713338
3713385
3713606
3713957
3714065
3714144
3714187
3714337
3714577
3714749
3715123
3715538
3715654
3715764
3715864
3715957
3716162
3716389
3716606
3717168
3717420
3717618
3717789
3717997
3718339
3718537
3718729
3719003
3719244
3719630
3719872
3720032
3720346
3720940
3721587
3721825
3722102
3722339
3722559
3722788
3723005
3723215
3723405
3723524
3723712
3723853
3724206
3724332
3726294
3726443
3726691
3726935
3727289
3727426
3727514
3727765
3728262
3728764
3729050
3729177
3729565
3729958
3730477
3731052
3731473
3731721
3732001
3732257
3732512
3734476
3734648
3734793
3734926
3735154
3735536
3735786
3735903
3736065
3736322
3736489
3736746
3736885
3737089
3737474
3737843
3737996
3738240
3738470
3738713
3738911
3739186
3739327
3739579
3739824
3740063
3740263
3740390
3740608
3740750
3741138
3741478
3741702
3741817
3741840
3741885
3742177
3742311
3742432
3742514
3742626
3742873
3743132
3743138
3743709
3743921
3744017
3744194
3744391
3744660
3744948
3745085
3745200
3745450
3745708
3746134
3746308
3746548
3746701
3746955
3747093
3747742
3747832
3748117
3748516
3748646
3748758
3748866
3748896
3749229
3749504
3749890
3750142
3750892
3751157
3751414
3751664
3751786
3751903
3752019
3752124
3752376
3752405
3752590
3752837
3753057
3753691
3753815
3753944
3754062
3754180
3754290
3754404
3754537
3754649
3754700
3754814
3754930
3755046
3755126
3755249
3755368
3755481
3757411
3757664
3757802
3758051
3758281
3758530
3758780
3758902
3759139
3759377
3759560
3759827
3760080
3760188
3760289
3760608
3760937
3761170
3761399
3761624
3761859
3762578
3762870
3763099
3763483
3763614
3763713
3763756
3763783
3764123
3764383
3764636
3764768
3765022
3765225
3765476
3765740
3765868
3765993
3766234
3766611
3766997
3767840
3768102
3768473
3768624
3768733
3768859
3769102
3769164
3769326
3769568
3769794
3769924
3770397
3770655
3770790
3770903
3771156
3771503
3772164
3772467
3772613
3772725
3772867
3772959
3773084
3773208
3773337
3773473
3773616
3773740
3773857
3773862
3773968
3774081
3774161
3774253
3774262
3774274
3774288
3774348
3774786
3774937
3775052
3775163
3775238
3775241
3775363
3775613
3776382
3776821
3777080
3777193
3777588
3777835
3777935
3778017
3778244
3778419
3778545
3779144
3779444
3779680
3780062
3780470
3780712
3780826
3780941
3781374
3781893
3782388
3782645
3782806
3783053
3783295
3783547
3783812
3784044
3784156
3784370
3784506
3784739
3784807
3784982
3785228
3785429
3785748
3785894
3785989
3786116
3786273
3786512
3786623
3786877
3787768
3788017
3789061
3789947
3790205
3790318
3790748
3791017
3791271
3791533
3791788
3792079
3792190
3792381
3792904
3793019
3793130
3793239
3793384
3793485
3793584
3793702
3793941
3794326
3794439
3794599
3794891
3795206
3795469
3795607
3796531
3796975
3797336
3797417
3797669
3797900
3798042
3798300
3798781
3799121
3799257
3799262
3799515
3799651
3799781
3799909
3800130
3800316
3800467
3800691
3800984
3801235
3801491
3801753
3802304
3802525
3802769
3802909
3803291
3803529
3803795
3804203
3804454
3804705
3804902
3805042
3805174
3805263
3805289
3805423
3805649
3805845
3806125
3806294
3806543
3806782
3806915
3806923
3807173
3807281
3807531
3807782
3808015
3808143
3808286
3808402
3808630
3808751
3808843
3809388
3809636
3809876
3810048
3810157
3810281
3810512
3810574
3810780
3810997
3811118
3811244
3811512
3811660
3811912
3812171
3812530
3812898
3813156
3813809
3814066
3814366
3814642
3814778
3814914
3815042
3815176
3815304
3815381
3815507
3815579
3815715
3815846
3815889
3816020
3816090
3816216
3816258
3816415
3816642
3816845
3817097
3817221
3817431
3817745
3818024
3818272
3818447
3818774
3818896
3819372
3819440
3819533
3819721
3819851
3820257
3820394
3820647
3820836
3820968
3821037
3821281
3821343
3821595
3821887
3822140
3822382
3822553
3822758
3822893
3822917
3823157
3823374
3823624
3824474
3824637
3824702
3824951
3825043
3825302
3825555
3825925
3826180
3826418
3826674
3826894
3827076
3827310
3827536
3827662
3827840
3828045
3828160
3828503
3828736
3829030
3829275
3829748
3830015
3830265
3830504
3830938
3831082
3831241
3831488
3831695
3831821
3832631
3832857
3833228
3834226
3834492
3834726
3834834
3835159
3835371
3835747
3836262
3836660
3836908
3837185
3837338
3837483
3837616
3837938
3838158
3838293
3838651
3838839
3838977
3839397
3839651
3840999
3841139
3841270
3841385
3841522
3841648
3841929
3842042
3842170
3842289
3842386
3842461
3842576
3842697
3842738
3842753
3842779
3842895
3842949
3843204
3843449
3843483
3843704
3843878
3844649
3844966
3845076
3845384
3845877
3846133
3846384
3846661
3846995
3847232
3847560
3847722
3847912
3848039
3848045
3848123
3848335
3848543
3848603
3848778
3848905
3849217
3849569
3849684
3850069
3850439
3850626
3850852
3850970
3851237
3851604
3851726
3851978
3852371
3852581
3852848
3852965
3853084
3853392
3853571
3853811
3853922
3854157
3854263
3854427
3854668
3854783
3855089
3855239
3855463
3855709
3855951
3856617
3856774
3856892
3857149
3857255
3857372
3857625
3857711
3857806
3858085
3858250
3858412
3858734
3858937
3859210
3859542
3859788
3860042
3860235
3860343
3860433
3860491
3860606
3860696
3860804
3860902
3860973
3861078
3861157
3861267
3861531
3861672
3862037
3862179
3862406
3862609
3862752
3863007
3863596
3863846
3864015
3864233
3864635
3864880
3865015
3865221
3865470
3865716
3865999
3866251
3866504
3866742
3866918
3867197
3867506
3869215
3869341
3869389
3869516
3869732
3869989
3870155
3870410
3870667
3870803
3871054
3871269
3871605
3871847
3872092
3872586
3872871
3873285
3873484
3873721
3873918
3874097
3875179
3875332
3875580
3875810
3876016
3876159
3876290
3876418
3876663
3876776
3876872
3877122
3877280
3877504
3877702
3877880
3878183
3878298
3878418
3878477
3878719
3878838
3878959
3879211
3879472
3879721
3879919
3880043
3880151
3880219
3880476
3880724
3880961
3881253
3881482
3881689
3881935
3882074
3882193
3882438
3882714
3882884
3883246
3883426
3883551
3883749
3883858
3884100
3884359
3884466
3884522
3884650
3884729
3886261
3886509
3886754
3887002
3887250
3887401
3887545
3887789
3888040
3888185
3888472
3888750
3888896
3889558
3889669
3889777
3889905
3889943
3890382
3890642
3890902
3891160
3891403
3891646
3891810
3892161
3892337
3892434
3892725
3892975
3893221
3893455
3893971
3894204
3894391
3894516
3894657
3894889
3894964
3895221
3895567
3895704
3895883
3895977
3896136
3896391
3897204
3897494
3897615
3897824
3897979
3898117
3898263
3898513
3898939
3899180
3899310
3899493
3899725
3899850
3899948
3900088
3900219
3900610
3900858
3901113
3901236
3901491
3901725
3901840
3901954
3902041
3902375
3902500
3902945
3903196
3903317
3903434
3903673
3903798
3904265
3904605
3904779
3905052
3905895
3906105
3906516
3906766
3907083
3907202
3907447
3907640
3907765
3908127
3908526
3908796
3908911
3909033
3909447
3909557
3909948
3910060
3910258
3910457
3910647
3910893
3911131
3911760
3911919
3912242
3912351
3912450
3912480
3912582
3912802
3912897
3913148
3913420
3913651
3914260
3914396
3914637
3914755
3914870
3915289
3915423
3915797
3915920
3915972
3916094
3916200
3916366
3916493
3916609
3916878
3916984
3918225
3918477
3918726
3918994
3919290
3919751
3920009
3920204
3920459
3920618
3920756
3921123
3921230
3921746
3921907
3922109
3922428
3922451
3922702
3923121
3923249
3923461
3923657
3923755
3923959
3924152
3924286
3924495
3924648
3924770
3924876
3924999
3925104
3925217
3925338
3925435
3925551
3925654
3925702
3925818
3925972
3926222
3926434
3926619
3926857
3927051
3927238
3927380
3927534
3927771
3927844
3927899
3928045
3928324
3928488
3928970
3929173
3930034
3930147
3930272
3930295
3930644
3930762
3931014
3931240
3931485
3931680
3931927
3932050
3932295
3932412
3932666
3932825
3932999
3933399
3933632
3934237
3934698
3934942
3935193
3935470
3935585
3935880
3935989
3936320
3936543
3936672
3936925
3937096
3937351
3937674
3937799
3938050
3938417
3938708
3938950
3939193
3939461
3939582
3939871
3940053
3940291
3940616
3940813
3940937
3941078
3941677
3941917
3942071
3942359
3942483
3942598
3942713
3942973
3943229
3943485
3943710
3943920
3943925
3944126
3944244
3944500
3944650
3944892
3945007
3945128
3945256
3946068
3946760
3947055
3947267
3947522
3947802
3947929
3948176
3948329
3949063
3949279
3949646
3950050
3950327
3950680
3950885
3951051
3951684
3951959
3952181
3952297
3952576
3952855
3953101
3953349
3953469
3953599
3953702
3953879
3954125
3954326
3954448
3954561
3954817
3955063
3955176
3955415
3956254
3956449
3956703
3956958
3957522
3957916
3958360
3958495
3958636
3958948
3959187
3959326
3959555
3960010
3960250
3960630
3961097
3961343
3961759
3961995
3962234
3962489
3962745
3963004
3963119
3963474
3963721
3964014
3964286
3964531
3964773
3965079
3965530
3965801
3966029
3966624
3966917
3967182
3967588
3967833
3967975
3968111
3968396
3968638
3968773
3969024
3969312
3969448
3969705
3970165
3970577
3970715
3970836
3971050
3971341
3971585
3971846
3972074
3972575
3972824
3973027
3973323
3973751
3974231
3974492
3974760
3975038
3975438
3975576
3975936
3976325
3976583
3976742
3976964
3977242
3977497
3977814
3978063
3978329
3978572
3978755
3979035
3980647
3980926
3981251
3981490
3981721
3981849
3982321
3982580
3982829
3982973
3983338
3983483
3983742
3983976
3984206
3984359
3984824
3985186
3985539
3985653
3985744
3985850
3985920
3986036
3986163
3986261
3986373
3986627
3986772
3987004
3987104
3987359
3987605
3987856
3988077
3988191
3988262
3988489
3988897
3989065
3989083
3989319
3989596
3989709
3989966
3990372
3990667
3990781
3990882
3991014
3991118
3991227
3991468
3991686
3991851
3992114
3992130
3992515
3992703
3992977
3993101
3993370
3993601
3993637
3993908
3994122
3994191
3996341
3996450
3996558
3996667
3996736
3996843
3996916
3997024
3997137
3997244
3997348
3997451
3997747
3998015
3998122
3998401
3998646
3998816
3999000
3999254
3999361
3999480
3999682
3999794
3999899
3999955
4000055
4000111
4000246
4000516
4000764
4000881
4000986
4001245
4001545
4001837
4001975
4002195
4002299
4002400
4002504
4002601
4002846
4002956
4003062
4003316
4003562
4003813
4004023
4004150
4004247
4005090
4005341
4005633
4005883
4006236
4006553
4006907
4007216
4007469
4007687
4008088
4008336
4008583
4008845
4009144
4009577
4009677
4009886
4010133
4010429
4010687
4010939
4011274
4011912
4012268
4012509
4012756
4012906
4013059
4013296
4013612
4013956
4014105
4014248
4014388
4014722
4014979
4015424
4015675
4015922
4016259
4016616
4016820
4017323
4017770
4018158
4018393
4019290
4019517
4019761
4020014
4020168
4020191
4020221
4020257
4020434
4020557
4020723
4020908
4021065
4021208
4021477
4021913
4023034
4023389
4023850
4024104
4024351
4024894
4025048
4025334
4025580
4025653
4028146
4028458
4028680
4029246
4029524
4029797
4029966
4030300
4030453
4030708
4031231
4031373
4031443
4031728
4032034
4032210
4032450
4032969
4033163
4033704
4033967
4034541
4034840
4035186
4035440
4035981
4036314
4036705
4036973
4037228
4037654
4037915
4038107
4038344
4038975
4039143
4039313
4039593
4039888
4040122
4040226
4040408
4040570
4040726
4040896
4041002
4041035
4041223
4041442
4041607
4041783
4042036
4042431
4042715
4042874
4043145
4043333
4044077
4044322
4044518
4044555
4044934
4045264
4045523
4045704
4045951
4046314
4046935
4047517
4047769
4047968
4048136
4048384
4048668
4048819
4049180
4050224
4050473
4050701
4050927
4051232
4051338
4051863
4052193
4052404
4052896
4053237
4053398
4053555
4053814
4053989
4054492
4054664
4054823
4055101
4055357
4055519
4055772
4055933
4056421
4056614
4056812
4057062
4057322
4057590
4057817
4057976
4058134
4058381
4058526
4058752
4059055
4059299
4059928
4060244
4060384
4060515
4060657
4060823
4060973
4061062
4061196
4061323
4061456
4061737
4061985
4062615
4063209
4063334
4063642
4063806
4064016
4064339
4064471
4064506
4064772
4065022
4065250
4065410
4065545
4065870
4065995
4066133
4066265
4066387
4066491
4066707
4067074
4067329
4067727
4067876
4068105
4068354
4068604
4068842
4069088
4069223
4069475
4069572
4069700
4070151
4070532
4071020
4071274
4071405
4071597
4071728
4071972
4072025
4072038
4072264
4072399
4072618
4072996
4073135
4073598
4075448
4075581
4075668
4075911
4076272
4076524
4076722
4076805
4077004
4077283
4077526
4077641
4077871
4078029
4078422
4078930
4079208
4079595
4080002
4080246
4080575
4080828
4081071
4081320
4081559
4081694
4081888
4082792
4082856
4082991
4083068
4083190
4083199
4083425
4083557
4083679
4083803
4083825
4084106
4084251
4084566
4085073
4085320
4085457
4085516
4085648
4085835
4086066
4086317
4086568
4086768
4086951
4087199
4087419
4087575
4087941
4088068
4088346
4088517
4088755
4088868
4089047
4089293
4089309
4089546
4089910
4090025
4090275
4090483
4090780
4091017
4091135
4091257
4091639
4091859
4092619
4093277
4094002
4094254
4094370
4094737
4094940
4095233
4095351
4095597
4096034
4096479
4096557
4096795
4096989
4097312
4097751
4097881
4098181
4098570
4099205
4099446
4099589
4099840
4100269
4100400
4100664
4100783
4101226
4101473
4101675
4101938
4102214
4104388
4104751
4105104
4105377
4105722
4106103
4106271
4106528
4106842
4107128
4107520
4107662
4107953
4108090
4108451
4108673
4108989
4109133
4109381
4109592
4109834
4110099
4110324
4110465
4110794
4111665
4112249
4112406
4112638
4112883
4113132
4113296
4114012
4114351
4114650
4115074
4115662
4115905
4116644
4117041
4117244
4117491
4117945
4118179
4118384
4118552
4118678
4118848
4119229
4119553
4120017
4120332
4120666
4121307
4121830
4122546
4122791
4123210
4123478
4123641
4123847
4124003
4124183
4124329
4124495
4124656
4126459
4126844
4127223
4127357
4127653
4127906
4128584
4129047
4129253
4129296
4129409
4129553
4129684
4129835
4130034
4130186
4130331
4130706
4130960
4131671
4131912
4132148
4132279
4132303
4132415
4132556
4132640
4132782
4133019
4134179
4134550
4134826
4135169
4135475
4135818
4136063
4136310
4136574
4136815
4137066
4137338
4137657
4137908
4138037
4138266
4138681
4139065
4139707
4139951
4140192
4140423
4140767
4140902
4141090
4141343
4141514
4142052
4142302
4142605
4142878
4143292
4143535
4143803
4143931
4144103
4144340
4144580
4144831
4145338
4145566
4145705
4146476
4146718
4146943
4147291
4147544
4147799
4147996
4148102
4148178
4148411
4148534
4148786
4149031
4149290
4149401
4149514
4149758
4150273
4150863
4151299
4151490
4151600
4151651
4151996
4152244
4152321
4152577
4152705
4152883
4153129
4153405
4153679
4153894
4154116
4154231
4154342
4154430
4154541
4154788
4154908
4155154
4155407
4155650
4155767
4155999
4156162
4156273
4156383
4156447
4156546
4156703
4156967
4157262
4157752
4157989
4158213
4158462
4158711
4159136
4159295
4159405
4159519
4159649
4159755
4159865
4159994
4160232
4160414
4160656
4160891
4161136
4161397
4161776
4161895
4162000
4162402
4162607
4162907
4163005
4163103
4163203
4163308
4163595
4163824
4164059
4164276
4164523
4164622
4165002
4165335
4165444
4165658
4165898
4166145
4166415
4166650
4167070
4167292
4167396
4167501
4167590
4167687
4167921
4168135
4168284
4168663
3683304
3683641
3683734
3683825
3683916
3684008
3684100
3684191
3684255
3684392
3684494
3684589
3684681
3684779
3684941
3685113
3685288
3685589
3685803
3685982
3686066
3686288
3686465
3686554
3686666
3686776
3687314
3687400
3687521
3687976
3688125
3688208
3688306
3688498
3688568
3688867
3688955
3689362
3689474
3689567
3689653
3689744
3689814
3689956
3690133
3690612
3690772
3690795
3691043
3691167
3691371
3691701
3691872
3691969
3692048
3692162
3692248
3692412
3692498
3692650
3693042
3693196
3693246
3693990
3694128
3694243
3694277
3694295
3694324
3694738
3694841
3694944
3695035
3695495
3695695
3695848
3696030
3696185
3696370
3696847
3697144
3697236
3697284
3697388
3697585
3697886
3698012
3698086
3698157
3698789
3699063
3699369
3699557
3700418
3700640
3700794
3700886
3700965
3701056
3701572
3702058
3702298
3702820
3703222
3703520
3703641
3703753
3704021
3704147
3704352
3704580
3704688
3704799
3704909
3705016
3706537
3706748
3706987
3707105
3707220
3707429
3707702
3707960
3708144
3708497
3708629
3708842
3708956
3709085
3709299
3709415
3709533
3709828
3709944
3710465
3710708
3710865
3711089
3711309
3711482
3711597
3711829
3712261
3712517
3712635
3712904
3713519
3713715
3713858
3714272
3714402
3714647
3714887
3715026
3715260
3715444
3716061
3716322
3716487
3716727
3716861
3716993
3717085
3717311
3717518
3717746
3717925
3718166
3718418
3718637
3718906
3719148
3719392
3719532
3719773
3720005
3720147
3720289
3720525
3720702
3720841
3721084
3721323
3721655
3721887
3722114
3722351
3722569
3722800
3723016
3723226
3723416
3723537
3723724
3723866
3724218
3724351
3726373
3726510
3726757
3727175
3727597
3727718
3728357
3728569
3729389
3729460
3729711
3729846
3730110
3730233
3730353
3730570
3730691
3730763
3730900
3731186
3731304
3731420
3731616
3731877
3732138
3732404
3732597
3732756
3732893
3733019
3733150
3733270
3733397
3733515
3733636
3733759
3733877
3734020
3734137
3734244
3734360
3735043
3735295
3735856
3736215
3736639
3736972
3737219
3737361
3737617
3737729
3738123
3738349
3738569
3738799
3739082
3739461
3739711
3739946
3740181
3740494
3740811
3740916
3741063
3741257
3741326
3741417
3741628
3741967
3742754
3743009
3743266
3743658
3744202
3744546
3744797
3745390
3745649
3745903
3746188
3746452
3746834
3747168
3747287
3747393
3747500
3747621
3747898
3748183
3748297
3748387
3748685
3748795
3749266
3749545
3749974
3750280
3750931
3751197
3751453
3751704
3751827
3751954
3752369
3752565
3752836
3753018
3753268
3753408
3753542
3755493
3755636
3755772
3755901
3756066
3756201
3756340
3756504
3756641
3756770
3756894
3757033
3757224
3757367
3757627
3757783
3757909
3758221
3758529
3758762
3759040
3759346
3759808
3760047
3760396
3760582
3760807
3761033
3761369
3761607
3761843
3762110
3762334
3762556
3762794
3763055
3763303
3763451
3763894
3764003
3764231
3764333
3764605
3764991
3765447
3765707
3765732
3766189
3766440
3766562
3766804
3766918
3767190
3767300
3767422
3767600
3767789
3768070
3768330
3768446
3769013
3769200
3769550
3770038
3770189
3770317
3770617
3770865
3771122
3771464
3771707
3771827
3771985
3772124
3772428
3774545
3774684
3775543
3775783
3776414
3776653
3777046
3777373
3777505
3778317
3778734
3778869
3778947
3779213
3779363
3779603
3779841
3779970
3780411
3780657
3780771
3780884
3781136
3781320
3781512
3781839
3782332
3782590
3782754
3782882
3783140
3783494
3783760
3783913
3784108
3784322
3784421
3784458
3784695
3784795
3784814
3784943
3785192
3785386
3785698
3785854
3785953
3786034
3786079
3786226
3786466
3786579
3786834
3786943
3787170
3787407
3787817
3787978
3789020
3789905
3790249
3790363
3790700
3790910
3790964
3791222
3791477
3791738
3791858
3792034
3792150
3792310
3792641
3792967
3793047
3793155
3793260
3793354
3793457
3793552
3793654
3793755
3793993
3794282
3794398
3794626
3795014
3795201
3795327
3795723
3795843
3795939
3796041
3796159
3796265
3796385
3796503
3796733
3796821
3796931
3797161
3797484
3797686
3797799
3798151
3798464
3798598
3798928
3798954
3799205
3799386
3800001
3800144
3800574
3800789
3800934
3801063
3801170
3801716
3801965
3802161
3802274
3802636
3803060
3803181
3803499
3803766
3804035
3804172
3804424
3804635
3805617
3805963
3806095
3806455
3806695
3807107
3807497
3807744
3808480
3808963
3809061
3809183
3809326
3809586
3809842
3810457
3810566
3810757
3811470
3811877
3812134
3812373
3812629
3812859
3813117
3813359
3813485
3813620
3813771
3814024
3814277
3814523
3816340
3816819
3816949
3817198
3817519
3817847
3818093
3818336
3818741
3818999
3819385
3819549
3819814
3819951
3820363
3820501
3820943
3821135
3821376
3821739
3822113
3822358
3822652
3822865
3823137
3823427
3823684
3824567
3824838
3825148
3825416
3825456
3825663
3826033
3826340
3826569
3826941
3827079
3827231
3827526
3827657
3827917
3828143
3828317
3828725
3828860
3829133
3829387
3829854
3830126
3830503
3831042
3831193
3831349
3831598
3831893
3831984
3832097
3832220
3832433
3832492
3832598
3832665
3832893
3833254
3834250
3834521
3835012
3835194
3835403
3835777
3836297
3836696
3836943
3837230
3837376
3837536
3837738
3837944
3838191
3838324
3838742
3838870
3839026
3839382
3839604
3841035
3841171
3841304
3841422
3841561
3841685
3841824
3843102
3843354
3843607
3843854
3844099
3844229
3844317
3844445
3844581
3844834
3845163
3845299
3845540
3845706
3845838
3846034
3846298
3846546
3846812
3846948
3847176
3847310
3847526
3847661
3847863
3848102
3848317
3848525
3848721
3848970
3849314
3849480
3849959
3850468
3850782
3851141
3851392
3851535
3851876
3852138
3852277
3852529
3852757
3852840
3853183
3853318
3853690
3854072
3854340
3854583
3854839
3855076
3855396
3855676
3855844
3856075
3856204
3856355
3856493
3856518
3856528
3857054
3857373
3857629
3857870
3858150
3858266
3858430
3858764
3858967
3859257
3859596
3859879
3860145
3860301
3860441
3860560
3860671
3860765
3860871
3860992
3861105
3861223
3861338
3861751
3861997
3862345
3862542
3862858
3863109
3863295
3863405
3863522
3863784
3864154
3864441
3864574
3864833
3865148
3865398
3865639
3865890
3866182
3866428
3866668
3866883
3867129
3867421
3867687
3867801
3867917
3868130
3868326
3868479
3868604
3868806
3869051
3869659
3869909
3870093
3870348
3870595
3870879
3871157
3871417
3871548
3871816
3872058
3872265
3872369
3872490
3872736
3872984
3873008
3873212
3873603
3873853
3874215
3874495
3874609
3874869
3874997
3875412
3875718
3875949
3876597
3876839
3876884
3877148
3877419
3877675
3878120
3878647
3879114
3879363
3879660
3880415
3880610
3880854
3881172
3881407
3881502
3881650
3881857
3882593
3882771
3882902
3883123
3883357
3883643
3883916
3884158
3884165
3884284
3886204
3886332
3886570
3886821
3887070
3887298
3887442
3887664
3887872
3887970
3888120
3888407
3888676
3888831
3888965
3889080
3889174
3889271
3889389
3889464
3889577
3889709
3889846
3889923
3890077
3890321
3890578
3890833
3891094
3891341
3891587
3891750
3891979
3892202
3892367
3892659
3892908
3893154
3893371
3893882
3894136
3894325
3894455
3894570
3894821
3894948
3895021
3895297
3895577
3895712
3895840
3895954
3896066
3896168
3896413
3897078
3897292
3897431
3897559
3897678
3897796
3897834
3897929
3898064
3898188
3898318
3898565
3898880
3899121
3899248
3899478
3899677
3899768
3899901
3900027
3900160
3900412
3900547
3900796
3901049
3901177
3901425
3901662
3901781
3901896
3901980
3902217
3902434
3902882
3903138
3903271
3903428
3903712
3904213
3904663
3904835
3905105
3905952
3906155
3906573
3906826
3907139
3907266
3907515
3907694
3908179
3908581
3908849
3908963
3909395
3909510
3909945
3910115
3910441
3910640
3910898
3911135
3911843
3912025
3912342
3912447
3912562
3912671
3912896
3913146
3913525
3913754
3914370
3914614
3914789
3914917
3915409
3915664
3915910
3916080
3916253
3916393
3916599
3916753
3916947
3917097
3918331
3918582
3918828
3919235
3919865
3920199
3920440
3920706
3920850
3921480
3921604
3922017
3922217
3922443
3922560
3922838
3923236
3923508
3923706
3923825
3924036
3924262
3924531
3924728
3924844
3924968
3925207
3925329
3925544
3925711
3925825
3926081
3926429
3926734
3927044
3927334
3927481
3927736
3927879
3928065
3928307
3928582
3929079
3930027
3930156
3930313
3930753
3931364
3931773
3932142
3932538
3932908
3933020
3933147
3933252
3933488
3933724
3933910
3934027
3934157
3934512
3934765
3935035
3935294
3935430
3935732
3936062
3936169
3936387
3936774
3937196
3937526
3937902
3938152
3938282
3938300
3938528
3938591
3938841
3939084
3939321
3939673
3939912
3940139
3940338
3940463
3940700
3941211
3941310
3941405
3941538
3941810
3942214
3942814
3943075
3943332
3943431
3943751
3944352
3944689
3945356
3945500
3945664
3945806
3946112
3946251
3946394
3946561
3946831
3947016
3947411
3947657
3948031
3948275
3948774
3949023
3949264
3949507
3949733
3949864
3950105
3950300
3950543
3950825
3951241
3951382
3951521
3951771
3952023
3952437
3952619
3952911
3953231
3953965
3954209
3954628
3954873
3955333
3955579
3955759
3955935
3956220
3956396
3956654
3956909
3957149
3957347
3957832
3958389
3958541
3958742
3958982
3959209
3959348
3959617
3959865
3960225
3960656
3960867
3961351
3961779
3962023
3962364
3962587
3963029
3963484
3963745
3964038
3964311
3964555
3964798
3965105
3965556
3965807
3966060
3966649
3966944
3967209
3967612
3967859
3967996
3968132
3968792
3969040
3969339
3969477
3969733
3970193
3970604
3970739
3970840
3971053
3971343
3971606
3971869
3972094
3972595
3972852
3973179
3973775
3974258
3974504
3974762
3975060
3975462
3975578
3975863
3976111
3976407
3976655
3976788
3976989
3977267
3977520
3977839
3978092
3978355
3978601
3978781
3979058
3980675
3980953
3981281
3981516
3981754
3982022
3982381
3982610
3982855
3983120
3983437
3983583
3983985
3984219
3984373
3984853
3985305
3986596
3986989
3987318
3987558
3987812
3988805
3989285
3989561
3989886
3990187
3990482
3990739
3990860
3990978
3991080
3991191
3991429
3991674
3991840
3992099
3992501
3992690
3992965
3993086
3993359
3993375
3993600
3993636
3993907
3994121
3994187
3996327
3996436
3996524
3996586
3996720
3996830
3996903
3997010
3997123
3997229
3997334
3997435
3997484
3997735
3998002
3998117
3998389
3998634
3998804
3998989
3999239
3999249
3999355
3999470
3999672
3999780
3999887
3999944
4000044
4000098
4000443
4000543
4000750
4000867
4000974
4001232
4001529
4001823
4001959
4002180
4002284
4002327
4002426
4002522
4002589
4002835
4002943
4003050
4003303
4003548
4003796
4004009
4004125
4004243
4004331
4004409
4004418
4004503
4004583
4004669
4004748
4004842
4005270
4005464
4005715
4005967
4006136
4006393
4006628
4006731
4006977
4007272
4007526
4007815
4007912
4008165
4008380
4008626
4008868
4009194
4009285
4009368
4009610
4009774
4010165
4010256
4010513
4010601
4010623
4010909
4011089
4011118
4011342
4011479
4011569
4011669
4011762
4011992
4012120
4012387
4012553
4013515
4013697
4013796
4014466
4014818
4015065
4015169
4015257
4015515
4015777
4015974
4016076
4016337
4016456
4016707
4016939
4017046
4017145
4017242
4017486
4017596
4017818
4017936
4018037
4018254
4018497
4018594
4018696
4018784
4018854
4018944
4019029
4019387
4019596
4019792
4021308
4021564
4022110
4022181
4022261
4022559
4022593
4022684
4022778
4022872
4023124
4023220
4023465
4023584
4023690
4023948
4024195
4024520
4024629
4024700
4024814
4024901
4025142
4025235
4025479
4025702
4025797
4025857
4025970
4026095
4026177
4026265
4026877
4026997
4027094
4027192
4027262
4027354
4027438
4027513
4027609
4027691
4027794
4028282
4028534
4028795
4028883
4028916
4028999
4029253
4029336
4029601
4029790
4030108
4030560
4030779
4030876
4030963
4031046
4031296
4031378
4031557
4031764
4032003
4032274
4032575
4032604
4032704
4032798
4033051
4033235
4033440
4033515
4033594
4033633
4033722
4033982
4034185
4034285
4034380
4034626
4034926
4035011
4035266
4035463
4035571
4035673
4035695
4035783
4035852
4036039
4036123
4036482
4036501
4036590
4036845
4037126
4037374
4037466
4037551
4037714
4037964
4038142
4038221
4038463
4038546
4038625
4038683
4038736
4038742
4038861
4038944
4039478
4039741
4040001
4041904
4042158
4042256
4042347
4042561
4042901
4043084
4043253
4043501
4043585
4043660
4043750
4043844
4043941
4044214
4044372
4044616
4044711
4044795
4045042
4045123
4045392
4045555
4045809
4046063
4046221
4046302
4046478
4046791
4046875
4047127
4047243
4047336
4047419
4047675
4048293
4048533
4048985
4049081
4049332
4049420
4049527
4049622
4049704
4049799
4049912
4049998
4050089
4050354
4050607
4050825
4051068
4051159
4051423
4051579
4051675
4051739
4051755
4051993
4052093
4052510
4052655
4052788
4053029
4053127
4053680
4053874
4054126
4054196
4054291
4054385
4054961
4055241
4055669
4055998
4056211
4056314
4056563
4056642
4056748
4056985
4057213
4057489
4057735
4058329
4058649
4058896
4059198
4059584
4059774
4060022
4060141
4060714
4061591
4061841
4062109
4062375
4062479
4062792
4062979
4063038
4063114
4063518
4063785
4064100
4064213
4064276
4064695
4064958
4065137
4065340
4065668
4065837
4066638
4066818
4066963
4067236
4067623
4068035
4068291
4068526
4068591
4068773
4069015
4069358
4069786
4069912
4070039
4070365
4070494
4070762
4070882
4071003
4071256
4071561
4071933
4072216
4072547
4072894
4073353
4073712
4073847
4073986
4073994
4074113
4074250
4074399
4074578
4074729
4074910
4075032
4075154
4075311
4075436
4075873
4076076
4076234
4076527
4076783
4077043
4077233
4077484
4077751
4077982
4078240
4078358
4078600
4078736
4078846
4079000
4079175
4079418
4079534
4079801
4079961
4080206
4080464
4080729
4081012
4081259
4081576
4081680
4081848
4082447
4082591
4083361
4084035
4084337
4084514
4084782
4084930
4085034
4085287
4085799
4086031
4086287
4086536
4086834
4086927
4087179
4087398
4087549
4087894
4088043
4088325
4088491
4088733
4088844
4089026
4089273
4089524
4089889
4090004
4090248
4090401
4090648
4090761
4090996
4091116
4091235
4091616
4091838
4092600
4093257
4093985
4094235
4094352
4094718
4094864
4095158
4095271
4095390
4095631
4095955
4096396
4096515
4096553
4096750
4096984
4097133
4097352
4097683
4097808
4097965
4098208
4098517
4099146
4099489
4099609
4100167
4100319
4100441
4100681
4101103
4101276
4101513
4101599
4101860
4102138
4104296
4104659
4105013
4105286
4105635
4106014
4106183
4106430
4106753
4107268
4107442
4107584
4107712
4107930
4108066
4108200
4108497
4108743
4109320
4109492
4109758
4110017
4110247
4110375
4110505
4110745
4111573
4112153
4112318
4112549
4112688
4112904
4113052
4113183
4113308
4113360
4113777
4114258
4114428
4114979
4115115
4115569
4115808
4115988
4116551
4116946
4117150
4117396
4117851
4117993
4118123
4118328
4118460
4118589
4118712
4118795
4119029
4119199
4119501
4119960
4120263
4120517
4120735
4121269
4121766
4122231
4122478
4122707
4122944
4123288
4124748
4124856
4124950
4125059
4125145
4125319
4125355
4125452
4125554
4125625
4125728
4125835
4125905
4126006
4126107
4126206
4126275
4126297
4126514
4126647
4126708
4126914
4127163
4127469
4127731
4127958
4128053
4128132
4128222
4128320
4128395
4128644
4128797
4128895
4130400
4130509
4130753
4130852
4130982
4131082
4131179
4131234
4131339
4131436
4131530
4131793
4132021
4132795
4133037
4133105
4133183
4133316
4133415
4133513
4133607
4133682
4133764
4133870
4133914
4134005
4134101
4134233
4134383
4134635
4134881
4134983
4135226
4135335
4135590
4135633
4135861
4136117
4136364
4136642
4136898
4137139
4137374
4137707
4138075
4138319
4138428
4138529
4138746
4138859
4139112
4139163
4139250
4139344
4139399
4139504
4139755
4139998
4140205
4140577
4141150
4141378
4141696
4141735
4141847
4142250
4142552
4142829
4143243
4143487
4143722
4143852
4143975
4144064
4144294
4144532
4144819
4145290
4145516
4145657
4145796
4145934
4146070
4146229
4146452
4146697
4146900
4147244
4147498
4147754
4148278
4148649
4148895
4149099
4149580
4149878
4150026
4150145
4150402
4150551
4150684
4150956
4151151
4151416
4151695
4151897
4152145
4152442
4152952
4153269
4153520
4153988
4154643
4155039
4155316
4155321
4155560
4155899
4156615
4156811
4156835
4157104
4157351
4157804
4158050
4158293
4158640
4158875
4159005
4160070
4160356
4160595
4160834
4160967
4161203
4161514
4161638
4162103
4162239
4162478
4162769
4163414
4163653
4163892
4164222
4164732
4164925
4165165
4165280
4165390
4165735
4165912
4166206
4166364
4166534
4166740
4166907
4167149
4167767
4167998
4168218
4168410
4168541
4168751
4168851
3683292
3683461
3683693
3683786
3683881
3683972
3684034
3684127
3684220
3684311
3684361
3684460
3684555
3684648
3684722
3684821
3684964
3685080
3685255
3685344
3685490
3685646
3685773
3685949
3686037
3686251
3686428
3686513
3686602
3686690
3686787
3686910
3687287
3687365
3687412
3687491
3687735
3687847
3688015
3688098
3688183
3688273
3688412
3688508
3688666
3688828
3688922
3689327
3689440
3689526
3689612
3689703
3689777
3689916
3690005
3690160
3690347
3690677
3690738
3690919
3691071
3691266
3691663
3691819
3691932
3692016
3692095
3692134
3692213
3692292
3692410
3692481
3692616
3692773
3693011
3693160
3693245
3693420
3694006
3694141
3694217
3694268
3694309
3694328
3694402
3694703
3694791
3694820
3694915
3694931
3695005
3695149
3695468
3695665
3695814
3695998
3696154
3696341
3696817
3697116
3697233
3697290
3697398
3697595
3697929
3698040
3698165
3698799
3699074
3699096
3699380
3699568
3700427
3700650
3700806
3700893
3700973
3701506
3701714
3702059
3702297
3702832
3703234
3703527
3703650
3703766
3704030
3704156
3704363
3704591
3704700
3704810
3704923
3706550
3706760
3707001
3707231
3707434
3707763
3707974
3708158
3708511
3708639
3708852
3708968
3709098
3709313
3709428
3709546
3709975
3710480
3710722
3710882
3711105
3711322
3711496
3711610
3711843
3712276
3712530
3712649
3712921
3713533
3713736
3713874
3714287
3714417
3714662
3714906
3714960
3715195
3715372
3715454
3716079
3716340
3716505
3716746
3716878
3717008
3717328
3717531
3717812
3718080
3718247
3718475
3718808
3718947
3719191
3719408
3719548
3719788
3720011
3720154
3720396
3720616
3720769
3720857
3721098
3721337
3721670
3722206
3722414
3722739
3722957
3723160
3723382
3723500
3723690
3723802
3723833
3724183
3724306
3726272
3726420
3726668
3726914
3727288
3727427
3727492
3727741
3727871
3727997
3728034
3728154
3728284
3728787
3729025
3729154
3729541
3729936
3730453
3731025
3731450
3731696
3731975
3732264
3732298
3732686
3734577
3734627
3734766
3734902
3735128
3735509
3735756
3735875
3736039
3736295
3736463
3736718
3736857
3737064
3737448
3737817
3737965
3738213
3738442
3738685
3738884
3739014
3739163
3739299
3739550
3739796
3740040
3740112
3740312
3740382
3740579
3740726
3741114
3741453
3741677
3741813
3741882
3742153
3742287
3742413
3742490
3742603
3742822
3743098
3743350
3743496
3743740
3743885
3743984
3744131
3744355
3744626
3744912
3745170
3745307
3745480
3745737
3745985
3746273
3746521
3746670
3746927
3747688
3747829
3748111
3748492
3748912
3749054
3749084
3749339
3749481
3749731
3749991
3750241
3750394
3750536
3750672
3750737
3750872
3751013
3751276
3751529
3752168
3752465
3752613
3752872
3753051
3753296
3753374
3753474
3753584
3755519
3755661
3755794
3755927
3756034
3756163
3756284
3756412
3756540
3756677
3756805
3756910
3757034
3757142
3757274
3757536
3757699
3758129
3758627
3758956
3759259
3759496
3759725
3759963
3760318
3760512
3760711
3760833
3761055
3761292
3761527
3761810
3762024
3762255
3762478
3762715
3762848
3763079
3763254
3763381
3763923
3764166
3764284
3764519
3764897
3765148
3765363
3765620
3766097
3766356
3766477
3766723
3766844
3766953
3767121
3767233
3767346
3767459
3767521
3767634
3767723
3767985
3768239
3768364
3768925
3769183
3769532
3769766
3770090
3770196
3770275
3770640
3770947
3771200
3771554
3772213
3772516
3772645
3772767
3772876
3772968
3773094
3773217
3773345
3773483
3773626
3773758
3773907
3774027
3774167
3774240
3774263
3774280
3774358
3774796
3774955
3775062
3775176
3775294
3775372
3775380
3775621
3775860
3775974
3776081
3776213
3776468
3776826
3777088
3777198
3777596
3777711
3777836
3777941
3778021
3778250
3778427
3778552
3779150
3779449
3779688
3780069
3780476
3780718
3780831
3780947
3781378
3781900
3782403
3782652
3782814
3783062
3783303
3783555
3783818
3784050
3784164
3784377
3784519
3784749
3784806
3785008
3785251
3785438
3785757
3785901
3786005
3786124
3786282
3786522
3786631
3786887
3786993
3787336
3787610
3787863
3788025
3789069
3789952
3790212
3790327
3790753
3791025
3791280
3791540
3791794
3792088
3792197
3792388
3792910
3793025
3793159
3793274
3793372
3793475
3793572
3793681
3793999
3794303
3794416
3794642
3794803
3794917
3795091
3795223
3795332
3795745
3795861
3795960
3796060
3796172
3796283
3796403
3796641
3796746
3796839
3797094
3797501
3797727
3797837
3798166
3798477
3798611
3798839
3798965
3799215
3799399
3800014
3800145
3800576
3800788
3801025
3801176
3801356
3801624
3801878
3801992
3802072
3802190
3802440
3802684
3802999
3803122
3803203
3803458
3803678
3803914
3804077
3804330
3804542
3804789
3805526
3805767
3805992
3806360
3806596
3806727
3807010
3807399
3807649
3807897
3808502
3808868
3809088
3809230
3809344
3809503
3809751
3809994
3810373
3810549
3810744
3811370
3811628
3811777
3812030
3812231
3812276
3812405
3812647
3812769
3813025
3813272
3813392
3813651
3813676
3813931
3814180
3814299
3814535
3816289
3816535
3816950
3817196
3817363
3817543
3817666
3817879
3818123
3818344
3818508
3818630
3819010
3819139
3819558
3819959
3820084
3820201
3820508
3820703
3821146
3821320
3821573
3821800
3821896
3822151
3822419
3822671
3822962
3823261
3823506
3823693
3823807
3823921
3824020
3824064
3824170
3824193
3824302
3824332
3824824
3825160
3825337
3825672
3825792
3826050
3826295
3826579
3826793
3827027
3827368
3827721
3827955
3828357
3828468
3828521
3828876
3828993
3829167
3829419
3829531
3829870
3829991
3830308
3830539
3830637
3830719
3830803
3830883
3831363
3831797
3832285
3832476
3832769
3832942
3833057
3833112
3833330
3833392
3833550
3833655
3833762
3833842
3833950
3834058
3834127
3834375
3834720
3834852
3834957
3835036
3835282
3835504
3835600
3835629
3835873
3835976
3836088
3836195
3836430
3836457
3836775
3837070
3837303
3837448
3837610
3837993
3838267
3838513
3838757
3838947
3839083
3839633
3841112
3841252
3841494
3841627
3841763
3841895
3843176
3843430
3843685
3844015
3844189
3844363
3844528
3844789
3844931
3845236
3845484
3845649
3845787
3846105
3846372
3846651
3846887
3848604
3848873
3849144
3849414
3849545
3850030
3850270
3850419
3850815
3851213
3851552
3851944
3852207
3852348
3852818
3853252
3853516
3853758
3854141
3854409
3854649
3855001
3855231
3855640
3855904
3856138
3856290
3856425
3856596
3856632
3857114
3857614
3857791
3858044
3858243
3858593
3858844
3859109
3859357
3859485
3859737
3860023
3860036
3861489
3861659
3861919
3862165
3862449
3862711
3862971
3863210
3863696
3864046
3864319
3864756
3864998
3865319
3865565
3865818
3866099
3866351
3866589
3866902
3867227
3867602
3868069
3868536
3868904
3869168
3869303
3869455
3869786
3870224
3870476
3870763
3871068
3871301
3871664
3871910
3872167
3872654
3873044
3873355
3873551
3873791
3874444
3874756
3875128
3875291
3875543
3875876
3876086
3876227
3876355
3876488
3876769
3876874
3877132
3877349
3877592
3877771
3878079
3878247
3878382
3878531
3878780
3878825
3879015
3879277
3879540
3879864
3879991
3880119
3880288
3880671
3880911
3881084
3881223
3881432
3881499
3881786
3882035
3882215
3882489
3882788
3883091
3883337
3883606
3883800
3884048
3884329
3884450
3884590
3884760
3884884
3885034
3885158
3885282
3885390
3885514
3885696
3885821
3885969
3886089
3886457
3886712
3886951
3887197
3887544
3887787
3888343
3888643
3890030
3890284
3890528
3890788
3891056
3891298
3891546
3891886
3892108
3892578
3892865
3893115
3893339
3893612
3893727
3893876
3894061
3894304
3894705
3894976
3895113
3895348
3895482
3896263
3896450
3896534
3896645
3896832
3896920
3896951
3897202
3898337
3898576
3898649
3898767
3899002
3899337
3899504
3900287
3900424
3900674
3900923
3901311
3901551
3902099
3902611
3902625
3902746
3902820
3903062
3903485
3903733
3903934
3904062
3904309
3904412
3904668
3904865
3905107
3905242
3905264
3905378
3905510
3905604
3905692
3905820
3906158
3906327
3906647
3906885
3907018
3907463
3907807
3907937
3908185
3908309
3908432
3908459
3908615
3909089
3909222
3909315
3909569
3910361
3910605
3910841
3911077
3911214
3911315
3911369
3911484
3911595
3911685
3911908
3912131
3912681
3912994
3913260
3913394
3913756
3913893
3914039
3914146
3914377
3914699
3915060
3915190
3915542
3915671
3917109
3917243
3917374
3917476
3918468
3918724
3919010
3919866
3920200
3920441
3920707
3920853
3921119
3921225
3921479
3921605
3922018
3922220
3922446
3922586
3922840
3923237
3923510
3923708
3923827
3924038
3924269
3924530
3924732
3924867
3924996
3925191
3925326
3925546
3925713
3925828
3926083
3926431
3926736
3927047
3927336
3927492
3927738
3927881
3928044
3928308
3928584
3929075
3930029
3930158
3930315
3930755
3931002
3931235
3931493
3931708
3931954
3932077
3932321
3932442
3932695
3932850
3933005
3933405
3933641
3934245
3934705
3934976
3935232
3935571
3935681
3935684
3935910
3936019
3936329
3936577
3936706
3936956
3937129
3937453
3937708
3937834
3938084
3938449
3938745
3939018
3939256
3939493
3939614
3939904
3940094
3940541
3940742
3940856
3940990
3941108
3941711
3941966
3942105
3942396
3942519
3942642
3942753
3943003
3943299
3943594
3943865
3944382
3944769
3945386
3945693
3945919
3946208
3946344
3946479
3946606
3946856
3947137
3947435
3947680
3948056
3948300
3948804
3949050
3949294
3949534
3949764
3949894
3950133
3950407
3950629
3951153
3951295
3951414
3951555
3951804
3952060
3952474
3952721
3952945
3953273
3954004
3954664
3954907
3955366
3955631
3955799
3956053
3956407
3956665
3956915
3957165
3957389
3957827
3958354
3958497
3958630
3958941
3959592
3959834
3959932
3960196
3960623
3960866
3961337
3961752
3961988
3962227
3962483
3962732
3962997
3963360
3963613
3963750
3964008
3964279
3964525
3964766
3965072
3965525
3965799
3966111
3966617
3966911
3967176
3967578
3967827
3967966
3968103
3968265
3968540
3968744
3968940
3969303
3969439
3969695
3970156
3970569
3970707
3970834
3971047
3971338
3971582
3971840
3972159
3972286
3972392
3972668
3972917
3973253
3973351
3973404
3973479
3973595
3973844
3973969
3974079
3974333
3974567
3974814
3975064
3975200
3975317
3975654
3975783
3976024
3976198
3976429
3977057
3977302
3977555
3977910
3978161
3978421
3978859
3979129
3979281
3979394
3979526
3979687
3979810
3979931
3980028
3980058
3980158
3980280
3980388
3980498
3980747
3981853
3981967
3982071
3982203
3982443
3982751
3983039
3983251
3983649
3984121
3984142
3984514
3984633
3984926
3985126
3985489
3985608
3985763
3985873
3985980
3986092
3986208
3986310
3986396
3986652
3986794
3987027
3987126
3987385
3987627
3987875
3988099
3988204
3988285
3988346
3988514
3988620
3988926
3989075
3989326
3989622
3989731
3989991
3990398
3990693
3990810
3990933
3991035
3991139
3991252
3991490
3991712
3991875
3992144
3992543
3993052
3993321
3993406
3993632
3993711
3994086
3994224
3996453
3996634
3996770
3996873
3996984
3997092
3997168
3997271
3997375
3997526
3997779
3998047
3998152
3998432
3998676
3998918
3999033
3999287
3999393
3999510
3999717
3999829
3999982
4000130
4000242
4000537
4000795
4000912
4001021
4001275
4001576
4001870
4002010
4002228
4002368
4002468
4002626
4002872
4002985
4003089
4003344
4003595
4003838
4004077
4004114
4004235
4004356
4004482
4004611
4004693
4004777
4004875
4005309
4005502
4005849
4006011
4006172
4006427
4006665
4006767
4007017
4007335
4007566
4007852
4007951
4007962
4008207
4008420
4008667
4008903
4009105
4009256
4009376
4009745
4010073
4010293
4010548
4010850
4012641
4013160
4013401
4014014
4014541
4014859
4015107
4015208
4015299
4015568
4015812
4016013
4016119
4016372
4016495
4016995
4017102
4017223
4017746
4017993
4018298
4018553
4018650
4018767
4018911
4019000
4019105
4019197
4019429
4019647
4019841
4021361
4021639
4021745
4022033
4022151
4022290
4022442
4022544
4022638
4022746
4022844
4023003
4023178
4023281
4023531
4023639
4023745
4023804
4024002
4024246
4024580
4024753
4024874
4025130
4025225
4025466
4025754
4025909
4026047
4026145
4026238
4026337
4026457
4026546
4026630
4026790
4026958
4027055
4027169
4027311
4027407
4027566
4027657
4027757
4027918
4028013
4028267
4028522
4028824
4028967
4029059
4029080
4029396
4029668
4030124
4030623
4030842
4031030
4031125
4031368
4031387
4031569
4032465
4032682
4032760
4032855
4033213
4033563
4033682
4033786
4034034
4034238
4034345
4034434
4034530
4034986
4035074
4035326
4035524
4035659
4035756
4035840
4036035
4036133
4036487
4036569
4036630
4036886
4037165
4037417
4037507
4037591
4037754
4038125
4038250
4038493
4038588
4038665
4038858
4038918
4039519
4039646
4039808
4040041
4042141
4042306
4042654
4042951
4043240
4043468
4043559
4043683
4043783
4043830
4043898
4043991
4044264
4044424
4044665
4044761
4044848
4045089
4045172
4045446
4045612
4045862
4046138
4046753
4046886
4047136
4047254
4047350
4047525
4047780
4048297
4048547
4048998
4049094
4049373
4049467
4049569
4049634
4049714
4049809
4049923
4050012
4050101
4050160
4050414
4050643
4050842
4051080
4051162
4051424
4051583
4051678
4051757
4052011
4052735
4052805
4053047
4053066
4053157
4053698
4054136
4054210
4054306
4054400
4054978
4055258
4055686
4056014
4056227
4056331
4056701
4056948
4057230
4057507
4057749
4058346
4058665
4058912
4059216
4059598
4059924
4060239
4060380
4060510
4060611
4060819
4060972
4061054
4061192
4061319
4061452
4061733
4061979
4062231
4062577
4062708
4063193
4063367
4063675
4063922
4064371
4064439
4064530
4064808
4065604
4065902
4066035
4066176
4066315
4066439
4066572
4067107
4067358
4067762
4067913
4068142
4068388
4068643
4068873
4068972
4069123
4069257
4069510
4069604
4070186
4070568
4071057
4072286
4072433
4072663
4073031
4073166
4073418
4073517
4073569
4075484
4075617
4075749
4075968
4076309
4076559
4076730
4076940
4077317
4077542
4077784
4078063
4078997
4079242
4079628
4080036
4080281
4080606
4080856
4081113
4081354
4081588
4081775
4082012
4082136
4082327
4082662
4082851
4082986
4083099
4083223
4083455
4083510
4083594
4083716
4083854
4084159
4084557
4085107
4085355
4085490
4085550
4085677
4085917
4086158
4086478
4086724
4086939
4087187
4087406
4087560
4087927
4088052
4088332
4088501
4088743
4088854
4089036
4089284
4089535
4089687
4089900
4090013
4090260
4090413
4090682
4090921
4091036
4091149
4091245
4091627
4091850
4092879
4093267
4093882
4093994
4094257
4094728
4094929
4095223
4095341
4095455
4095697
4096023
4096468
4096556
4096794
4097111
4097391
4097759
4097874
4098170
4098569
4099196
4099439
4099581
4099832
4100257
4100391
4100656
4101475
4101666
4101929
4102205
4104376
4104738
4105090
4105363
4105709
4106088
4106257
4106501
4106829
4107113
4107504
4107647
4107939
4108074
4108213
4108567
4108911
4109119
4109367
4109502
4109820
4110084
4110310
4110442
4110533
4110780
4111649
4112225
4112388
4112618
4112673
4112920
4113115
4113279
4113419
4113574
4113824
4114330
4114626
4115056
4115644
4115898
4116636
4117032
4117235
4117484
4117936
4118099
4118406
4118573
4118700
4118900
4119251
4119574
4120038
4120358
4120692
4121335
4121855
4122321
4122569
4122814
4123231
4123501
4123662
4123871
4124028
4124210
4124396
4124584
4126339
4126624
4126870
4127127
4127362
4127680
4127747
4127931
4128609
4129072
4129279
4129434
4129700
4129849
4130058
4130209
4130357
4130731
4130974
4131685
4131928
4132175
4132299
4132435
4132581
4132715
4132979
4134202
4134558
4134850
4135190
4135498
4135838
4136083
4136332
4136580
4136819
4137079
4137344
4137616
4137928
4138185
4138308
4138702
4139089
4139730
4140086
4140389
4140531
4140791
4140979
4141110
4141357
4141534
4142072
4142324
4142624
4142896
4143310
4143554
4143823
4143951
4144145
4144473
4144609
4144851
4145358
4146118
4146259
4146528
4146738
4147179
4147416
4147664
4147920
4148041
4148200
4148440
4148566
4148822
4149312
4149431
4149547
4149794
4150311
4150900
4151336
4151526
4151605
4151981
4152222
4152358
4152602
4152743
4152853
4153110
4153441
4153685
4153897
4154150
4154265
4154461
4154568
4154815
4154939
4155232
4155480
4155721
4155831
4156071
4156193
4156305
4156478
4156701
4156947
4157290
4157473
4157582
4157695
4157948
4158227
4158468
4158716
4159141
4159324
4159431
4159547
4159679
4159819
4159929
4160034
4160275
4160517
4160701
4161078
4161343
4161805
4161921
4162027
4162376
4162634
4162934
4163036
4163130
4163224
4163330
4163617
4163841
4164071
4164313
4164546
4164567
4164649
4165083
4165359
4165591
4165703
4165947
4166174
4166441
4166674
4167094
4167316
4167420
4167522
4167632
4167866
4168093
4168308
4168690
4169050
3682928
3683299
3683519
3683699
3683793
3683887
3683978
3684047
3684465
3684561
3684654
3684744
3684827
3684970
3685085
3685262
3685354
3685507
3685652
3685780
3685955
3686041
3686256
3686434
3686533
3686630
3686729
3686812
3687293
3687370
3687418
3687499
3687954
3688103
3688188
3688280
3688418
3688512
3688564
3688838
3688846
3688935
3689335
3689445
3689535
3689627
3689716
3689786
3689929
3690011
3690167
3690598
3690745
3690927
3691139
3691316
3691672
3691844
3691939
3692024
3692105
3692140
3692219
3692301
3692375
3692433
3692623
3693013
3693167
3693253
3693426
3694014
3694151
3694223
3694271
3694291
3694313
3694418
3694711
3694804
3694890
3694922
3695013
3695022
3695474
3695674
3695822
3696004
3696160
3696349
3696825
3697125
3697213
3697261
3697360
3697561
3697759
3697912
3698022
3698113
3698760
3699032
3699340
3699528
3700386
3700608
3700761
3700852
3700933
3701011
3701535
3701569
3701918
3702240
3702782
3703179
3703379
3703595
3703667
3703777
3703985
3704107
3704314
3704539
3704651
3704757
3704867
3704975
3706497
3706710
3706940
3707077
3707174
3707380
3707535
3707727
3707924
3708097
3708300
3708458
3708585
3708793
3708910
3709021
3709239
3709367
3709478
3709583
3709734
3709882
3709979
3710421
3710663
3710807
3710831
3711049
3711270
3711442
3711558
3711786
3711902
3712220
3712474
3712594
3712816
3713473
3713672
3713813
3714226
3714367
3714599
3714606
3714843
3714982
3715215
3715341
3715403
3716014
3716277
3716432
3716676
3716813
3716942
3717038
3717259
3717470
3717702
3717880
3718058
3718221
3718441
3718603
3718859
3719108
3719344
3719485
3719724
3719962
3720107
3720241
3720949
3721192
3721425
3721529
3721767
3721996
3722220
3722454
3722641
3722865
3723086
3723301
3723615
3723977
3724096
3724405
3724525
3724644
3724702
3724842
3724965
3725087
3725147
3725264
3725385
3725502
3725664
3725784
3725902
3726018
3726140
3726392
3726575
3726821
3727066
3728586
3729378
3729446
3729700
3729826
3730095
3730219
3730341
3730565
3730686
3730753
3730888
3731135
3731288
3731406
3731602
3731859
3732124
3732390
3732585
3732743
3732879
3733002
3733133
3733256
3733384
3733504
3733623
3733746
3733820
3733959
3734008
3734124
3734235
3734317
3734419
3735032
3735282
3735410
3735668
3736203
3736628
3736636
3736960
3737208
3737349
3737606
3737718
3738109
3738337
3738557
3738787
3739068
3739449
3739698
3739928
3741010
3742863
3742999
3743252
3743643
3744172
3744532
3744783
3745343
3745569
3745826
3746075
3746368
3746604
3746760
3747025
3747447
3747616
3747806
3748608
3749018
3749193
3749437
3749709
3749849
3750107
3750360
3750491
3750646
3750725
3750862
3751112
3751376
3751626
3752270
3752566
3752815
3753021
3753271
3753411
3753544
3753599
3755615
3755751
3755886
3756016
3756145
3756343
3756505
3756642
3756771
3756953
3757072
3757225
3757392
3757629
3757785
3757903
3758222
3758477
3758743
3759043
3759347
3759811
3760050
3760398
3760584
3760781
3760909
3761151
3761508
3761798
3762112
3762335
3762559
3762796
3763058
3763305
3763454
3763896
3764008
3764234
3764334
3764610
3764993
3765452
3765708
3766191
3766443
3766566
3766805
3766921
3767192
3767312
3767426
3767604
3767792
3768073
3768333
3768450
3769015
3769201
3769552
3770041
3770191
3770320
3770620
3770870
3771125
3771478
3771719
3771866
3771996
3772141
3772439
3774558
3774693
3775558
3775798
3776427
3776665
3777061
3777413
3778190
3778749
3778884
3778953
3779083
3779338
3779616
3779853
3781006
3781310
3781685
3781822
3782085
3782226
3782484
3782722
3783033
3783259
3783480
3783724
3784103
3785361
3785608
3786289
3786820
3787138
3787385
3787634
3787807
3788169
3788304
3788442
3788585
3788967
3789267
3789403
3789546
3789684
3789872
3790121
3790547
3790685
3791107
3791366
3791635
3792021
3792440
3792612
3792752
3793894
3794151
3794609
3795181
3795564
3795705
3795802
3796625
3797081
3797327
3797467
3798001
3798273
3798452
3798772
3799178
3799367
3799616
3799748
3799986
3800358
3800563
3800895
3801338
3801593
3801856
3802406
3802653
3802871
3803383
3803662
3803908
3804299
3804664
3805000
3805140
3805258
3805555
3805797
3806029
3806391
3806627
3807042
3807431
3807679
3807930
3808536
3808900
3809349
3809531
3809781
3810343
3810569
3810789
3811404
3811808
3812063
3812302
3812432
3812701
3812801
3813052
3813295
3813418
3813567
3813704
3813958
3814209
3814451
3814576
3816383
3816673
3816877
3817130
3817250
3817460
3817774
3818025
3818273
3818478
3818805
3818929
3819308
3819474
3819741
3819882
3820291
3820426
3820674
3820868
3821064
3821312
3821358
3821664
3822036
3822281
3822576
3822780
3822916
3823165
3823394
3823645
3824503
3824734
3824983
3825076
3825353
3825588
3825960
3826209
3826493
3826750
3826981
3827090
3827203
3827479
3827604
3827857
3828062
3828179
3828505
3828738
3829060
3829303
3829780
3830048
3830296
3830963
3831590
3831773
3831908
3831979
3832094
3832217
3832427
3832484
3832507
3832774
3832958
3833075
3833189
3833407
3833527
3833642
3833749
3833853
3833962
3834074
3834173
3834388
3834622
3834863
3834967
3835048
3835294
3835517
3835638
3835880
3835987
3836097
3836203
3836440
3836551
3836804
3837024
3837643
3837768
3838013
3838336
3838537
3838796
3839129
3839240
3839289
3839502
3839685
3839803
3839921
3839949
3840068
3840192
3840270
3840387
3840503
3840596
3840707
3840740
3840853
3840962
3840976
3841942
3842067
3842184
3842297
3842410
3842478
3842588
3842709
3842745
3842761
3842784
3842896
3842960
3843214
3843461
3843714
3843888
3844681
3844977
3845095
3845394
3845888
3846146
3846395
3846565
3846753
3847002
3847333
3847567
3847730
3847947
3848339
3848544
3848785
3849039
3849170
3849580
3849691
3849776
3849882
3850074
3850448
3850637
3850863
3850982
3851249
3851613
3851799
3852073
3852451
3852657
3852928
3853047
3853439
3853617
3853860
3853965
3854239
3854489
3854741
3854935
3855309
3855675
3855919
3856697
3856854
3856968
3857225
3857336
3857481
3857487
3857885
3858165
3858272
3858435
3858769
3858973
3859265
3859604
3859889
3860153
3860316
3860454
3860723
3860882
3861006
3861120
3861241
3861356
3861769
3862015
3862361
3862555
3862871
3863123
3863307
3863424
3863552
3863806
3864172
3864456
3864588
3864851
3865166
3865417
3865658
3865912
3866202
3866450
3866687
3866895
3867139
3867434
3867707
3867823
3867939
3868149
3868358
3868498
3868622
3868823
3869068
3869680
3869930
3870276
3870520
3870658
3870959
3871176
3871439
3871564
3871733
3872017
3872277
3872388
3872500
3872794
3873018
3873315
3873692
3874040
3874280
3874516
3874630
3874891
3875017
3875434
3875817
3876021
3876164
3876294
3876424
3876669
3876676
3876777
3876871
3877123
3877287
3877512
3877708
3877841
3878021
3878148
3878218
3878349
3878483
3878724
3878845
3878968
3879218
3879479
3879731
3879925
3880048
3880176
3880226
3880482
3880729
3880967
3881261
3881489
3881777
3882024
3882199
3882443
3882720
3882886
3883248
3883430
3883555
3883748
3883864
3884106
3884155
3884364
3884495
3884637
3884734
3884843
3884965
3885094
3885225
3885328
3885449
3885573
3885629
3885754
3885877
3885906
3886002
3886121
3886396
3886643
3886886
3887138
3887482
3887742
3888273
3888400
3888571
3889966
3890201
3890460
3890721
3890988
3891229
3891478
3891723
3891936
3892141
3892523
3892795
3893047
3893267
3893505
3893621
3893737
3893835
3894077
3894718
3894987
3895124
3895359
3895493
3896275
3896452
3896548
3896704
3896818
3896932
3897230
3898440
3898738
3898855
3899103
3899424
3899591
3900386
3900523
3900771
3901022
3901405
3901655
3902197
3902729
3902862
3903112
3903591
3903749
3903977
3904400
3904558
3904944
3905211
3905341
3905463
3905600
3905795
3906179
3906404
3906743
3906990
3907364
3907908
3908040
3908586
3909191
3909330
3909354
3909671
3909852
3910175
3910404
3910691
3910954
3911203
3911330
3911453
3911581
3911717
3912052
3912228
3912786
3913120
3913368
3913413
3913779
3913951
3914080
3914230
3914561
3915044
3915181
3915397
3915643
3915771
3917235
3917399
3917575
3917718
3917886
3917973
3918181
3918438
3918692
3918943
3919111
3919349
3919490
3919616
3919928
3920098
3920310
3920555
3920944
3921342
3921715
3921862
3922271
3922680
3922925
3923016
3923054
3923353
3923564
3923933
3924180
3924486
3925937
3926186
3926485
3926739
3926948
3927203
3927628
3928008
3928445
3928775
3928911
3929176
3929389
3929510
3929644
3929766
3929976
3930408
3930615
3930947
3931442
3931806
3932177
3932574
3932949
3933036
3933162
3933268
3933507
3933741
3933939
3934055
3934183
3934344
3934550
3934795
3935043
3935352
3935760
3936093
3936411
3936810
3937234
3937559
3937934
3938183
3938316
3938557
3938802
3939100
3939353
3939708
3939942
3940177
3940376
3940499
3941220
3941339
3941484
3941829
3942239
3942845
3943109
3943369
3943624
3943872
3944388
3944774
3945391
3945418
3945558
3945699
3945925
3946113
3946253
3946397
3946565
3946863
3947144
3947444
3947687
3948063
3948301
3948805
3949052
3949301
3949541
3949771
3949900
3950140
3950413
3950620
3951159
3951301
3951438
3951571
3951830
3952068
3952529
3952871
3953119
3953363
3953485
3953611
3953715
3953890
3954138
3954339
3954540
3954826
3955071
3955119
3955244
3955534
3955978
3956151
3956588
3956844
3957090
3957270
3957756
3958019
3958140
3958851
3959077
3959457
3959720
3959958
3960069
3960315
3960476
3960837
3960972
3961223
3961462
3961575
3961836
3962092
3962346
3962693
3962880
3963224
3963338
3963592
3963883
3964163
3964414
3964655
3964891
3965211
3965414
3965745
3965824
3966067
3966305
3966447
3966689
3966953
3967215
3967321
3967476
3967727
3968376
3969006
3969193
3969582
3969924
3970049
3970303
3970438
3970916
3971209
3971470
3971709
3971972
3972249
3972437
3972709
3973539
3973810
3973946
3974066
3974326
3974606
3974852
3975118
3975256
3975546
3975751
3976027
3976203
3976451
3977088
3977357
3977611
3977944
3978193
3978460
3978895
3980622
3981151
3981392
3981702
3981829
3982305
3982533
3982677
3982928
3983175
3983398
3983542
3983897
3984195
3984304
3984806
3985050
3985275
3985415
3986545
3986942
3987269
3987518
3987768
3988001
3988407
3988756
3989000
3989213
3989512
3989819
3990132
3990282
3990537
3991362
3991595
3991905
3992031
3992274
3992425
3992883
3993258
3993525
3993624
3993664
3993963
3994351
3994510
3994697
3994841
3994987
3995103
3995292
3995435
3995583
3995753
3995937
3996088
3996235
3997637
3997903
3998297
3998547
3998859
3999196
4000191
4000446
4000657
4001134
4001435
4001737
4002096
4002748
4003209
4003458
4003709
4003951
4005002
4005180
4005622
4005821
4006229
4006543
4006893
4007204
4007458
4007674
4008078
4008326
4008574
4008823
4009040
4009534
4009674
4009830
4010134
4010420
4010679
4010929
4011264
4011455
4011546
4011632
4011651
4011740
4011968
4012096
4012501
4012616
4013095
4013333
4013430
4013674
4013772
4014442
4014790
4015039
4015142
4015231
4015485
4015734
4015947
4016046
4016153
4016400
4016428
4016680
4016911
4017017
4017117
4017175
4017387
4017488
4017615
4017852
4017904
4018007
4018225
4018453
4018568
4018668
4018741
4018825
4019987
4021372
4021601
4021695
4021770
4021978
4022072
4022423
4022481
4022570
4022661
4022752
4022839
4022934
4023100
4023191
4023293
4023542
4023561
4023662
4023916
4024166
4024497
4024604
4024671
4024771
4024788
4025045
4025146
4025390
4025674
4025760
4025836
4025927
4026061
4026161
4026248
4026293
4026374
4026420
4026477
4026560
4026631
4026759
4026793
4026874
4026973
4027063
4027137
4027232
4027324
4027483
4027578
4027666
4027777
4027846
4027938
4028281
4028540
4028794
4028861
4028912
4028997
4029248
4029332
4029597
4029787
4030105
4030557
4030776
4030875
4030962
4031044
4031295
4031377
4031556
4031761
4032000
4032111
4032344
4032601
4032700
4032795
4033049
4033234
4033438
4033513
4033590
4033630
4033720
4033977
4034171
4034257
4034283
4034377
4034623
4034923
4035008
4035265
4035459
4035547
4035602
4035690
4035779
4035850
4036037
4036121
4036208
4036392
4036498
4036587
4036843
4037121
4037372
4037461
4037547
4037710
4037962
4038138
4038219
4038460
4038543
4038620
4038679
4038731
4038812
4038874
4039472
4039737
4039837
4040161
4042142
4042252
4042343
4042558
4042899
4043081
4043249
4043521
4043614
4043706
4043761
4043841
4043932
4044353
4044613
4044709
4044792
4044843
4045084
4045119
4045389
4045551
4045806
4046060
4046216
4046299
4047012
4047543
4048158
4048403
4048688
4048839
4049201
4050245
4050495
4050945
4051250
4051350
4051887
4052215
4052429
4052929
4053259
4053418
4053579
4054006
4054517
4054689
4054846
4055125
4055380
4055545
4055803
4056077
4056447
4056591
4056834
4057082
4057349
4057615
4057843
4058002
4058163
4058392
4058550
4058782
4059087
4059332
4059476
4059714
4059962
4060270
4060325
4060466
4060629
4060844
4060975
4061088
4061221
4061351
4061647
4061941
4062262
4062608
4062865
4063244
4063396
4063705
4063953
4064404
4064564
4064841
4065185
4065459
4065826
4065976
4066151
4066281
4066404
4066525
4066756
4067136
4067384
4067792
4067943
4068172
4068425
4068699
4068956
4069152
4069286
4069539
4069632
4070214
4070597
4071087
4071340
4071624
4071788
4072069
4072319
4072460
4072692
4073062
4073196
4073245
4073502
4075463
4075603
4075730
4075927
4076294
4076539
4076725
4076808
4077007
4077114
4077299
4078008
4078045
4078436
4078963
4079226
4079611
4080018
4080265
4080592
4080843
4081090
4081338
4081577
4081698
4081901
4082035
4082157
4082320
4082438
4082643
4082829
4082876
4083194
4083442
4083577
4083702
4083842
4084142
4084397
4084729
4084865
4085090
4085339
4085474
4085533
4085663
4085898
4086083
4086333
4086584
4086781
4086881
4087152
4087429
4087601
4087801
4088150
4088376
4088547
4089081
4089336
4089572
4089712
4090116
4090465
4090811
4091281
4091418
4091661
4091920
4092096
4092229
4092270
4092400
4092643
4092681
4092884
4093006
4093039
4093779
4094019
4094395
4094533
4094778
4094963
4095096
4095487
4095719
4095844
4096057
4096184
4096285
4096586
4097789
4098007
4098275
4098399
4098607
4098754
4098879
4099001
4099251
4099687
4099869
4099993
4100119
4100522
4101368
4101947
4102074
4102260
4102391
4102516
4102659
4102777
4102886
4103010
4103119
4103214
4103326
4103404
4103522
4103576
4103700
4103812
4103925
4104032
4104160
4104412
4104525
4104774
4104900
4105136
4105238
4105477
4105552
4105733
4105864
4106302
4106541
4106643
4107094
4107277
4107385
4107769
4108247
4108358
4108605
4108822
4109270
4109633
4109882
4110136
4110625
4110875
4111022
4113960
4114064
4114181
4114466
4114703
4114814
4115138
4115244
4115314
4115431
4115708
4116047
4116155
4116264
4116389
4116490
4116706
4116852
4117062
4117310
4117560
4117645
4117756
4118234
4118913
4119084
4119308
4119421
4119636
4120215
4120426
4120621
4120806
4120913
4121029
4121173
4121428
4121531
4121638
4121877
4121971
4122016
4122363
4122603
4122842
4122965
4123065
4123301
4124759
4124868
4124945
4125056
4125229
4125345
4125434
4125533
4125620
4125725
4125832
4125903
4126002
4126099
4126200
4126272
4126506
4126642
4126908
4127186
4127462
4127724
4128391
4128639
4128795
4128891
4130399
4130499
4130750
4130853
4130983
4131078
4131176
4131208
4131303
4131336
4131433
4131521
4131784
4131953
4132790
4133032
4133176
4133279
4133364
4133469
4133566
4133647
4133752
4133850
4133910
4134001
4134096
4134225
4134377
4134665
4134904
4135002
4135328
4135520
4135630
4135864
4136113
4136359
4136607
4136855
4137131
4137371
4137705
4138073
4138317
4138426
4138560
4138739
4138853
4139106
4139238
4139307
4139393
4139500
4139750
4139993
4140199
4140573
4141145
4141397
4141695
4141728
4141842
4142091
4142390
4142644
4142701
4142921
4143227
4143473
4143709
4143837
4143968
4144057
4144280
4144515
4144767
4145190
4145435
4145605
4146231
4146555
4146847
4147228
4147481
4147730
4148262
4148631
4148880
4149085
4149567
4149860
4150023
4150127
4150385
4150534
4150665
4150745
4150988
4151200
4151432
4151569
4151677
4151806
4152085
4152424
4152936
4153252
4153502
4153970
4154714
4155023
4155295
4155543
4155882
4156599
4156773
4157090
4157327
4157788
4158031
4158274
4158584
4158859
4158989
4159122
4159129
4160132
4160339
4160579
4160816
4160952
4161188
4161208
4161495
4161622
4162087
4162221
4162447
4162751
4163397
4163646
4163884
4164147
4164374
4164715
4164909
4165147
4165275
4165388
4165568
4165795
4166034
4166277
4166522
4166724
4166888
4167112
4167710
4167978
4168201
4168393
4168527
4168739
4168975
4169153
4169620
4169706
3683332
3683645
3683738
3683830
3683921
3684011
3684103
3684193
3684258
3684395
3684401
3684499
3684593
3684683
3684782
3684945
3685118
3685292
3685592
3685809
3685985
3686068
3686293
3686469
3686555
3686639
3686730
3686855
3686953
3687394
3687480
3687745
3688073
3688161
3688251
3688391
3688519
3688714
3688895
3689310
3689404
3689479
3689570
3689660
3689747
3689838
3690135
3690615
3690775
3690958
3691217
3691968
3692051
3692164
3692251
3692327
3692400
3692489
3692653
3693045
3693200
3693279
3694023
3694157
3694245
3694278
3694317
3694332
3694726
3694843
3694949
3695038
3695499
3695701
3695851
3696032
3696190
3696374
3696851
3697147
3697239
3697328
3697390
3697587
3697888
3698015
3698108
3698111
3698112
3698205
3698792
3699065
3699372
3699559
3700419
3700645
3700800
3700921
3701044
3701578
3701734
3701840
3701999
3702108
3702154
3702341
3702424
3702517
3702605
3702612
3702666
3702671
3702876
3702969
3703068
3703280
3703394
3703869
3703969
3704194
3704291
3704400
3704492
3705060
3705156
3705258
3705348
3705451
3705485
3705587
3705667
3705766
3705862
3705956
3706051
3706158
3706265
3706364
3707270
3707478
3707647
3707809
3708011
3708208
3708341
3708439
3708678
3709134
3709596
3709699
3710026
3710137
3710192
3710302
3710404
3710531
3710641
3711025
3711228
3711657
3711763
3712010
3712097
3712321
3712347
3712664
3712760
3712936
3713025
3713112
3713198
3713258
3713352
3713418
3713923
3714028
3714112
3714177
3714334
3714572
3714718
3714964
3715197
3715501
3715618
3715676
3715750
3715841
3715926
3716125
3716226
3716567
3717131
3717385
3717585
3717758
3717963
3718182
3718391
3718663
3719095
3719456
3719593
3719832
3720021
3720333
3720564
3720755
3720898
3721140
3721375
3721715
3721947
3722170
3722406
3722760
3722808
3723049
3723273
3723467
3723810
3723920
3724273
3726355
3726527
3726774
3727465
3727583
3727840
3727992
3728128
3728255
3728503
3728882
3729119
3729250
3729642
3730038
3730553
3731127
3731553
3731798
3732079
3732344
3734547
3734716
3734873
3735231
3735614
3735980
3736140
3736400
3736564
3736821
3737155
3737551
3737924
3738068
3738508
3738748
3738987
3739257
3739400
3739659
3740009
3740228
3740372
3740642
3740998
3741557
3741779
3741829
3741891
3742221
3742304
3742447
3742509
3742692
3742952
3743212
3743456
3743601
3743854
3744069
3744322
3744468
3744743
3745025
3745260
3745589
3745844
3746093
3746381
3746632
3746776
3747039
3747825
3748176
3748588
3749037
3749322
3749464
3749610
3749752
3750000
3750237
3750391
3750533
3750670
3750733
3750867
3751008
3751271
3751523
3752165
3752461
3752612
3752870
3753042
3753176
3753312
3753444
3753578
3755513
3755654
3755788
3755920
3756029
3756158
3756279
3756410
3756538
3756564
3756673
3756799
3756906
3757005
3757133
3757270
3757531
3757691
3757795
3757908
3758156
3758360
3758620
3758950
3759253
3759491
3759718
3759957
3760311
3760505
3760704
3760826
3761051
3761286
3761335
3761523
3761799
3762020
3762250
3762473
3762709
3762837
3763074
3763249
3763375
3763821
3763929
3764158
3764259
3764512
3764891
3765209
3765357
3765630
3766092
3766350
3766472
3766719
3766840
3766948
3767116
3767228
3767342
3767454
3767516
3767630
3767717
3767744
3767980
3768235
3768359
3768919
3769181
3769208
3769533
3769763
3770060
3770445
3770691
3770939
3771191
3771541
3772203
3772507
3772635
3772756
3772865
3772958
3773085
3773206
3773333
3773469
3773613
3773737
3773852
3773966
3774077
3774158
3774238
3774261
3774299
3774423
3774785
3774935
3775025
3775162
3775235
3775242
3775361
3775608
3775850
3775965
3776146
3776207
3776462
3776818
3777076
3777189
3777585
3777704
3777814
3777934
3778015
3778242
3778416
3778543
3779142
3779441
3779678
3780060
3780465
3780709
3780823
3780939
3781369
3781891
3782386
3782641
3782804
3783050
3783292
3783545
3783808
3784041
3784152
3784367
3784503
3784790
3784821
3785134
3785427
3785744
3785891
3785985
3786112
3786270
3786510
3786636
3786767
3786981
3787225
3787473
3787851
3788012
3789057
3789938
3790197
3790314
3790741
3790949
3791012
3791268
3791528
3791786
3792075
3792187
3792350
3792634
3792768
3793844
3794096
3794340
3794571
3795049
3795210
3795519
3795661
3796580
3797029
3797283
3797424
3797674
3797957
3798301
3798564
3798810
3798905
3799153
3799323
3799567
3799705
3799839
3799958
3800143
3800332
3800518
3800741
3801036
3801292
3801547
3801807
3802359
3802578
3802606
3802844
3803182
3803559
3803831
3804260
3804506
3805284
3805427
3805700
3805896
3806185
3806327
3806574
3806829
3806967
3807220
3807331
3807584
3807828
3809517
3809684
3809921
3810089
3810200
3810321
3810523
3810571
3810823
3811043
3811162
3811288
3811558
3811704
3811958
3812382
3812735
3812945
3813201
3813853
3814108
3814407
3814685
3814822
3814956
3815085
3815220
3815394
3815519
3815622
3815760
3815934
3816133
3816247
3816278
3816527
3816805
3817029
3817354
3817619
3817864
3818110
3818406
3818576
3818848
3819071
3819194
3819618
3820023
3820143
3820561
3820757
3821203
3821330
3821472
3821584
3821836
3821952
3822204
3822478
3822726
3823059
3823320
3823562
3823748
3823861
3823970
3824114
3824242
3824383
3824874
3825213
3825467
3825726
3825851
3826105
3826398
3826636
3826845
3827328
3827777
3828006
3828414
3828569
3828929
3829216
3829466
3829578
3829673
3829922
3830192
3830374
3830589
3831053
3831420
3831425
3831669
3832340
3832809
3833001
3833125
3833347
3833453
3833571
3833691
3833802
3833897
3834004
3834110
3834356
3834603
3834905
3835001
3835090
3835334
3835636
3835915
3836027
3836136
3836241
3836503
3836610
3836856
3837120
3837686
3837809
3837820
3838097
3838405
3838600
3839165
3839331
3839549
3839732
3839862
3840013
3840136
3840306
3840423
3840542
3840662
3840782
3840893
3841985
3843188
3843400
3843558
3843805
3844147
3844281
3844411
3844535
3844653
3844912
3845203
3845258
3845489
3845615
3845666
3845800
3845986
3846248
3846477
3846767
3846900
3847132
3847266
3847484
3847620
3847823
3848108
3848281
3848492
3848686
3848932
3849312
3849426
3849912
3850154
3850308
3850539
3850738
3851093
3851342
3851462
3851822
3852087
3852227
3852481
3852706
3852843
3853128
3853265
3853451
3853641
3854020
3854286
3854526
3854774
3855024
3855341
3855697
3855792
3856021
3856152
3856286
3856419
3856507
3856765
3856995
3857436
3857667
3857919
3858059
3858245
3858537
3858791
3859006
3859276
3859407
3859619
3859756
3860097
3861388
3861539
3861795
3862047
3862191
3862396
3862598
3862740
3862998
3863579
3863826
3864002
3864220
3864338
3864649
3864893
3865027
3865206
3865455
3865701
3865983
3866322
3866935
3867215
3867361
3867573
3868031
3868232
3868688
3868926
3869169
3869304
3869456
3869787
3870226
3870479
3870765
3871072
3871308
3871662
3871912
3872166
3872656
3873045
3873358
3873569
3873804
3873988
3874229
3874333
3874757
3875131
3875294
3875546
3875875
3876087
3876228
3876358
3876490
3876788
3876875
3877155
3877409
3877660
3877809
3878082
3878249
3878385
3878534
3878781
3879254
3879541
3879866
3879994
3880120
3880289
3880311
3880778
3881138
3881433
3881500
3881787
3882033
3882216
3882461
3882789
3883092
3883338
3883607
3883802
3884049
3884323
3884448
3884598
3884763
3884885
3885035
3885160
3885291
3885392
3885515
3885697
3885822
3885970
3886461
3886917
3887184
3887588
3887826
3888344
3888641
3890032
3890285
3890529
3890789
3891057
3891299
3891548
3891889
3892109
3892579
3893146
3893312
3893547
3893668
3893783
3894028
3894282
3894763
3895015
3895151
3895400
3895792
3896380
3896588
3896700
3896813
3896940
3897016
3897259
3898400
3898695
3898811
3899063
3899387
3899551
3900348
3900483
3900734
3900981
3901369
3901611
3902159
3902285
3902688
3902813
3903055
3903541
3903747
3903974
3904128
3904366
3904474
3904854
3905171
3905304
3905422
3905565
3905751
3906005
3906253
3906449
3906706
3906952
3907325
3907575
3907868
3907999
3908243
3908372
3908481
3908732
3909157
3909285
3909637
3909817
3910142
3910373
3910620
3910858
3911105
3911794
3912108
3912206
3912765
3913088
3913339
3913412
3913777
3913948
3914089
3914214
3914526
3915008
3915138
3915269
3915610
3915741
3917171
3917323
3917455
3917544
3917684
3917851
3917936
3918067
3918208
3918471
3918661
3918910
3919077
3919347
3919489
3919612
3919925
3920092
3920382
3920728
3920922
3921264
3921680
3921826
3922085
3922563
3922802
3922992
3923030
3923052
3923095
3923435
3923895
3924105
3924428
3925909
3926166
3926399
3926575
3926827
3927176
3927601
3927983
3928321
3928590
3929875
3929970
3930384
3930594
3930927
3931419
3931786
3932158
3932688
3932928
3933022
3933149
3933256
3933493
3933728
3933920
3934036
3934165
3934323
3934329
3934523
3934773
3935038
3935303
3935437
3935737
3936132
3936393
3936784
3937206
3937535
3937911
3938161
3938291
3938536
3938747
3939022
3939330
3939682
3940456
3940704
3941216
3941319
3941445
3941578
3941816
3942222
3942822
3943092
3943343
3943596
3943846
3944361
3944744
3945364
3945510
3945672
3945816
3945902
3946187
3946326
3946459
3946588
3946839
3947025
3947417
3947662
3948039
3948783
3949029
3949273
3949515
3949740
3950281
3950546
3950832
3951250
3951390
3951529
3951780
3952040
3952447
3952638
3952920
3953242
3953976
3954220
3954639
3954882
3955344
3955590
3955771
3955898
3956231
3956421
3956680
3956925
3957179
3957358
3957365
3957802
3958324
3958463
3958601
3958722
3958965
3959160
3959288
3959535
3959810
3960171
3960598
3960731
3961070
3961310
3961725
3961961
3962445
3962580
3962968
3963118
3963453
3963697
3963978
3964253
3965497
3965655
3965779
3966054
3966591
3966897
3967150
3967550
3967800
3967949
3968077
3968214
3968483
3968609
3968725
3968913
3969276
3969412
3969651
3969796
3970129
3970545
3970679
3970826
3971039
3971324
3971568
3971814
3972207
3972208
3972539
3973057
3973419
3973779
3974201
3974442
3974691
3975008
3975413
3975561
3975865
3976098
3976382
3977101
3977347
3977603
3977894
3978141
3978387
3978844
3978917
3979116
3979267
3979382
3979620
3979674
3979797
3979916
3980022
3980042
3980070
3980215
3980375
3980487
3980733
3981079
3981327
3981565
3981956
3982060
3982190
3982293
3982755
3983029
3983241
3983638
3983805
3984035
3984106
3984132
3984507
3984575
3984691
3984913
3985112
3985475
3985592
3985750
3985858
3985933
3986043
3986164
3986262
3986384
3986641
3986785
3987017
3987115
3987372
3987615
3987867
3988080
3988195
3988275
3988501
3988613
3988910
3989071
3989425
3989863
3989977
3990382
3990678
3990792
3990919
3991021
3991124
3991184
3991238
3991476
3991695
3991860
3991866
3992127
3992525
3992714
3992988
3993113
3993380
3993609
3993638
3993909
3994120
3994200
3996349
3996485
3996613
3996746
3996852
3996925
3996981
3997090
3997147
3997273
3997401
3997555
3997813
3998078
3998208
3998461
3998706
3998941
3999305
3999438
3999539
3999742
3999860
4000009
4000159
4000483
4000822
4000938
4001048
4001302
4001599
4001898
4002037
4002256
4002396
4002507
4002651
4002667
4002908
4003013
4003118
4003374
4003626
4003890
4004111
4004208
4004313
4004430
4004515
4004634
4004717
4004910
4005336
4005532
4005876
4006105
4006197
4006455
4006695
4006793
4007052
4007366
4007874
4007981
4008232
4008446
4009352
4009454
4009770
4010034
4010222
4010323
4010581
4010838
4011076
4011179
4011448
4011550
4011636
4011728
4011825
4012055
4012177
4012464
4012612
4013186
4013519
4013764
4013860
4014528
4014883
4015131
4015322
4015593
4015837
4016036
4016146
4016397
4016523
4017003
4017110
4017230
4017476
4017624
4017889
4017999
4018306
4018560
4018657
4019292
4019518
4019760
4020013
4020170
4020203
4020235
4020266
4020291
4020457
4020609
4020726
4020910
4021067
4021106
4021210
4021478
4021915
4023036
4023390
4023852
4024109
4024352
4024592
4024989
4025336
4025582
4025651
4028034
4028279
4028561
4028682
4029173
4029527
4029798
4029969
4030302
4030456
4030710
4031233
4031444
4031729
4031960
4032212
4032451
4032971
4033250
4033890
4034139
4034545
4034996
4035189
4035443
4035983
4036317
4036748
4037021
4037274
4037782
4038022
4038408
4039015
4039186
4039390
4039631
4039932
4040267
4040449
4040613
4040765
4040934
4041011
4041038
4041193
4041482
4041553
4041559
4041825
4041845
4042076
4042474
4042733
4043009
4043371
4044118
4044201
4044548
4044971
4045311
4045738
4045992
4046408
4047034
4047562
4048003
4048176
4048422
4048707
4048858
4049219
4050225
4050475
4050741
4050932
4051231
4051339
4051865
4051871
4052194
4052407
4052898
4053238
4053401
4053556
4053816
4053990
4054495
4054668
4054824
4055104
4055358
4055522
4055892
4056075
4056425
4056602
4056815
4057160
4057325
4057594
4057819
4057979
4058136
4058383
4058527
4058754
4059060
4059301
4059441
4059682
4059933
4060247
4060387
4060518
4060764
4060902
4061064
4061199
4061327
4061644
4062498
4062584
4062716
4063218
4063371
4063400
4063683
4063931
4064380
4064540
4064817
4065132
4065432
4065568
4065911
4066059
4066194
4066323
4066449
4066736
4067115
4067367
4067771
4067920
4068151
4068403
4068654
4068885
4069131
4069267
4069518
4069612
4070191
4070575
4071064
4071318
4071619
4071766
4071874
4072046
4072300
4072442
4072669
4073038
4073172
4073428
4073528
4075495
4075627
4075757
4075998
4076185
4076844
4077082
4077263
4078041
4078272
4078385
4078634
4078717
4078800
4079386
4079490
4079746
4079862
4079910
4080155
4080405
4080770
4080980
4081228
4081468
4081655
4081675
4081688
4081793
4081801
4082389
4082517
4082759
4083305
4083978
4084109
4084371
4084453
4084715
4084827
4084884
4084991
4085223
4085741
4085969
4086224
4086432
4086676
4086877
4086980
4087224
4087463
4087490
4087732
4087949
4088074
4088264
4088437
4088678
4088942
4088976
4089003
4089224
4089470
4089828
4089942
4090085
4090327
4090434
4090599
4090709
4090945
4091062
4091181
4091589
4091743
4091863
4092544
4093196
4093923
4094176
4094297
4094660
4094861
4095157
4095272
4095389
4095630
4095954
4096397
4096512
4096552
4096761
4096839
4097085
4097350
4097680
4097807
4097963
4098206
4098514
4099141
4099366
4099785
4099953
4100056
4100513
4100812
4100934
4101040
4101305
4101698
4101969
4102091
4102249
4102383
4102508
4103149
4103205
4103318
4103396
4103513
4103567
4103690
4103826
4103937
4104122
4104159
4104411
4104523
4104773
4104890
4105130
4105228
4105396
4105502
4105562
4105596
4105765
4105854
4106136
4106447
4106618
4106864
4107060
4107267
4107291
4107760
4108238
4108349
4108595
4108777
4109007
4109349
4109625
4109871
4110125
4110616
4110864
4110958
4111074
4111172
4111284
4112002
4112045
4113019
4113622
4113873
4114054
4114171
4114453
4114691
4114799
4114904
4115193
4115303
4115402
4115504
4115702
4116032
4116143
4116249
4116298
4116382
4116483
4116696
4116787
4116884
4117270
4117518
4117633
4117745
4118199
4118888
4119072
4119298
4119404
4119625
4119718
4119820
4119928
4120083
4120187
4120566
4121160
4121385
4121832
4122299
4122548
4122793
4123212
4123482
4123644
4123849
4124005
4124185
4124331
4124496
4124530
4124712
4126461
4126848
4127104
4127325
4127657
4127908
4128585
4129050
4129255
4129411
4129556
4129688
4129846
4130037
4130187
4130330
4130708
4130963
4131674
4131913
4132149
4132280
4132414
4132557
4132695
4132958
4133130
4134182
4134536
4134829
4135172
4135477
4135820
4136065
4136312
4136575
4136828
4137068
4137340
4137658
4137909
4138059
4138268
4138684
4139068
4139709
4140087
4140388
4140516
4140770
4140910
4141091
4141344
4141515
4142053
4142303
4142606
4142879
4143294
4143537
4143806
4143994
4144107
4144368
4144583
4144836
4145341
4145568
4145707
4145843
4145990
4146216
4146479
4146721
4146944
4147293
4147548
4147802
4148330
4148697
4148944
4149150
4149677
4150315
4150903
4151340
4151527
4151608
4151984
4152224
4152362
4152617
4152749
4152885
4153127
4153450
4153689
4153900
4154154
4154285
4154465
4154573
4154820
4154944
4155237
4155484
4155727
4156026
4156197
4156309
4156482
4156687
4156953
4157297
4157490
4157587
4157700
4157953
4158233
4158471
4158720
4159145
4159328
4159436
4159553
4159684
4159822
4159932
4160038
4160280
4160522
4160706
4161083
4161119
4161347
4161808
4161926
4162032
4162380
4162640
4162942
4163040
4163133
4163229
4163335
4163621
4163991
4164103
4164318
4164551
4164654
4165088
4165364
4165596
4165707
4165954
4166177
4166445
4166678
4167099
4167322
4167423
4167524
4167615
4167845
4168073
4168313
4168694
4169055
4169292
4169389
4169490
4169571
4170062
4170281
4170432
4170693
4170905
4171455
4171668
4171916
4172010
4172109
3683181
3683217
3683400
3683481
3683575
3684884
3685049
3685200
3685392
3685496
3685695
3685860
3686128
3686217
3686347
3686873
3686996
3687086
3687126
3687212
3687572
3687666
3687774
3687856
3687936
3688377
3688487
3688552
3688721
3688996
3689087
3689182
3689269
3689882
3690088
3690267
3690377
3690465
3690547
3690803
3690997
3691118
3691287
3691390
3691481
3691560
3691736
3691906
3692537
3692715
3692829
3692929
3693121
3693332
3693450
3693539
3693622
3693660
3693739
3693817
3693868
3693952
3694199
3694475
3694568
3694607
3695066
3695215
3695295
3695401
3695572
3695768
3695943
3696092
3696178
3696275
3696430
3696516
3696568
3696578
3696661
3696729
3696937
3697020
3697466
3697659
3697800
3698215
3698352
3698460
3698479
3698596
3698611
3698650
3698680
3698693
3698721
3698916
3699118
3699251
3699712
3699815
3699905
3699986
3700070
3700165
3700177
3700273
3700367
3700544
3700700
3701071
3701170
3701202
3701294
3701346
3701435
3701526
3701700
3701735
3701838
3701997
3702109
3702153
3702511
3702602
3702665
3702763
3702970
3703067
3703088
3703283
3703393
3703577
3703871
3704074
3704195
3704292
3704403
3704494
3705059
3705154
3705259
3705347
3705449
3705484
3705582
3705670
3705762
3705863
3705958
3706052
3706159
3706266
3706363
3706461
3706659
3706786
3706878
3707269
3707477
3707646
3707807
3708010
3708209
3708343
3708561
3708822
3709136
3709595
3709701
3710027
3710136
3710190
3710298
3710399
3710530
3710640
3711024
3711227
3711656
3711765
3712013
3712098
3712326
3712349
3712666
3712761
3712959
3713027
3713120
3713208
3713259
3713353
3713452
3713921
3714027
3714101
3714113
3714178
3714574
3714744
3715120
3715533
3715648
3715761
3715859
3715952
3716157
3716254
3716601
3717164
3717417
3717615
3717784
3717993
3718335
3718534
3718724
3718998
3719240
3719628
3719835
3719868
3720029
3720344
3720937
3721180
3721413
3721519
3721755
3722310
3724567
3724691
3724828
3724954
3725076
3725137
3725253
3725375
3725494
3725551
3725654
3725773
3725891
3726008
3726131
3726247
3726567
3726815
3727059
3727219
3727643
3728330
3728546
3728661
3728918
3729288
3729433
3729684
3729815
3730082
3730208
3730326
3730423
3730562
3730685
3730744
3730880
3731132
3731282
3731396
3731596
3731851
3732113
3732379
3732575
3732734
3732868
3732993
3733123
3733247
3733373
3733493
3733613
3733738
3733858
3733999
3734116
3734225
3734307
3734412
3735024
3735273
3735405
3735659
3736194
3736621
3736953
3737203
3737669
3737785
3738174
3738408
3738621
3738851
3739139
3739515
3739767
3740000
3740550
3740913
3741092
3741285
3741372
3741597
3741801
3741871
3741959
3742129
3742807
3743062
3743322
3743711
3744314
3744599
3744853
3745445
3745704
3745958
3746242
3746504
3746886
3747225
3747336
3747441
3747569
3747685
3748364
3748635
3748745
3748860
3749318
3749597
3750020
3750989
3751253
3751508
3751761
3751883
3752010
3752132
3752140
3752398
3752608
3752884
3753165
3753793
3753911
3754045
3754171
3754284
3754494
3754663
3754792
3754907
3755023
3755200
3755344
3755475
3757516
3757888
3758138
3758436
3758686
3758880
3759126
3759470
3759658
3759927
3760931
3761263
3761495
3761735
3761998
3762236
3762691
3762965
3763198
3763585
3763747
3763777
3763800
3764147
3764496
3764750
3764874
3765123
3765338
3765586
3765803
3765917
3766041
3766262
3766638
3767027
3767438
3767873
3768133
3768227
3768503
3768636
3768786
3769029
3769150
3769222
3769356
3769599
3769829
3769956
3770438
3770685
3770934
3771184
3772017
3772197
3772500
3772628
3772751
3772859
3772951
3773076
3773200
3773327
3773460
3773606
3773736
3773848
3773964
3774155
3774237
3774260
3774273
3774278
3774341
3774780
3774931
3775046
3775157
3775231
3775355
3775617
3775845
3775959
3776065
3776169
3776295
3776768
3776897
3777187
3777579
3777712
3777834
3777932
3778009
3778235
3778411
3778539
3779134
3779436
3779670
3780052
3780467
3780704
3780819
3780933
3781364
3781550
3781887
3782381
3782637
3782799
3783046
3783288
3783409
3783605
3783803
3784037
3784151
3784365
3784500
3784733
3784804
3784975
3785224
3785422
3785738
3785888
3785984
3786110
3786687
3787115
3787368
3787603
3787788
3788150
3788287
3788412
3788552
3788695
3788887
3789182
3789382
3789741
3789850
3790101
3790148
3790524
3790655
3790897
3791209
3791461
3791726
3791997
3792418
3793872
3794124
3794264
3794598
3795215
3795542
3795684
3796603
3797055
3797304
3797447
3797979
3798240
3798409
3798750
3799111
3799346
3799594
3799731
3799854
3800109
3800339
3800542
3800879
3801316
3801571
3801828
3802383
3802603
3802842
3803702
3803987
3804281
3804644
3804975
3805066
3805219
3805283
3805411
3805718
3805914
3806201
3806467
3806840
3807129
3807352
3807603
3807849
3808097
3808234
3808353
3808467
3808683
3808819
3809060
3809455
3809705
3809942
3810109
3810232
3810494
3810541
3810582
3810837
3811065
3811185
3811318
3811585
3811730
3811982
3812598
3812970
3813225
3813878
3814138
3814568
3816353
3816619
3816822
3817075
3817203
3817410
3817719
3817966
3818213
3818421
3818745
3818870
3819119
3819266
3819393
3819416
3819672
3819715
3819832
3820236
3820368
3820614
3820812
3820947
3821012
3821258
3821339
3821592
3821864
3822117
3822379
3822529
3822735
3822870
3823083
3823184
3823370
3823621
3824468
3824635
3824679
3824926
3825018
3825282
3825531
3825900
3826156
3826386
3826444
3826701
3826882
3827071
3827173
3827421
3827549
3827673
3827827
3828032
3828146
3828244
3829007
3829255
3829724
3829993
3830242
3830413
3830913
3831063
3831197
3831223
3831468
3831702
3831890
3831964
3832204
3832633
3832858
3833372
3834282
3834472
3834707
3835139
3835352
3835722
3836243
3836639
3836889
3837076
3837169
3837319
3837458
3837486
3837730
3837933
3838136
3838275
3838556
3838820
3838953
3839214
3839325
3839544
3839726
3839855
3840007
3840133
3840301
3840324
3840357
3840478
3840589
3840661
3840779
3840968
3841982
3842100
3842219
3842356
3842513
3842632
3842730
3842767
3842781
3842898
3843004
3843259
3843505
3843775
3844062
3844193
3844739
3845021
3845437
3845929
3846184
3846435
3846684
3847038
3847431
3847767
3847982
3848053
3848219
3848434
3848592
3848811
3849062
3849212
3849619
3849736
3849843
3850107
3850488
3850672
3850896
3851017
3851286
3851653
3851776
3852027
3852420
3852626
3852898
3853017
3853410
3853589
3853823
3853943
3854216
3854464
3854716
3854911
3855164
3855282
3855503
3855755
3856280
3856666
3856824
3856939
3857197
3857308
3857435
3857854
3858134
3858261
3858424
3858758
3858963
3859251
3859590
3859875
3860124
3860287
3860436
3860544
3860659
3860752
3860858
3861088
3861171
3861283
3861699
3861946
3862294
3862486
3862806
3863059
3863248
3863355
3863476
3863741
3863948
3864129
3864392
3864502
3864615
3864783
3865116
3865363
3865594
3865843
3865956
3866133
3866381
3866617
3866837
3866968
3867362
3867441
3867636
3867754
3868083
3868271
3868392
3868446
3868727
3868844
3869002
3869610
3869855
3870043
3870301
3870547
3870836
3870985
3871243
3871371
3871502
3871708
3871939
3872179
3872319
3872428
3872676
3872934
3873149
3873395
3873636
3873878
3874185
3874439
3874561
3874818
3874944
3875356
3875661
3875778
3876547
3876732
3876829
3876862
3876894
3877150
3877390
3877568
3877899
3878584
3879058
3879311
3879604
3879792
3880360
3880556
3880799
3880996
3881133
3881292
3881474
3881609
3881871
3882327
3882569
3882692
3882918
3883140
3883374
3883663
3883934
3884319
3884446
3884587
3884710
3884882
3885032
3885155
3885278
3885387
3885511
3885691
3885817
3885966
3886085
3886456
3886704
3886947
3887194
3887542
3887785
3888341
3888638
3890028
3890282
3890527
3890787
3891054
3891295
3891545
3891884
3892106
3892577
3892864
3893114
3893336
3893567
3893690
3893809
3894048
3894311
3894788
3895017
3895154
3895444
3896334
3896505
3896619
3896729
3896837
3897042
3898427
3898725
3898840
3899093
3899414
3899578
3900375
3900511
3900761
3901012
3901395
3901639
3902193
3902617
3902794
3903050
3903550
3903751
3903976
3904140
3904383
3904501
3904710
3904934
3905198
3905458
3905590
3905780
3906030
3906321
3906585
3906907
3907351
3907893
3908024
3908274
3908435
3908591
3909180
3909320
3909660
3909839
3910164
3910393
3910677
3910942
3911191
3911304
3911444
3911571
3912024
3912153
3912709
3913001
3913266
3913395
3913757
3913897
3914037
3914154
3914467
3914965
3915095
3915229
3915550
3915678
3917115
3917250
3917382
3917485
3917620
3917753
3917801
3917910
3918072
3918103
3918347
3918602
3918852
3918982
3919132
3919380
3919506
3919633
3919877
3920030
3920228
3920464
3920714
3920868
3921070
3921284
3921625
3921652
3921768
3921898
3922235
3922606
3922857
3922960
3923017
3923038
3923058
3923301
3923514
3923842
3924057
3924375
3925851
3926102
3926283
3926518
3926765
3926923
3927121
3927364
3927572
3927924
3928094
3928369
3928606
3928727
3928851
3929093
3929312
3929439
3929566
3929689
3929803
3929894
3930326
3930534
3930869
3931351
3931723
3932089
3932488
3932866
3932980
3933099
3933221
3933447
3933650
3933868
3933981
3934094
3934214
3934272
3934407
3934462
3934749
3934979
3935267
3935408
3935705
3936037
3936145
3936344
3936391
3936725
3936974
3937152
3937479
3937534
3937854
3938104
3938230
3938466
3938579
3938822
3939045
3939278
3939631
3939758
3940100
3940296
3940420
3940660
3941168
3941269
3941394
3941519
3941763
3942166
3942768
3943027
3943266
3943527
3943767
3944319
3945305
3945456
3945615
3945755
3945844
3945983
3946137
3946272
3946416
3946525
3946638
3946882
3947111
3947366
3947603
3947976
3948230
3948723
3948971
3949215
3949459
3949688
3949821
3949951
3950163
3950373
3950567
3950780
3951192
3951326
3951464
3951608
3951824
3951996
3952411
3952608
3952891
3953186
3953925
3954169
3954582
3954973
3955289
3955474
3955715
3955846
3956038
3956180
3956354
3956629
3956878
3957111
3957301
3957434
3957873
3958262
3958403
3958530
3958663
3958876
3959238
3959479
3959586
3959818
3960179
3960606
3960737
3961079
3961318
3961734
3961969
3962208
3962464
3962714
3962977
3963105
3963462
3963705
3963987
3964261
3964507
3964749
3964997
3965278
3965508
3965785
3965983
3966245
3966600
3966893
3967157
3967560
3967809
3967945
3968084
3968240
3968547
3968732
3968922
3969283
3969420
3969660
3969804
3970137
3970550
3970686
3970828
3971041
3971331
3971574
3971820
3972052
3972543
3972794
3973005
3973135
3973725
3974208
3974450
3974704
3975013
3975416
3975569
3975850
3976099
3976383
3976631
3976767
3976941
3977188
3977463
3977790
3978040
3978308
3978550
3978733
3979011
3980624
3980873
3981052
3981232
3981472
3981703
3981830
3982306
3982534
3982678
3982929
3983173
3983399
3983543
3983900
3984197
3984305
3984807
3985053
3985277
3985416
3986546
3986943
3987207
3987459
3987702
3988024
3988351
3988695
3990190
3990233
3990493
3991306
3991537
3991764
3991943
3992210
3992359
3992603
3992827
3993198
3993471
3993616
3993658
3993883
3994292
3994450
3994599
3994650
3994803
3994879
3995023
3995170
3995341
3995473
3995705
3995835
3995884
3996032
3996180
3997584
3997843
3998239
3998492
3998741
3998953
3999079
3999573
4000313
4000595
4001074
4001328
4001384
4001626
4001688
4002046
4002696
4003150
4003402
4003652
4003896
4004940
4005119
4005371
4005565
4005763
4006062
4006279
4006488
4006831
4007132
4007390
4007604
4007771
4008013
4008258
4008478
4008722
4008955
4009531
4009692
4009800
4010135
4010353
4010611
4010869
4011205
4011423
4011848
4012088
4012208
4012220
4012235
4012482
4012643
4012800
4012842
4012993
4013214
4013552
4013892
4014050
4014201
4014635
4014787
4014968
4015413
4015666
4015912
4016250
4016604
4016810
4017316
4017758
4018145
4018382
4019279
4019505
4019759
4020011
4020169
4020194
4020219
4020256
4020410
4020543
4020711
4020896
4021062
4021285
4021466
4021901
4023022
4023376
4023462
4023840
4024094
4024340
4024481
4024977
4025323
4025566
4025650
4028035
4028344
4028666
4029158
4029511
4029768
4029965
4030289
4030444
4030699
4031220
4031441
4031726
4032033
4032196
4032438
4032954
4033586
4033875
4034124
4034527
4034779
4035171
4035425
4035966
4036301
4036732
4037003
4037255
4037680
4037945
4038367
4038996
4039169
4039371
4039614
4039913
4040148
4040251
4040431
4040595
4040749
4040920
4041010
4041110
4041270
4041466
4041629
4041807
4042059
4042454
4042724
4043002
4043354
4044100
4044357
4044776
4045097
4045289
4045720
4046069
4046393
4047017
4047547
4047986
4048161
4048407
4048691
4048842
4049204
4050248
4050496
4051112
4051254
4051354
4051891
4052219
4052433
4052922
4053263
4053482
4053739
4054012
4054521
4054694
4054850
4055128
4055383
4055549
4055796
4056079
4056450
4056592
4056837
4057084
4057350
4057622
4057847
4058006
4058166
4058394
4058551
4058783
4059090
4059337
4059479
4059871
4060090
4060274
4060416
4060541
4060767
4060907
4061090
4061226
4061355
4061482
4061781
4062317
4062612
4062868
4063247
4063401
4063710
4063956
4064407
4064568
4064846
4065189
4065462
4065589
4065935
4066084
4066214
4066347
4066474
4066760
4067139
4067390
4067796
4067946
4068174
4068429
4068676
4068905
4069156
4069289
4069542
4069634
4070217
4070601
4071090
4071344
4071628
4071792
4072074
4072326
4072464
4072699
4073069
4073613
4073743
4073822
4073960
4074092
4074229
4074373
4074557
4074707
4074826
4074951
4075121
4075292
4075407
4075850
4076035
4076215
4076462
4077235
4077467
4077734
4077962
4078222
4078337
4078577
4078693
4078830
4078962
4079158
4079416
4079514
4079780
4079939
4080184
4080442
4080724
4081006
4081254
4081492
4081678
4081824
4082423
4082568
4083176
4083551
4084068
4084314
4084489
4084754
4084862
4084971
4085261
4085779
4086194
4086401
4086521
4086820
4086909
4087176
4087394
4087524
4087763
4087974
4088105
4088301
4088467
4088708
4088823
4088932
4089008
4089257
4089503
4089863
4089981
4090226
4090378
4090627
4090739
4090977
4091093
4091214
4091593
4091745
4091823
4092071
4092576
4093230
4093957
4094213
4094330
4094694
4094897
4095191
4095306
4095423
4095667
4095988
4096433
4096538
4096754
4097109
4097429
4097622
4098057
4098322
4098447
4098659
4098796
4098917
4099040
4099288
4099724
4099903
4100072
4100562
4100863
4100982
4100990
4101112
4101391
4101746
4102017
4102305
4102433
4102559
4102698
4102816
4102940
4103060
4103168
4103537
4103661
4103732
4103844
4103959
4104069
4104190
4104442
4104554
4104813
4104929
4105482
4105568
4105597
4106141
4106448
4106619
4106650
4106990
4107244
4107356
4107800
4108281
4108389
4108635
4108826
4109303
4109669
4109914
4110160
4110653
4110909
4111129
4111247
4112810
4113654
4113902
4114097
4114210
4114500
4114736
4114844
4115148
4115265
4115378
4115466
4115740
4116086
4116196
4116322
4116420
4116672
4116823
4117024
4117297
4117586
4117681
4117787
4118264
4119041
4119335
4119446
4119664
4119773
4119879
4120126
4120454
4120648
4120842
4120934
4121277
4121773
4122239
4122485
4122722
4122952
4123279
4123426
4123584
4123733
4123791
4123940
4124123
4124269
4124378
4124598
4126314
4126603
4126786
4127044
4127266
4127427
4127804
4128519
4128760
4128991
4129146
4129301
4129459
4129619
4129770
4129917
4129973
4130117
4130266
4130642
4130891
4131605
4131855
4132092
4132223
4132366
4132506
4132643
4132780
4133018
4134126
4134472
4134767
4135109
4135415
4135761
4136007
4136257
4136571
4136821
4137054
4137335
4137613
4138566
4138727
4138732
4138840
4139014
4139654
4139898
4140140
4140398
4140478
4140719
4140904
4141076
4141316
4141468
4141999
4142251
4142551
4142828
4143241
4143488
4143721
4143842
4143974
4144138
4144367
4144530
4144783
4145288
4145519
4145655
4145794
4145933
4146069
4146237
4146556
4146849
4147243
4147496
4147750
4148276
4148597
4148844
4148876
4148899
4149637
4149827
4149966
4150098
4150353
4150467
4150510
4150634
4150714
4150937
4151111
4151242
4151642
4152002
4152389
4152899
4153215
4153470
4153937
4154595
4154989
4155262
4155510
4155855
4156096
4156103
4156567
4156742
4157045
4157189
4157755
4158000
4158136
4158378
4158610
4158829
4158959
4159231
4160106
4160314
4160551
4160740
4162400
4162461
4162721
4162853
4163369
4163506
4163732
4163878
4164126
4164351
4164687
4164882
4165123
4165250
4165383
4165527
4165770
4166003
4166249
4166382
4166610
4166768
4166781
4166860
4166990
4167214
4167724
4167952
4168176
4168366
4168485
4168790
4168868
4169086
4169588
4169702
4169817
4169913
4170150
4170448
4170667
4170897
4171112
4171280
4171525
4171731
4172140
4172325
4172847
4173079
4173153
4173468
4173685
4173906
3683340
3683654
3683748
3683838
3683932
3684061
3684152
3684269
3684410
3684509
3684605
3684696
3684795
3685008
3685130
3685305
3685606
3685824
3686000
3686082
3686306
3686480
3686567
3686665
3686779
3687332
3687448
3687534
3687990
3688138
3688221
3688319
3688466
3688520
3688567
3688880
3688974
3689378
3689489
3689582
3689668
3689848
3689980
3690219
3690412
3690704
3690788
3690971
3691182
3691631
3691827
3691981
3692062
3692182
3692263
3692341
3692451
3692667
3693060
3693211
3693295
3694036
3694168
3694258
3694284
3694322
3694387
3694749
3694859
3694964
3695052
3695515
3695716
3695868
3696865
3697166
3697301
3697409
3697607
3697942
3698052
3698176
3698810
3699086
3699393
3699584
3700443
3700663
3701709
3701974
3702308
3702845
3703247
3703546
3703719
3703832
3704046
3704171
3704377
3704604
3705121
3705227
3705328
3705434
3705563
3705660
3705758
3705858
3705950
3706139
3706249
3706351
3706451
3706679
3706868
3707347
3708319
3708430
3708763
3709227
3709688
3710182
3710274
3710387
3710616
3711012
3711249
3711749
3712030
3712166
3712436
3712515
3712747
3713013
3713109
3713199
3713310
3713433
3714008
3714168
3714200
3714557
3714809
3715183
3715595
3715717
3715836
3715978
3716208
3716647
3717229
3717235
3717666
3718016
3718380
3718573
3718779
3719061
3719301
3719687
3719933
3720379
3721008
3721287
3721478
3721582
3721819
3722045
3722267
3722504
3722690
3722912
3723131
3723582
3724035
3724148
3724463
3724631
3724655
3724778
3724902
3725027
3725204
3725326
3725444
3725606
3725725
3725843
3725959
3726072
3726200
3726633
3726882
3727149
3727282
3727710
3728400
3728619
3728748
3728983
3729304
3729450
3729702
3729832
3730101
3730225
3730345
3730567
3730689
3730831
3730949
3731179
3731295
3731412
3731449
3731608
3731866
3732128
3732394
3732589
3732747
3732884
3733008
3733141
3733266
3733387
3733509
3733628
3733752
3733794
3733947
3734013
3734129
3734240
3734353
3734984
3735104
3735288
3735414
3735670
3736206
3736629
3736963
3737323
3737609
3737721
3738113
3738342
3738562
3738572
3738791
3739072
3739454
3739703
3739991
3740486
3740991
3741392
3742745
3743002
3743258
3743650
3744184
3744535
3744829
3745383
3745638
3745892
3746176
3746441
3746823
3747157
3747343
3747444
3747566
3747676
3747890
3748089
3748243
3748343
3748447
3748674
3748786
3749070
3749479
3749873
3749989
3750286
3750921
3751186
3751440
3751692
3751815
3751942
3752055
3752305
3752424
3752597
3752878
3753143
3753753
3753809
3754005
3754134
3754249
3754360
3754463
3754470
3754484
3754595
3754756
3754873
3754990
3755102
3755213
3755305
3755442
3757476
3757849
3758098
3758395
3758595
3758841
3759096
3759199
3759436
3759622
3759895
3760143
3760251
3760460
3760661
3760998
3761245
3761820
3761962
3762198
3762426
3762656
3762926
3763161
3763544
3763671
3763771
3763795
3764138
3764454
3764704
3764833
3765085
3765292
3765540
3765813
3765938
3766065
3766303
3766677
3767062
3767913
3768173
3768542
3768669
3768804
3769051
3769155
3769236
3769355
3769372
3769631
3769859
3769984
3770475
3770715
3770969
3771217
3771570
3772233
3772536
3772661
3772785
3772986
3773115
3773237
3773365
3773501
3773644
3773770
3773920
3774040
3774184
3774246
3774266
3774293
3774424
3774816
3774967
3775081
3775189
3775313
3775564
3775916
3776016
3776105
3776198
3776441
3776783
3776905
3777147
3777543
3777661
3777774
3777887
3777894
3777978
3778352
3778478
3778584
3779100
3779400
3779635
3780016
3780248
3780420
3780666
3781131
3781331
3781520
3781850
3782345
3782601
3782764
3782880
3783124
3783504
3783769
3783921
3784173
3784330
3784428
3784467
3784701
3784794
3784817
3785119
3785258
3785393
3785709
3785861
3786059
3786061
3786082
3786233
3786474
3786584
3786844
3786948
3786959
3787203
3787412
3787422
3787823
3787984
3789035
3789899
3790161
3790278
3790393
3790705
3790913
3790972
3791229
3791487
3791746
3791866
3792039
3792149
3792315
3792863
3792979
3793091
3793190
3793259
3793359
3793466
3793557
3793655
3793756
3793995
3794290
3794404
3794631
3794799
3794904
3795075
3795218
3795331
3795729
3795849
3795946
3796048
3796377
3796498
3796703
3796865
3797122
3797533
3797737
3797847
3798197
3798506
3798641
3798864
3798999
3799431
3800047
3800153
3800601
3800815
3801093
3801375
3801660
3801912
3802027
3802110
3802226
3802475
3802716
3803065
3803149
3803395
3803587
3803840
3804041
3804116
3804246
3804495
3804674
3805565
3805570
3805807
3806041
3806401
3806637
3807053
3807442
3807689
3807936
3808546
3808911
3809126
3809276
3809541
3809791
3810403
3810586
3810746
3811416
3811820
3812074
3812315
3812443
3812685
3812815
3813064
3813305
3813430
3813569
3813715
3813970
3814219
3814459
3814581
3816392
3816684
3816889
3817140
3817259
3817469
3817785
3818035
3818283
3818690
3818939
3819321
3819487
3819753
3819779
3820228
3820365
3820437
3820687
3820880
3821071
3821362
3821678
3822049
3822294
3822588
3822793
3822929
3823282
3823526
3823802
3824175
3824287
3824352
3824844
3825019
3825278
3825504
3825757
3825815
3826069
3826317
3826600
3826814
3827053
3827390
3827531
3827742
3828324
3828449
3828539
3828896
3829138
3829186
3829439
3829606
3829711
3829890
3830154
3830337
3830558
3830667
3831048
3831383
3831631
3832309
3832772
3832967
3833087
3833199
3833416
3833538
3833654
3833760
3833861
3833969
3834079
3834179
3834393
3834664
3834868
3834972
3835054
3835300
3835525
3835575
3836084
3836209
3836469
3836574
3836821
3837028
3838899
3839133
3839244
3839293
3839508
3839689
3839808
3839923
3839981
3840097
3840221
3840277
3840394
3840554
3840743
3840859
3840966
3841945
3842068
3842186
3842298
3842411
3842476
3842599
3842714
3842746
3842757
3842770
3842811
3842835
3842965
3843219
3843466
3843718
3843894
3844696
3845094
3845457
3845950
3846207
3846528
3846740
3847060
3847453
3847792
3848007
3848059
3848217
3848436
3848833
3849089
3849236
3849644
3849758
3849870
3850129
3850509
3850693
3850919
3851043
3851311
3851676
3851796
3852053
3852446
3852653
3852923
3853041
3853434
3853608
3853851
3853961
3854235
3854484
3854738
3854932
3855183
3855306
3855673
3855917
3856692
3856848
3856965
3857221
3857333
3857478
3857881
3858160
3858271
3858434
3858768
3858972
3859264
3859603
3859888
3860152
3860313
3860451
3860574
3860578
3860776
3860880
3861001
3861116
3861236
3861351
3861765
3862010
3862357
3862552
3862868
3863120
3863303
3863416
3863548
3863802
3864165
3864603
3864845
3865162
3865412
3865653
3865907
3866197
3866471
3866681
3866893
3867137
3867431
3867704
3867818
3867932
3868143
3868354
3868493
3868619
3868977
3869217
3869665
3869914
3870097
3870354
3870598
3870880
3870973
3871162
3871422
3871551
3871721
3871954
3872221
3872373
3872482
3872732
3872987
3873217
3873605
3873857
3874216
3874749
3874877
3875002
3875416
3875722
3875954
3876602
3876844
3876880
3877149
3877399
3877593
3877960
3878651
3879118
3879368
3879369
3879662
3880419
3880615
3880858
3881177
3881344
3881505
3881638
3881890
3882374
3882631
3882860
3882977
3883196
3883513
3883995
3884245
3886286
3886535
3886781
3887032
3887293
3887440
3887692
3887929
3888063
3888203
3888497
3888774
3888919
3889035
3889148
3889237
3889354
3889518
3889680
3889800
3889922
3890154
3890403
3890667
3890928
3891181
3891429
3891687
3891956
3892210
3892451
3892744
3892995
3893479
3893996
3894247
3894431
3894539
3894678
3895488
3895650
3895780
3895915
3896147
3896390
3897119
3897330
3897466
3897592
3897722
3897856
3897961
3898100
3898229
3898484
3898916
3899157
3899283
3899497
3899720
3899845
3899927
3900064
3900195
3900587
3900837
3901090
3901214
3901453
3901687
3901819
3901934
3902017
3902319
3902471
3902568
3902929
3903176
3903301
3903398
3903653
3903778
3904245
3904582
3904756
3905031
3905872
3906078
3906497
3906625
3906871
3907148
3907427
3907621
3907744
3908107
3908505
3908773
3908903
3909026
3909153
3909423
3909545
3909970
3910084
3910426
3910627
3910866
3911046
3911774
3911961
3912280
3912392
3912504
3912611
3912831
3912939
3913188
3913459
3913691
3914302
3914436
3914671
3914809
3914924
3915358
3915467
3915839
3915956
3916014
3916129
3916255
3916374
3916531
3916647
3916758
3916809
3916924
3917027
3918266
3918519
3918764
3919171
3919586
3919729
3919989
3920265
3920554
3920942
3921341
3921713
3921860
3922269
3922676
3922923
3923014
3923039
3923455
3923930
3924176
3924462
3925946
3926192
3926494
3926747
3926956
3927213
3927637
3928018
3928451
3928688
3928814
3928941
3929183
3929399
3929519
3929651
3929773
3929986
3930417
3930857
3930974
3931452
3931816
3932187
3932585
3932961
3933046
3933170
3933440
3933690
3933950
3934064
3934194
3934357
3934565
3934812
3935054
3935348
3935772
3936107
3936424
3936823
3937245
3937573
3937946
3938195
3938328
3938570
3938848
3939120
3939370
3939720
3939954
3940190
3940387
3940642
3941231
3941354
3941497
3941843
3942250
3942860
3943122
3943384
3943638
3943881
3944403
3944786
3945405
3945562
3945711
3945940
3946227
3946372
3946500
3946663
3946972
3947210
3947455
3947700
3948075
3948308
3948871
3949072
3949186
3949389
3949565
3949971
3950206
3950491
3950499
3950709
3950910
3950973
3951087
3951603
3951852
3952099
3952217
3952329
3952515
3952650
3952767
3953021
3953136
3953371
3953454
3953567
3953638
3953750
3953795
3954045
3954237
3954353
3954459
3954732
3954981
3955094
3955201
3955436
3955655
3955984
3956056
3956493
3956742
3956986
3957199
3957273
3957470
3957592
3957668
3957780
3957966
3958051
3958160
3958760
3958988
3959368
3959625
3959870
3959978
3960072
3960269
3960383
3960412
3960521
3960770
3960877
3960997
3961367
3961468
3961484
3961601
3961869
3962099
3962259
3962441
3962592
3962777
3963122
3963244
3963494
3963786
3963904
3964065
3964317
3964561
3964801
3965111
3965313
3965564
3965681
3965761
3966007
3966262
3966327
3966413
3966652
3966780
3967027
3967261
3967324
3967561
3967811
3967948
3968087
3968216
3968492
3968616
3968734
3968923
3969285
3969422
3969661
3969805
3970138
3970551
3970687
3970829
3971042
3971332
3971575
3971822
3972051
3972545
3972795
3973007
3973136
3973726
3974209
3974487
3974746
3975014
3975418
3975567
3975851
3976100
3976384
3976632
3976764
3976942
3977237
3977493
3977792
3978041
3978311
3978551
3978734
3979012
3980626
3980874
3981053
3981243
3981473
3981704
3981832
3982307
3982535
3982692
3982930
3983174
3983400
3983544
3983898
3984196
3984349
3984809
3985174
3985303
3986548
3986944
3987271
3987520
3987771
3988242
3988444
3988759
3989002
3989215
3989516
3989822
3990134
3990284
3990539
3991365
3991600
3991906
3992032
3992276
3992426
3992884
3993260
3993527
3993642
3993771
3993964
3994059
3994353
3994513
3994700
3994844
3994989
3996404
3996511
3996575
3996684
3996712
3996821
3996889
3996997
3997110
3997218
3997321
3997423
3997471
3997722
3997989
3998097
3998192
3998377
3998622
3998794
3998978
3999184
3999225
3999332
3999411
3999462
3999665
3999773
3999879
3999937
4000035
4000086
4000222
4000489
4000736
4000854
4000963
4001218
4001517
4001814
4001877
4001958
4002173
4002276
4002321
4002418
4002514
4002584
4002829
4002934
4003042
4003293
4003540
4003789
4004000
4004120
4004225
4004323
4004402
4004449
4004532
4004574
4004661
4004738
4004835
4005261
4005456
4005708
4005958
4006127
4006382
4006618
4006721
4006968
4007094
4007293
4007516
4007805
4007903
4008158
4008371
4008618
4008835
4009065
4009186
4009234
4009309
4009413
4009704
4009911
4010164
4010249
4010505
4010760
4011011
4011114
4011339
4011474
4011564
4011662
4011973
4012295
4012712
4012939
4013085
4013322
4013641
4013983
4014135
4014275
4014417
4014752
4015007
4015151
4015456
4015704
4016158
4016409
4016648
4016850
4017354
4017806
4018188
4018424
4019321
4019544
4019960
4020122
4020196
4020227
4020270
4020462
4020621
4020753
4020938
4021093
4021242
4021509
4021942
4022064
4023062
4023416
4023877
4024130
4024375
4025009
4025357
4025603
4025659
4028171
4028482
4028708
4029199
4029551
4029825
4030008
4030207
4030370
4030538
4031260
4031451
4031737
4032042
4032276
4032521
4033002
4033378
4033917
4034362
4034663
4034872
4035215
4035998
4036332
4036765
4037049
4037304
4037806
4038047
4038411
4039041
4039210
4039414
4039450
4039692
4039955
4040295
4040478
4040908
4041009
4041149
4041310
4041506
4041675
4041893
4042103
4042502
4042757
4043033
4043393
4044072
4044312
4044506
4044927
4045258
4045518
4045699
4045946
4046205
4046987
4047509
4047764
4047967
4048132
4048380
4048662
4048813
4049173
4050218
4050465
4050696
4050924
4051226
4051333
4051857
4052187
4052397
4052889
4053228
4053391
4053546
4053804
4053981
4054486
4054660
4054819
4055095
4055351
4055512
4055766
4055927
4056415
4056593
4056807
4057056
4057317
4057587
4057812
4057970
4058129
4058275
4058488
4058748
4059050
4059291
4059432
4059675
4059923
4060238
4060379
4060509
4060610
4060818
4060944
4061055
4061189
4061317
4061451
4061730
4061978
4062229
4062575
4062709
4063194
4063362
4063674
4063921
4064370
4064529
4064805
4065123
4065422
4065559
4065900
4066033
4066174
4066313
4066437
4066566
4067104
4067355
4067759
4067906
4068139
4068391
4068642
4068874
4069122
4069256
4069509
4069624
4070204
4070585
4071076
4071329
4071462
4071709
4071777
4072057
4072309
4072449
4072681
4073048
4073181
4073436
4073543
4075507
4075639
4075768
4076003
4076325
4076574
4076734
4076956
4077332
4077584
4077799
4078080
4078474
4079019
4079260
4079644
4080055
4080300
4080626
4080877
4081127
4081369
4081606
4081708
4081958
4082098
4082191
4082323
4082679
4082904
4083032
4083152
4083270
4083470
4083608
4083733
4083874
4084177
4084611
4085125
4085382
4085435
4085558
4085687
4085923
4086167
4086490
4086735
4086888
4087159
4087436
4088131
4088362
4088575
4088763
4089114
4089363
4089600
4089743
4090146
4090497
4090838
4091308
4091449
4091692
4091951
4092129
4092354
4092468
4092708
4092833
4093015
4093069
4093337
4093467
4093595
4093695
4093823
4094079
4094427
4094566
4094813
4094993
4095458
4095859
4096104
4096198
4096302
4096602
4096947
4097238
4097586
4098023
4098291
4098416
4098626
4098760
4098885
4099007
4099256
4099695
4099874
4099998
4100286
4100528
4100825
4100948
4101071
4101319
4101712
4101984
4102270
4102400
4102525
4102667
4102787
4102891
4103017
4103123
4103216
4103329
4103410
4103527
4103582
4103706
4103816
4103927
4104036
4104143
4104395
4104530
4104789
4104906
4105161
4105406
4105513
4105565
4105729
4105870
4106309
4106551
4106647
4106972
4107161
4107284
4107774
4108253
4108364
4108610
4108788
4109277
4109640
4109888
4110544
4110695
4110879
4110961
4111133
4111229
4111298
4111398
4111479
4111693
4111774
4111867
4111960
4112062
4112485
4112789
4113009
4114069
4114183
4114469
4114707
4114816
4114918
4115208
4115320
4115438
4115713
4116052
4116173
4116266
4116392
4116631
4117027
4117233
4117479
4117934
4118076
4118401
4118567
4118693
4118893
4119247
4119570
4120034
4120351
4120686
4121330
4121851
4122315
4122564
4122810
4123227
4123498
4123656
4123866
4124023
4124209
4124390
4124577
4126338
4126738
4126896
4127224
4127361
4127674
4127925
4128604
4129068
4129273
4129429
4129574
4129723
4129899
4130054
4130206
4130349
4130726
4130973
4131684
4131925
4132164
4132296
4132430
4132576
4132710
4132973
4134197
4134554
4134844
4135257
4135489
4135831
4136075
4136324
4136560
4136809
4137121
4137363
4137617
4137919
4138184
4138307
4138695
4139079
4139722
4139964
4140284
4140524
4140784
4140971
4141103
4141408
4141556
4142066
4142317
4142618
4142890
4143304
4143547
4143816
4143952
4144117
4144474
4144731
4144982
4145351
4145579
4145736
4145871
4146051
4146225
4147299
4147554
4147807
4148336
4148704
4149326
4149687
4149939
4150079
4150208
4150450
4150600
4150783
4151027
4151219
4151624
4151766
4152011
4152491
4153003
4153319
4153566
4154037
4154695
4155093
4155367
4155614
4155953
4156669
4156863
4157160
4157857
4158102
4158347
4158695
4158926
4159084
4160176
4160479
4160783
4161023
4161259
4161576
4161689
4162157
4162291
4162533
4162822
4163475
4163713
4163946
4164226
4164456
4164792
4164985
4165223
4165398
4165861
4166088
4166348
4166704
4166843
4166976
4167202
4167824
4168052
4168452
4168584
4168831
4168951
4169197
4169690
4169815
4169966
4170236
4170542
4170823
4171090
4171349
4171604
4171822
4172241
4172528
4172785
4173011
4173232
4173571
4173889
4173948
4173970
4174035
4174389
4174565
4174792
4175047
4175364
4175494
4175626
4175950
4176239
3683327
3683640
3683733
3683823
3683913
3684005
3684097
3684176
3684252
3684389
3684490
3684587
3684680
3684778
3684942
3685111
3685285
3685411
3685674
3685804
3685978
3686063
3686287
3686463
3686552
3686637
3686740
3686822
3687313
3687398
3687478
3687744
3688070
3688159
3688246
3688336
3688529
3688712
3688865
3688953
3689361
3689472
3689565
3689651
3689742
3689812
3689952
3690131
3690611
3690770
3690955
3691166
3691357
3691699
3691875
3691967
3692047
3692159
3692245
3692324
3692397
3692488
3692648
3693040
3693199
3693281
3694021
3694155
3694242
3694275
3694294
3694320
3694423
3694736
3694842
3695029
3695494
3695696
3695847
3696029
3696188
3696371
3696848
3697285
3697386
3697583
3697885
3698009
3698085
3698155
3698788
3699062
3699370
3699556
3700415
3700641
3700797
3700883
3700962
3701042
3701344
3701432
3701515
3701732
3701839
3702032
3702143
3702405
3702499
3702594
3702736
3702947
3703048
3703144
3703356
3703466
3703948
3704270
3704474
3705107
3705210
3705315
3705421
3705551
3705648
3705744
3705847
3705938
3706022
3706127
3706235
3706338
3706437
3706650
3706853
3707334
3707618
3707859
3708063
3708167
3708414
3708750
3709215
3709675
3710109
3710183
3710262
3710373
3710603
3710997
3711215
3711655
3711764
3712019
3712156
3712424
3712737
3713002
3713097
3713189
3713303
3713426
3713792
3714024
3714160
3714209
3714550
3714803
3715176
3715587
3715707
3715810
3715909
3716200
3716639
3717218
3717659
3718012
3718377
3718570
3718772
3719055
3719294
3719680
3719926
3720374
3720999
3721279
3721468
3721572
3721811
3722040
3722260
3722270
3722288
3722515
3722702
3722917
3723124
3723338
3723660
3724038
3724149
3724465
3724634
3724762
3724905
3725029
3725206
3725327
3725447
3725609
3725727
3725846
3725961
3726074
3726201
3726636
3726886
3727177
3727602
3728268
3728509
3728684
3728985
3729373
3729376
3729645
3729901
3730161
3730593
3730801
3730938
3731237
3731358
3731666
3731930
3732196
3732454
3732649
3732809
3732944
3733073
3733214
3733223
3733444
3733564
3733680
3733809
3733931
3734069
3734183
3734339
3734451
3735092
3735345
3735469
3735723
3736265
3736688
3737020
3737268
3737413
3737661
3737772
3738171
3738402
3738617
3738629
3738845
3739125
3739508
3739760
3739856
3739995
3740544
3740909
3741086
3741279
3741367
3741573
3741579
3741616
3741869
3741968
3742124
3742802
3743057
3743316
3743708
3744309
3744594
3744848
3745440
3745700
3745953
3746238
3746500
3746882
3747220
3747454
3747585
3747684
3747905
3748184
3748298
3748393
3748691
3748800
3749278
3749556
3749947
3750196
3750947
3751210
3751467
3751718
3751840
3751966
3752078
3752327
3752442
3752603
3752842
3753070
3753748
3753866
3753996
3754126
3754241
3754353
3754455
3754586
3754748
3754865
3754982
3755094
3755206
3755298
3755434
3757466
3757841
3758089
3758334
3758584
3758831
3759090
3759192
3759427
3759612
3759888
3760135
3760242
3760454
3760652
3760989
3761217
3761770
3761952
3762189
3762417
3762647
3762914
3763150
3763535
3763663
3763769
3763796
3764137
3764444
3764692
3764825
3765075
3765281
3765529
3765788
3765912
3766040
3766291
3766666
3767053
3767902
3768160
3768532
3768656
3768796
3769041
3769154
3769235
3769357
3769624
3769853
3769981
3770468
3770708
3770959
3771210
3771563
3772225
3772528
3774480
3774618
3775477
3775719
3776347
3776399
3776585
3776713
3776983
3777301
3777437
3778126
3778661
3778803
3778940
3779277
3779514
3779778
3779888
3780132
3780306
3780562
3781033
3781223
3781476
3781601
3781750
3781989
3782124
3782255
3782504
3782952
3783176
3783392
3783641
3783873
3784203
3784597
3784864
3784925
3785175
3785519
3785657
3786356
3786732
3787039
3787281
3787518
3787533
3787710
3787943
3788091
3788232
3788340
3788477
3788609
3788737
3788882
3789136
3789307
3789443
3789572
3789697
3789779
3789847
3790035
3790433
3790449
3790829
3791138
3791393
3791653
3791921
3792245
3792488
3792560
3792684
3792793
3793792
3794043
3794186
3794523
3794717
3795148
3795207
3795471
3795610
3796533
3796977
3797229
3797366
3797615
3797901
3798050
3798352
3798709
3799120
3799260
3799516
3799653
3800116
3800626
3800835
3801111
3801397
3801684
3801934
3802051
3802166
3802416
3802726
3803087
3803250
3803476
3803716
3803970
3804140
3804389
3804600
3804844
3805586
3805935
3806061
3806421
3806657
3807073
3807462
3807708
3807956
3808567
3808934
3809151
3809293
3809556
3809808
3809987
3810422
3810561
3810891
3811434
3811839
3812092
3812332
3812461
3812740
3812863
3813080
3813317
3813444
3813617
3813773
3814010
3814256
3814490
3816306
3816702
3816908
3817160
3817482
3817804
3818053
3818302
3818703
3818958
3819340
3819369
3819506
3819735
3819912
3820321
3820457
3820898
3821090
3821368
3821697
3822069
3822312
3822608
3822813
3822948
3823224
3823477
3824524
3824766
3825097
3825374
3825621
3825992
3826245
3826527
3826780
3827065
3827214
3827686
3827882
3828089
3828207
3828303
3828689
3828822
3829151
3829392
3829501
3829647
3829894
3830163
3830344
3830563
3830669
3831058
3831389
3832509
3832778
3832973
3833090
3833315
3833422
3833553
3833660
3833765
3833867
3834046
3834136
3834399
3834653
3834873
3834979
3835060
3835305
3835524
3835649
3835886
3835999
3836215
3836474
3836580
3836825
3837032
3837652
3837775
3838024
3838349
3838540
3838793
3839141
3839264
3839379
3839517
3839698
3839832
3839985
3840104
3840227
3840284
3840401
3840472
3840587
3840629
3840751
3840866
3841915
3842062
3842188
3842305
3842423
3842488
3842606
3842722
3842747
3842774
3842780
3842821
3842937
3842974
3843228
3843478
3843727
3843903
3844710
3844991
3845407
3845901
3846161
3846410
3846660
3847014
3847346
3847579
3847677
3847742
3847957
3848048
3848126
3848342
3848547
3848792
3849044
3849183
3849593
3849711
3850055
3850301
3850540
3850739
3851094
3851343
3851473
3851824
3852086
3852229
3852485
3852707
3852831
3853129
3853269
3853454
3853643
3854021
3854287
3854527
3854776
3855026
3855342
3855540
3855672
3855790
3856022
3856153
3856300
3856430
3856508
3856766
3856996
3857438
3857669
3857920
3858058
3858265
3858539
3858792
3859007
3859185
3859375
3859621
3859757
3859953
3860189
3861389
3861541
3861801
3862049
3862212
3862398
3862600
3862742
3862997
3863581
3863827
3864004
3864221
3864337
3864650
3864895
3865028
3865207
3865456
3865702
3865984
3866237
3866489
3866730
3866913
3867191
3867490
3867995
3869373
3869502
3869719
3869974
3870137
3870393
3870635
3870719
3871020
3871256
3871590
3871827
3872075
3872568
3872812
3873069
3873268
3873467
3873711
3873905
3874082
3874305
3874667
3875048
3875197
3875468
3875675
3875913
3876562
3876741
3876834
3876885
3877146
3877395
3877580
3877914
3878608
3879074
3879326
3879620
3879806
3880377
3880572
3880816
3881012
3881212
3881306
3881476
3881612
3881880
3882345
3882586
3882825
3882937
3883157
3883393
3883681
3883951
3884201
3886234
3886366
3886612
3886853
3887107
3887358
3887604
3887843
3888007
3888154
3888445
3888716
3888866
3889004
3889124
3889210
3889306
3889428
3889549
3889659
3889749
3889878
3889937
3890243
3890613
3890873
3891130
3891376
3891621
3891784
3892017
3892262
3892406
3892696
3892948
3893412
3893945
3894173
3894362
3894564
3894822
3894960
3895200
3895436
3895622
3895752
3895891
3896090
3896184
3896429
3897118
3897331
3897467
3897593
3897721
3897858
3898002
3898134
3898253
3898504
3898917
3899160
3899292
3899489
3899685
3899782
3900013
3900091
3900222
3900613
3900863
3901116
3901239
3901493
3901726
3901843
3901959
3902088
3902380
3902503
3902948
3903201
3903322
3903439
3903677
3903800
3904267
3904608
3904783
3905055
3905898
3906102
3906521
3906771
3907087
3907206
3907450
3907644
3907770
3908130
3908529
3908798
3908916
3909387
3909504
3909748
3909997
3910105
3910435
3910630
3910870
3911133
3912360
3912466
3912523
3912629
3912847
3912956
3913204
3913482
3913712
3914325
3914582
3914777
3914903
3915380
3915491
3915863
3916033
3916150
3916269
3916379
3916556
3916707
3916873
3917053
3918289
3918542
3918787
3919197
3919817
3920148
3920329
3921033
3921201
3921436
3921561
3921968
3922171
3922394
3922514
3922766
3923189
3923382
3923635
3923773
3923977
3924213
3924328
3924556
3924691
3924812
3924923
3925094
3925209
3925330
3925585
3925700
3925814
3926040
3926334
3926687
3927001
3927290
3927434
3927691
3927832
3927902
3928056
3928294
3928554
3929035
3929110
3930103
3930231
3930483
3930707
3930830
3931081
3931185
3931210
3931330
3931570
3931662
3931908
3932031
3932276
3932393
3932640
3932773
3932861
3932995
3933394
3933628
3934232
3934694
3934940
3935186
3935397
3935553
3935663
3935860
3935968
3936270
3936525
3936652
3936905
3937077
3937326
3937426
3937659
3937783
3938030
3938398
3938690
3938931
3939174
3939443
3939561
3939857
3940041
3940275
3940600
3940800
3941658
3941900
3942018
3942141
3942341
3942463
3942578
3942690
3943146
3943466
3943694
3943918
3944034
3944106
3944221
3944480
3944633
3944868
3945001
3945107
3945236
3946047
3946736
3947032
3947242
3947496
3947774
3947886
3948133
3948213
3948326
3948435
3948892
3949069
3949381
3949750
3950181
3950428
3950598
3950848
3951259
3951400
3951541
3951789
3952047
3952456
3952640
3952935
3953252
3953985
3954228
3954647
3954888
3955351
3955596
3955777
3955905
3956239
3956431
3956687
3956935
3957187
3957370
3957809
3958335
3958474
3958612
3958734
3958974
3959169
3959298
3959544
3959821
3960181
3960608
3960741
3961082
3961321
3961736
3961972
3962211
3962467
3962716
3962981
3963465
3963708
3963988
3964264
3964512
3964751
3964996
3965280
3965509
3965788
3966091
3966602
3966896
3967162
3967563
3967814
3967951
3968090
3968218
3968546
3968738
3968926
3969290
3969426
3969665
3969810
3970142
3970556
3970690
3970832
3971045
3971335
3971578
3971828
3972056
3972548
3972800
3973010
3973140
3973730
3974213
3974454
3974706
3975018
3975421
3975570
3975853
3976103
3976408
3976633
3976765
3976944
3977189
3977441
3977793
3978045
3978313
3978555
3978739
3979015
3980631
3980918
3981234
3981475
3981708
3981835
3982312
3982539
3982683
3982934
3983178
3983403
3983546
3983902
3984198
3984352
3984811
3985175
3985304
3986550
3986948
3987275
3988561
3988764
3989006
3989217
3989519
3989825
3990138
3990288
3990544
3991374
3991599
3991909
3992036
3992280
3992629
3992889
3993265
3993329
3993531
3993643
3993893
3994356
3994518
3994704
3994847
3994992
3995105
3995298
3995441
3995589
3995757
3995942
3996093
3996240
3997641
3997910
3998304
3998556
3998863
3999292
4000194
4000419
4000663
4001141
4001443
4001744
4002103
4002756
4003217
4003467
4003725
4003959
4005009
4005186
4005627
4005879
4006232
4006546
4006901
4007211
4007463
4007681
4008084
4008331
4008581
4008842
4009470
4009628
4009780
4010030
4010342
4010599
4010858
4011195
4011409
4011837
4012063
4012190
4012334
4012631
4012792
4012833
4012982
4013204
4013542
4013880
4014041
4014196
4014317
4014560
4014654
4014907
4015110
4015341
4015541
4015769
4016188
4016546
4016749
4016898
4017260
4017695
4018101
4018332
4018813
4019221
4019448
4019656
4019879
4020044
4020181
4020214
4020248
4020280
4020398
4020482
4020633
4020787
4020844
4020989
4021130
4021408
4021841
4022956
4023315
4023779
4024031
4024283
4025014
4025261
4025492
4025637
4025675
4028073
4028379
4028600
4029093
4029439
4029701
4029889
4030142
4030229
4030387
4030641
4031154
4031416
4031481
4031703
4031938
4032152
4032299
4032533
4032893
4033093
4033279
4033809
4034064
4034465
4034714
4034803
4035108
4035363
4035906
4036242
4036669
4036937
4037404
4037494
4037578
4037743
4038114
4038198
4038279
4038501
4038577
4038599
4038693
4038787
4038903
4039503
4039769
4040026
4041933
4042185
4042290
4042619
4042932
4043192
4043441
4043543
4043649
4043727
4043820
4043886
4043973
4044246
4044422
4044649
4044743
4044829
4045072
4045155
4045196
4045426
4045592
4045845
4046098
4046250
4046308
4046511
4046597
4046676
4046778
4046864
4047120
4047234
4047328
4047411
4047669
4047828
4048325
4048527
4048977
4049074
4049325
4049416
4049519
4049608
4049698
4049791
4049878
4049960
4050084
4051420
4051578
4051674
4051733
4051987
4052089
4052329
4052553
4052652
4052749
4052994
4053123
4053676
4053872
4054121
4054192
4054287
4054382
4054955
4055240
4055665
4055993
4056205
4056310
4056559
4056641
4056941
4057208
4057485
4057731
4058325
4058645
4058892
4059181
4059543
4059735
4059836
4060073
4060182
4060681
4061553
4061559
4061674
4061922
4062166
4062336
4062443
4062753
4062942
4063075
4063479
4063589
4063918
4064152
4064234
4064650
4064901
4065064
4065301
4065628
4065740
4066583
4066808
4066900
4067009
4067273
4067486
4067585
4067705
4067997
4068250
4068485
4068729
4068971
4069316
4069741
4069872
4070000
4070126
4070293
4070423
4070687
4070805
4070910
4071160
4071484
4071861
4072146
4072474
4072729
4072854
4072978
4073279
4073297
4073638
4073767
4073902
4074033
4074160
4074285
4074322
4074453
4074500
4074625
4074656
4074775
4074851
4074973
4075081
4075175
4075243
4075362
4075800
4075952
4076164
4076410
4076647
4076765
4077041
4077261
4077445
4077681
4077907
4078164
4078284
4078403
4078656
4078669
4078783
4078875
4079113
4079349
4079469
4079660
4080070
4080315
4080643
4080897
4080940
4081193
4081414
4081709
4082056
4082205
4082332
4082691
4082916
4083043
4083127
4083244
4083479
4083621
4083746
4083885
4084223
4084626
4085138
4085389
4085564
4085693
4085930
4086174
4086497
4086743
4086890
4087162
4087439
4088160
4088409
4088587
4089157
4090162
4090514
4090852
4091323
4091462
4091899
4092144
4092315
4092447
4092722
4092848
4092945
4093085
4093351
4093483
4093613
4093709
4093838
4094094
4094442
4094580
4095003
4095523
4095760
4095889
4096132
4096261
4096623
4097003
4097252
4097494
4097619
4098055
4098320
4098444
4098656
4098789
4098913
4099035
4099285
4099723
4099902
4100028
4100151
4100558
4100856
4100976
4101097
4101387
4101744
4102014
4102303
4102430
4102558
4102696
4102814
4102937
4103059
4103167
4103283
4103440
4103601
4103699
4103811
4103924
4104030
4104138
4104253
4104473
4104586
4104801
4104898
4105135
4105232
4105403
4105507
4105584
4105748
4105863
4106303
4106539
4106644
4106969
4107154
4107276
4107384
4107768
4108246
4108357
4108603
4108784
4109269
4109634
4109881
4110134
4110749
4110951
4111000
4111130
4111222
4111322
4111899
4111989
4112055
4112479
4112783
4113004
4113633
4113883
4113983
4114065
4114092
4114179
4114465
4114702
4114812
4114914
4115204
4115313
4115411
4115528
4115922
4116046
4116158
4116260
4116363
4116488
4116704
4116794
4116892
4117279
4117529
4117642
4117755
4118233
4118911
4119083
4119307
4119419
4119634
4119771
4119853
4120093
4120195
4120425
4120620
4120805
4120912
4121028
4121172
4121427
4121530
4122858
4122983
4123083
4123319
4123524
4124778
4124933
4125040
4125158
4125259
4126413
4126774
4127030
4127253
4127399
4127582
4128372
4128625
4128975
4129127
4129177
4129295
4129332
4129482
4129604
4129751
4129888
4129963
4130106
4130254
4130631
4130882
4131593
4131848
4132079
4132284
4132355
4132494
4132631
4132760
4133009
4134118
4134364
4134589
4134753
4135095
4135400
4135743
4135993
4136244
4136488
4136769
4137005
4137230
4137459
4137630
4137842
4137988
4138201
4138235
4138614
4138999
4139638
4139884
4140124
4140330
4140465
4140703
4140901
4141064
4141302
4141452
4141597
4141986
4142235
4142372
4142538
4142811
4143224
4143469
4143706
4143836
4143967
4144055
4144277
4144512
4144764
4145187
4145479
4145637
4145779
4145912
4146033
4146234
4146553
4146846
4147224
4147476
4147724
4148258
4148627
4148874
4149081
4149562
4149856
4149994
4150122
4150378
4150502
4150623
4151044
4151213
4151663
4151791
4152071
4152409
4152920
4153236
4153492
4153956
4154614
4155008
4155281
4155284
4155530
4155870
4156585
4156760
4157071
4157312
4157775
4158023
4158264
4158575
4159447
4160120
4160328
4160566
4160806
4160939
4161179
4161484
4161609
4162076
4162210
4162435
4162739
4163382
4163521
4163773
4163966
4164137
4164363
4164702
4164895
4165136
4165262
4165387
4165567
4165782
4166017
4166262
4166493
4166697
4166832
4166874
4167000
4167227
4167736
4167964
4168189
4168378
4168512
4168724
4168855
4169092
4169603
4169705
4169820
4169918
4170159
4170459
4170678
4170908
4171124
4171290
4171537
4171744
4172153
4172339
4172567
4172763
4172983
4173168
4173484
4173702
4173921
4173957
4174005
4174325
4174504
4174705
4174937
4175156
4175380
4175509
4175605
4175897
4176152
4176505
3682983
3683041
3683115
3683200
3683392
3683473
3683564
3684874
3685041
3685190
3685384
3685483
3685686
3685851
3686118
3686208
3686338
3686864
3686967
3687047
3687116
3687204
3687282
3687565
3687658
3687767
3687851
3688031
3688369
3688484
3688538
3688671
3688770
3689040
3689126
3689174
3689261
3689861
3690077
3690257
3690367
3690424
3690510
3690630
3690824
3690990
3691109
3691278
3691381
3691471
3691549
3691724
3691894
3692524
3692701
3692818
3692911
3693849
3693852
3693945
3694083
3694461
3694533
3694595
3695055
3695200
3695284
3695378
3695559
3695755
3695930
3696077
3696262
3696404
3696502
3696557
3696630
3696799
3696924
3697010
3697446
3697648
3697788
3697982
3698242
3698340
3698402
3698481
3698585
3698591
3698647
3698670
3698689
3698704
3698746
3698813
3698955
3699137
3699237
3699428
3699817
3699945
3700021
3700111
3700220
3700318
3700510
3700705
3701113
3701230
3701322
3701378
3701469
3701652
3701775
3701800
3701809
3701906
3702083
3702186
3702374
3702461
3702557
3702659
3702764
3703014
3703109
3703324
3703433
3703914
3704236
3704357
3704505
3704521
3705078
3705172
3705280
3705388
3705520
3705617
3705714
3705810
3705909
3705994
3706097
3706155
3706202
3706309
3706410
3706610
3706825
3707146
3707536
3707683
3707883
3707972
3708240
3708714
3709179
3709640
3709742
3710072
3710177
3710232
3710340
3710566
3710962
3711179
3711391
3711697
3711976
3712088
3712194
3712382
3713241
3713348
3713450
3713965
3714071
3714149
3714188
3714205
3714513
3714761
3715134
3715547
3715661
3715773
3715869
3715965
3716170
3716397
3716615
3717179
3717431
3717628
3717799
3718029
3718356
3718544
3718766
3719043
3719282
3719667
3719914
3720358
3720985
3721264
3721458
3721562
3721800
3722031
3722251
3722486
3722675
3722895
3723114
3723328
3723645
3724012
3724125
3724438
3724603
3724732
3724746
3724873
3724998
3725176
3725296
3725418
3725579
3725696
3725817
3725932
3726096
3726172
3726606
3726854
3727133
3727265
3727687
3728374
3728589
3728724
3728958
3729333
3729482
3729735
3729870
3729897
3730158
3730285
3730400
3730574
3730588
3730705
3730845
3730956
3731206
3731323
3731636
3731897
3732156
3732423
3732617
3732776
3732913
3733039
3733169
3733296
3733414
3733533
3733652
3733774
3733893
3734038
3734044
3734154
3734265
3734376
3735065
3735315
3735442
3735694
3736233
3736660
3736992
3737237
3737380
3737635
3737745
3738141
3739150
3739475
3739727
3739956
3740197
3740509
3740825
3740930
3741094
3741283
3741371
3741576
3741652
3741868
3741976
3742128
3742805
3743066
3743321
3743712
3744313
3744598
3744852
3745444
3745703
3745956
3746241
3746503
3746885
3747224
3747334
3747440
3747545
3747664
3747941
3748368
3748634
3748750
3748858
3749316
3749596
3749982
3750291
3750986
3751249
3751504
3751759
3751880
3752008
3752119
3752374
3752449
3752606
3752893
3753164
3753791
3753928
3754042
3754170
3754283
3754493
3754630
3754789
3754905
3755027
3755199
3755342
3755474
3757514
3757884
3758135
3758433
3758685
3758878
3759133
3759468
3759656
3759926
3761134
3761386
3761656
3761996
3762234
3762687
3762963
3763197
3763584
3763749
3763780
3763803
3764146
3764493
3765259
3765519
3765798
3765936
3766071
3766338
3766715
3767100
3767955
3768216
3768585
3768703
3768840
3769087
3769163
3769245
3769691
3769902
3770100
3770218
3770334
3770560
3770810
3771064
3771307
3771418
3771661
3771781
3771933
3772071
3772326
3772445
3774483
3774622
3775481
3775722
3776350
3776587
3776715
3776986
3777304
3777439
3778128
3778666
3778806
3778935
3779076
3779264
3779516
3779781
3779890
3780134
3780308
3780590
3780911
3781130
3781225
3781479
3781604
3781740
3781993
3782126
3782259
3782510
3782953
3783179
3783395
3783645
3783950
3784207
3784599
3784869
3784927
3785179
3785521
3785659
3786358
3786730
3787041
3787278
3787521
3787713
3788031
3788046
3788179
3788342
3788479
3788528
3788656
3788825
3788986
3789014
3789233
3789308
3789446
3789575
3789700
3789782
3790034
3790434
3790583
3790831
3791141
3791395
3791656
3791946
3792248
3792490
3792561
3792672
3792794
3793795
3794045
3794188
3794525
3794726
3794883
3795010
3795042
3795232
3795379
3795824
3795974
3796099
3796228
3796349
3796478
3796726
3796890
3797146
3797581
3797778
3798219
3798533
3798863
3799047
3799479
3800091
3800213
3800652
3800857
3801135
3801418
3801710
3801957
3802154
3802268
3802625
3803052
3803172
3803488
3803757
3804022
3804164
3804413
3804625
3804631
3805611
3805957
3806086
3806446
3806683
3807099
3807487
3807735
3807765
3808594
3808958
3809174
3809316
3809833
3810446
3810565
3810892
3811463
3811870
3812124
3812363
3812499
3812739
3812867
3813110
3813352
3813477
3813618
3813763
3814018
3814268
3814515
3816330
3816731
3816939
3817189
3817510
3817835
3818084
3818329
3818733
3818992
3819375
3819541
3819806
3819942
3820353
3820488
3820933
3821125
3821373
3821735
3822104
3822343
3822643
3822849
3822899
3822903
3823151
3823291
3823535
3823716
3823833
3823943
3823953
3824087
3824213
3824323
3824813
3825186
3825441
3825699
3825821
3826075
3826323
3826608
3826819
3826946
3827396
3827749
3827985
3828390
3828545
3828904
3829153
3829395
3829520
3829649
3829949
3830160
3830346
3830565
3830671
3830885
3830979
3831008
3831391
3831639
3832315
3833357
3833427
3833554
3833661
3833767
3833871
3833976
3834088
3834185
3834401
3834630
3834875
3835024
3835061
3835307
3835527
3835650
3835890
3836002
3836108
3836214
3836391
3836476
3836582
3836828
3837040
3837656
3837778
3838028
3838340
3838449
3838585
3839096
3839249
3839304
3839521
3839702
3839835
3839986
3840108
3840230
3840287
3840403
3840519
3840632
3840755
3840977
3841958
3842073
3842192
3842306
3842424
3842490
3842619
3842725
3842749
3842825
3842978
3843233
3843481
3843792
3844022
3844663
3844970
3845078
3845386
3845881
3846138
3846383
3846556
3846733
3846996
3847693
3847913
3848040
3848116
3848336
3848615
3848848
3849080
3849160
3849189
3849571
3849682
3849768
3849874
3850065
3850082
3850440
3850627
3850854
3850971
3851238
3851606
3851729
3851980
3852328
3852568
3852582
3852852
3852966
3853085
3853393
3853572
3853813
3853923
3854158
3854264
3854514
3854670
3854787
3855019
3855240
3855464
3855710
3855945
3856616
3856775
3856893
3857145
3857256
3857331
3857382
3857634
3857809
3858086
3858252
3858454
3858735
3858939
3859211
3859544
3859791
3860046
3860239
3860372
3860493
3860607
3860698
3860806
3860904
3860976
3861082
3861160
3861269
3861689
3861940
3862287
3862477
3862794
3862817
3863327
3863347
3863468
3863771
3863991
3864381
3864486
3864790
3865086
3865439
3865684
3865936
3866163
3866409
3866645
3866864
3866995
3867187
3867409
3867667
3867783
3867899
3868111
3868304
3868418
3868532
3868730
3868788
3869028
3869638
3869904
3870072
3870331
3870576
3870862
3871131
3871395
3871528
3871713
3871955
3872249
3872350
3872462
3872710
3872964
3872983
3873189
3873433
3873666
3874011
3874252
3874473
3874595
3874612
3874847
3874976
3875389
3875697
3875931
3876580
3876745
3876837
3876893
3877147
3877397
3877585
3877932
3878626
3879095
3879345
3879639
3879823
3880397
3880590
3880834
3881150
3881321
3881479
3881617
3881885
3882366
3882611
3882841
3882956
3883174
3883487
3883972
3884221
3886258
3886506
3886751
3887000
3887247
3887396
3887650
3887890
3888039
3888182
3888470
3888745
3888892
3889567
3889667
3889775
3889902
3889940
3890130
3890380
3890641
3890968
3891335
3891679
3891951
3892198
3892471
3892763
3893022
3894007
3894260
3894448
3894603
3894931
3895031
3895315
3895676
3895822
3895941
3896056
3896208
3897185
3897415
3897541
3897669
3897786
3897919
3898053
3898183
3898307
3898558
3898985
3899229
3899469
3899706
3899874
3899994
3900135
3900263
3900658
3900905
3901163
3901296
3901534
3901766
3901879
3902076
3902419
3902612
3902990
3903243
3903415
3903701
3904199
3904649
3904824
3905090
3905938
3906143
3906558
3906810
3907127
3907252
3907501
3907681
3908168
3908573
3908840
3908952
3909392
3909507
3909751
3910037
3910342
3910587
3910828
3911037
3911828
3912017
3912328
3912435
3912551
3912658
3912883
3912985
3913232
3913509
3913738
3914355
3914601
3914776
3914905
3915390
3915521
3915894
3915898
3916064
3916181
3916322
3916453
3916582
3916712
3916831
3916944
3917056
3918292
3918550
3918790
3919196
3919820
3920151
3920392
3920661
3920923
3921180
3921438
3921571
3921972
3922172
3922396
3922517
3922770
3923191
3923385
3923638
3923774
3923979
3924229
3924356
3924596
3924745
3924864
3924990
3925099
3925286
3925409
3925503
3925658
3925773
3925885
3926259
3926479
3926690
3927003
3927294
3927455
3927460
3927715
3927856
3927906
3928059
3928298
3928557
3929048
3929273
3930109
3930233
3930486
3930711
3930835
3931085
3931189
3931314
3931558
3931665
3931915
3932035
3932279
3932397
3932653
3932809
3932997
3933396
3933629
3934233
3934695
3934941
3935187
3935459
3935575
3935863
3935971
3936273
3936526
3936653
3936906
3937079
3937329
3937429
3937662
3937787
3938033
3938400
3938692
3938933
3939176
3940058
3940276
3940601
3940799
3940912
3941315
3941444
3941574
3941855
3942219
3942820
3943081
3943338
3943589
3943844
3944356
3944693
3944924
3945361
3945508
3945670
3945812
3945900
3946183
3946322
3946457
3946586
3946836
3947022
3947415
3947660
3948035
3948280
3948779
3949026
3949267
3949508
3949736
3949870
3950110
3950385
3950590
3950847
3951245
3951386
3951523
3951773
3952027
3952440
3952637
3952913
3953234
3953969
3954211
3954631
3954893
3955338
3955583
3955766
3955890
3956225
3956413
3956673
3956917
3957161
3957351
3957797
3958317
3958456
3958593
3958715
3958924
3959155
3959284
3959530
3959571
3959804
3960163
3960591
3960723
3961063
3961307
3961718
3961953
3962453
3962573
3962958
3963088
3963442
3963687
3963968
3964241
3964491
3964731
3964978
3965225
3965489
3965647
3965776
3965948
3966203
3966581
3966875
3967138
3967540
3968383
3969007
3969196
3969585
3969926
3970050
3970302
3970439
3970917
3971210
3971485
3971711
3971945
3972194
3972325
3972438
3972710
3973540
3973811
3973947
3974116
3974359
3974607
3974853
3975095
3975230
3975531
3975727
3975988
3976193
3976461
3977086
3977358
3977613
3977947
3978194
3978461
3978896
3979166
3979317
3979439
3979564
3979726
3979845
3979969
3980032
3980052
3980180
3980303
3980423
3980532
3980782
3981129
3981372
3981612
3982000
3982118
3982238
3982475
3982784
3983070
3983281
3983685
3983845
3984077
3984117
3984141
3984521
3984641
3984958
3985161
3985524
3985641
3985798
3985962
3986069
3986182
3986286
3986423
3986681
3986858
3987074
3987413
3987659
3987896
3988173
3988314
3988542
3988960
3989078
3989332
3989654
3989865
3990024
3990434
3990728
3990836
3990967
3991067
3991171
3991430
3991785
3992012
3992310
3992460
3992923
3993299
3993566
3993651
3993902
3994398
3994552
3994741
3994936
3995126
3995317
3995462
3995619
3995792
3995976
3996128
3996271
3997669
3997945
3998338
3998588
3998895
3999147
3999662
4000395
4000699
4001176
4001477
4001774
4002132
4002788
4003251
4003499
4003757
4004046
4005045
4005219
4005659
4005912
4006363
4006575
4006934
4007244
4007572
4007882
4008115
4008521
4008765
4009000
4009544
4009679
4009831
4010099
4010456
4010717
4010971
4011297
4011939
4012300
4012715
4012938
4013088
4013327
4013642
4013986
4014136
4014277
4014418
4014755
4015010
4015457
4015707
4016161
4016410
4016649
4016852
4017355
4017807
4018190
4018426
4019323
4019573
4019963
4020124
4020198
4020230
4020269
4020438
4020583
4020755
4020941
4021096
4021245
4021513
4021945
4022985
4023341
4023917
4024262
4024450
4024943
4025287
4025521
4025644
4028102
4028409
4028632
4029122
4029472
4029729
4029916
4030156
4030258
4030412
4030666
4031185
4031435
4031720
4032031
4032169
4032326
4032870
4033087
4033311
4033841
4034094
4034496
4034750
4035140
4035396
4035937
4036273
4036701
4036969
4037224
4037649
4037911
4038104
4038340
4038972
4039140
4039311
4039591
4039882
4040120
4040224
4040406
4040569
4040797
4040903
4041087
4041250
4041439
4041605
4041780
4042034
4042429
4042713
4042717
4042876
4043143
4043331
4044076
4044323
4044511
4044933
4045263
4045522
4045703
4045953
4046312
4046932
4047514
4047907
4048068
4048073
4048135
4048383
4048666
4048817
4049178
4050222
4050470
4050746
4050928
4051230
4051336
4051862
4052192
4052403
4052895
4053235
4053397
4053552
4053811
4054335
4054591
4054761
4054789
4055066
4055322
4055483
4055740
4055896
4056144
4056389
4056583
4056621
4056779
4057026
4057287
4057542
4057784
4057941
4058103
4058245
4058461
4058701
4058721
4058966
4059019
4059263
4059406
4059648
4059892
4060208
4060347
4060479
4060583
4060789
4060969
4061027
4061162
4061290
4061426
4061704
4061953
4062203
4062551
4062683
4063171
4063306
4063446
4063648
4063814
4064023
4064346
4064489
4064626
4064782
4065030
4065258
4065418
4065553
4065879
4066002
4066098
4066226
4066307
4066434
4066503
4066717
4067083
4067335
4067739
4067887
4068127
4068384
4068630
4068855
4069102
4069233
4069488
4069585
4069713
4070166
4070548
4070645
4071035
4071290
4071436
4071681
4071740
4071982
4072243
4072414
4072631
4073007
4073145
4073397
4073499
4075461
4075594
4075925
4076286
4076707
4076763
4078022
4078152
4078517
4079083
4079318
4079698
4080108
4080354
4080683
4080932
4081183
4081431
4081744
4081991
4082140
4082304
4082728
4082954
4083153
4083276
4083507
4083657
4083785
4083923
4084232
4084665
4085178
4085428
4085605
4085877
4086131
4086379
4086638
4086866
4087135
4087375
4087689
4087886
4088257
4088455
4088630
4089177
4089422
4089659
4090038
4090285
4090553
4090895
4091366
4091509
4091519
4092022
4092246
4092361
4092494
4092765
4092988
4093131
4093398
4093539
4093731
4093862
4094121
4094489
4094747
4095053
4095569
4095809
4096078
4096220
4096531
4096667
4097050
4097297
4097536
4097933
4098112
4098364
4098487
4098701
4098832
4098956
4099081
4099326
4099767
4099943
4100097
4100601
4101582
4101786
4102056
4102230
4102364
4102489
4102617
4102737
4102912
4103085
4103375
4103497
4103638
4103764
4103875
4103986
4104094
4104224
4104488
4104601
4104851
4105156
4105458
4105556
4105739
4105925
4106364
4106601
4106694
4107018
4107332
4107831
4108312
4108423
4108695
4108850
4109335
4109695
4109960
4110676
4110932
4111070
4111186
4111327
4111433
4111512
4111724
4111845
4111941
4112098
4112535
4112832
4113684
4113928
4114125
4114378
4114527
4114761
4114865
4115166
4115283
4115393
4115491
4115760
4116113
4116219
4116344
4116456
4116745
4116865
4117046
4117303
4117556
4117707
4118212
4118985
4119274
4119386
4119613
4119764
4119906
4120154
4120469
4120775
4120941
4121076
4121220
4121490
4121622
4121729
4121951
4122067
4122103
4122354
4123375
4124843
4125027
4125168
4125326
4125446
4125547
4125712
4125841
4125979
4126082
4126181
4126264
4126294
4126632
4126887
4127529
4127776
4127960
4128069
4128170
4128259
4128355
4128454
4128699
4128851
4130459
4130571
4130819
4131020
4131126
4131204
4131315
4131392
4131485
4131739
4131992
4132090
4133005
4133136
4133275
4133392
4133493
4133588
4133710
4133813
4134058
4134289
4134439
4134694
4134933
4135036
4135293
4135327
4135556
4135683
4135871
4136180
4136422
4136672
4136953
4137198
4137515
4137752
4138141
4138389
4138491
4138799
4138924
4139177
4139289
4139436
4139561
4139812
4140055
4140559
4140836
4141241
4141384
4141708
4141799
4141913
4142164
4142461
4142745
4142981
4143079
4143179
4143332
4143596
4144219
4144447
4144710
4144948
4145103
4145215
4145948
4146186
4146332
4146591
4146818
4147049
4147162
4147398
4147648
4147899
4148031
4148186
4148420
4148546
4148801
4149225
4149412
4149527
4149771
4150289
4150491
4150624
4150751
4150997
4151190
4151437
4151684
4151813
4152090
4152431
4152947
4153260
4153512
4153977
4154633
4155027
4155301
4155549
4155889
4156605
4156796
4157092
4157332
4157794
4158037
4158280
4158589
4158865
4158997
4160061
4160344
4160584
4160821
4160957
4161193
4161502
4161628
4162091
4162225
4162450
4162757
4163402
4163647
4163885
4164153
4164386
4164721
4164914
4165154
4165277
4165399
4165802
4166036
4166283
4166524
4166728
4166896
4167139
4167756
4167987
4168209
4168400
4168531
4168744
4168888
4169112
4169626
4169708
4169841
4169937
4170178
4170479
4170703
4170923
4171143
4171309
4171554
4171765
4172173
4172463
4172834
4173078
4173188
4173506
4173722
4173936
4173958
4174047
4174338
4174516
4174717
4174957
4175175
4175399
4175528
4175744
4175981
4176168
4176521
4176909
3683015
3683082
3683159
3683253
3683435
3683605
3684920
3685215
3685433
3685555
3685733
3685898
3686171
3686383
3686912
3687004
3687093
3687162
3687250
3687613
3688064
3688477
3688543
3688699
3689032
3689112
3689210
3689297
3690042
3690181
3690321
3690432
3690518
3690642
3690865
3691042
3691241
3691416
3691506
3691599
3691774
3692566
3692747
3692864
3692966
3693296
3694018
3694512
3694640
3695100
3695246
3695330
3695421
3695610
3695894
3696128
3696314
3696469
3696594
3696802
3696971
3697058
3697508
3697703
3697844
3698288
3698418
3698522
3698635
3698665
3698687
3698702
3698747
3698941
3699185
3699287
3699476
3699676
3699776
3699879
3699963
3700039
3700164
3700236
3700337
3700526
3700727
3701136
3701254
3701258
3701396
3701484
3701669
3701795
3701894
3702095
3702203
3702412
3702485
3702579
3703165
3703367
3703580
3703651
3703759
3703971
3704090
3704299
3704522
3704634
3704741
3704849
3704958
3705027
3706621
3706920
3707043
3707151
3707361
3707507
3707707
3707907
3708079
3708282
3708444
3708567
3708775
3708893
3708996
3709041
3709255
3709353
3709468
3709506
3709586
3709804
3709919
3710293
3710521
3710648
3710766
3710809
3711032
3711253
3711425
3711545
3711766
3711887
3712205
3712456
3712577
3712800
3713457
3713658
3713798
3714211
3714343
3714569
3714826
3714965
3715198
3715327
3715389
3716001
3716260
3716415
3716661
3716798
3716930
3717023
3717243
3717452
3717687
3717866
3718043
3718208
3718423
3718585
3718842
3719091
3719324
3719464
3719471
3719706
3719943
3720090
3720222
3720439
3720572
3720644
3720777
3720903
3721178
3721588
3721988
3722208
3722413
3722718
3722922
3723146
3723431
3723552
3723740
3723882
3724236
3726316
3726466
3726715
3726977
3727369
3727466
3727542
3727796
3727949
3728085
3728207
3728452
3728839
3729077
3729207
3729593
3729989
3730505
3731080
3731504
3731817
3732030
3732286
3732536
3734507
3734674
3734824
3734956
3735185
3735564
3735811
3735963
3736094
3736351
3736518
3736774
3736912
3737114
3737501
3737875
3738018
3738263
3738515
3738750
3738937
3739211
3739352
3739603
3739848
3740088
3740288
3740418
3740650
3741163
3741502
3741725
3741822
3741887
3742194
3742330
3742452
3742533
3742645
3742900
3743160
3743406
3743548
3743800
3744109
3744412
3744687
3744973
3745110
3745223
3745536
3745793
3746044
3746334
3746576
3746729
3746994
3747773
3748153
3748160
3748546
3748986
3749162
3749407
3749677
3749811
3750074
3750326
3750458
3750612
3750798
3751079
3751345
3751592
3752236
3752529
3752785
3752990
3753243
3753381
3753514
3753646
3755591
3755728
3755862
3755992
3756122
3756256
3756390
3756551
3756686
3756848
3756982
3757249
3757344
3757603
3757762
3757900
3758216
3758475
3758723
3759020
3759322
3759787
3760025
3760376
3760566
3760764
3760890
3761142
3761503
3761742
3762093
3762315
3762536
3762775
3763036
3763284
3763429
3763878
3763991
3764213
3764319
3764583
3764967
3765425
3765682
3766167
3766420
3766542
3766787
3766900
3767173
3767282
3767401
3767580
3767693
3767809
3768046
3768302
3768427
3768988
3769196
3769546
3770039
3770263
3770595
3770844
3771096
3771339
3771452
3771692
3771811
3771964
3772099
3772401
3774514
3774649
3775511
3775751
3776378
3776616
3776745
3777018
3777338
3777474
3778158
3778701
3778842
3778942
3779078
3779350
3779667
3780050
3780457
3780700
3780816
3780934
3781361
3781549
3781884
3782377
3782633
3782796
3783043
3783284
3783537
3783799
3784033
3784147
3784346
3784354
3784498
3784731
3784803
3784822
3785130
3785419
3785736
3785887
3785982
3786107
3786128
3786146
3786265
3786504
3786617
3786870
3786975
3787220
3787467
3787847
3788006
3789053
3789932
3790191
3790310
3790734
3790944
3791006
3791261
3791520
3791777
3792068
3792178
3792348
3792893
3793009
3793118
3793218
3793332
3793439
3793530
3793632
3793695
3793934
3794002
3794320
3794432
3794657
3794823
3794934
3795106
3795226
3795378
3795765
3795882
3795997
3796109
3796191
3796302
3796426
3796661
3796767
3796859
3797115
3797521
3797729
3797839
3798184
3798924
3798986
3799417
3800034
3800150
3800589
3800802
3800945
3801147
3801373
3801646
3801975
3802044
3802091
3802207
3802455
3802563
3803014
3803125
3803219
3803444
3803685
3803924
3804096
3804347
3804561
3804808
3805544
3805786
3806010
3806381
3806615
3806746
3807030
3807423
3807670
3807914
3808524
3808891
3809107
3809255
3809518
3809768
3810008
3810535
3810584
3810760
3811390
3811397
3811794
3812048
3812252
3812376
3812421
3812663
3812785
3813039
3813282
3813408
3813527
3813690
3813946
3814195
3814316
3814556
3816373
3816659
3816863
3817115
3817239
3817446
3817761
3818005
3818254
3818464
3818791
3818917
3819295
3819460
3819820
3819868
3820277
3820412
3820660
3820853
3821003
3821141
3821345
3821648
3822023
3822268
3822410
3822662
3822860
3823108
3823211
3823460
3824453
3824606
3824720
3824971
3825062
3825322
3825575
3825947
3826198
3826483
3826741
3826972
3827087
3827198
3827689
3827923
3828115
3828380
3828864
3829012
3829256
3829730
3829998
3830249
3830920
3831068
3831201
3831229
3831474
3831652
3831809
3831903
3831969
3832067
3832170
3832398
3832510
3832616
3832637
3832862
3833214
3833369
3834289
3834478
3834712
3835144
3835358
3835728
3836549
3836645
3836896
3837081
3837173
3837326
3837465
3837490
3837731
3837934
3838140
3838279
3838567
3838827
3838959
3839089
3839599
3840987
3841127
3841260
3841373
3841558
3841777
3843055
3843305
3843559
3843806
3844051
3844202
3844282
3844412
3844536
3844655
3844879
3845104
3845243
3845490
3845616
3845668
3845801
3845988
3846250
3846480
3846768
3846901
3847133
3847267
3847485
3847622
3847824
3848068
3848283
3848493
3848687
3848930
3849405
3849427
3849909
3850155
3850309
3850541
3850740
3851095
3851344
3851464
3851825
3852085
3852224
3852480
3852705
3852830
3853127
3853264
3853450
3853640
3854019
3854285
3854525
3854772
3855023
3855339
3855539
3855666
3855791
3856020
3856151
3856285
3856420
3856506
3856764
3856994
3857434
3857668
3857918
3858056
3858244
3858535
3858790
3859005
3859184
3859374
3859620
3859755
3859952
3860188
3861387
3861530
3861671
3861847
3862045
3862189
3862395
3862596
3862739
3862995
3863577
3863823
3864000
3864217
3864334
3864647
3864892
3865024
3865203
3865453
3865699
3865981
3866235
3866487
3866725
3866929
3867190
3867487
3867991
3868197
3868645
3868869
3869105
3869231
3869364
3869498
3869717
3869972
3870140
3870528
3870717
3871018
3871265
3871585
3871830
3872121
3872565
3872809
3873066
3873265
3873464
3873596
3873829
3874068
3874302
3874663
3875044
3875193
3875456
3875589
3875793
3876563
3876742
3876833
3876852
3877043
3877187
3877438
3877919
3878609
3879075
3879220
3879623
3879809
3880379
3880578
3880823
3881013
3881213
3881307
3881477
3881613
3881881
3882347
3882587
3882826
3883013
3883155
3883394
3883683
3883953
3884204
3886236
3886369
3886613
3886855
3887104
3887350
3887605
3887844
3888011
3888160
3888447
3888719
3888871
3889006
3889126
3889212
3889310
3889319
3889432
3889497
3889660
3889753
3889881
3889938
3890247
3890616
3890876
3891133
3891379
3891623
3891786
3892021
3892263
3892408
3892700
3892952
3893197
3893432
3893947
3894176
3894383
3894494
3894633
3894866
3894961
3895197
3895439
3895624
3895756
3895892
3896008
3896114
3896238
3897123
3897365
3897388
3897470
3897595
3897724
3897859
3898003
3898136
3898254
3898505
3898920
3899161
3899287
3899491
3899722
3900299
3900434
3900685
3900934
3901323
3901560
3902110
3902354
3902636
3902756
3903022
3903494
3903735
3903940
3904068
3904317
3904421
3904675
3904875
3905121
3905253
3905394
3905513
3905613
3905703
3905957
3906206
3906338
3906658
3906898
3907279
3907528
3907821
3907952
3908198
3908323
3908443
3908584
3909105
3909304
3909582
3909769
3909886
3910192
3910419
3910660
3910888
3912183
3912971
3913276
3913400
3913765
3913913
3914049
3914159
3914475
3914969
3915100
3915233
3915559
3915689
3917124
3917258
3917389
3917493
3917629
3917761
3917810
3917913
3918045
3918111
3918361
3918610
3918860
3918988
3919254
3919388
3919480
3919514
3919640
3919884
3920049
3920342
3920582
3920875
3921076
3921290
3921631
3921775
3922024
3922241
3922613
3922863
3922968
3923019
3923050
3923303
3923516
3923847
3924063
3924485
3925883
3926135
3926314
3926552
3926807
3927089
3927339
3927585
3927960
3928127
3928402
3928639
3928763
3928884
3929125
3929343
3929468
3929599
3929719
3929834
3929928
3930359
3930570
3930903
3931395
3931759
3932127
3932524
3932895
3933016
3933141
3933244
3933483
3933720
3933898
3934015
3934143
3934301
3934440
3934499
3934751
3934995
3936186
3936371
3936756
3937006
3937185
3937512
3937888
3938133
3938262
3938496
3938589
3938838
3939076
3939310
3939661
3939790
3940131
3940335
3940461
3940692
3941197
3941299
3941425
3941556
3941793
3942338
3942798
3943078
3943314
3943564
3943792
3944342
3944562
3944726
3945340
3945484
3945647
3945784
3945795
3945875
3946163
3946300
3946439
3946555
3946816
3946999
3947395
3947670
3948016
3948259
3948756
3949006
3949248
3949490
3949719
3949851
3950092
3950608
3951148
3951284
3951411
3951550
3951800
3952054
3952467
3952643
3952938
3953015
3953267
3953998
3954658
3954899
3955360
3955607
3955796
3956048
3956402
3956662
3956944
3957194
3957382
3957822
3958346
3958484
3958624
3958937
3959176
3959306
3959587
3959829
3960190
3960616
3960748
3961090
3961331
3961747
3961982
3962221
3962538
3962990
3963116
3963472
3963718
3964000
3964058
3964273
3964520
3964760
3965005
3965289
3965520
3965796
3966092
3966611
3966906
3967171
3967574
3967823
3967959
3968098
3968242
3968558
3968746
3968936
3969297
3969434
3969689
3970150
3970563
3970701
3971037
3971336
3971581
3971835
3972064
3972557
3972810
3973015
3973147
3973740
3974219
3974461
3974720
3975026
3975427
3975572
3975857
3976106
3976390
3976639
3976772
3976953
3977240
3977496
3977803
3978054
3978322
3978832
3979100
3979219
3979335
3979428
3979521
3979659
3979785
3979903
3980016
3980037
3980041
3980068
3980212
3980362
3980482
3980722
3980968
3981317
3981553
3981941
3982050
3982176
3982421
3982729
3983015
3983227
3983622
3983788
3984020
3984100
3984127
3984149
3984171
3984504
3984560
3984683
3984899
3985098
3985460
3985578
3985692
3985741
3985849
3985916
3986026
3986132
3986234
3986369
3986630
3986770
3987002
3987103
3987358
3987603
3987853
3988065
3988189
3988258
3988485
3988600
3988894
3989064
3989156
3989365
3989594
3989701
3989962
3990368
3990661
3990778
3990883
3991052
3991114
3991225
3991463
3991684
3991848
3992111
3992238
3992512
3992796
3993045
3993096
3993366
3993602
3993708
3994051
3994158
3994263
3996337
3996446
3996555
3996599
3996731
3996838
3996911
3997019
3997132
3997239
3997702
3997927
3998324
3998575
3998883
3999136
3999652
4000384
4000683
4001161
4001462
4001662
4001915
4002677
4003236
4003486
4003738
4003977
4005031
4005207
4005648
4005900
4006331
4006580
4006701
4006924
4007232
4007483
4007704
4008103
4008349
4008595
4008858
4009158
4009590
4009680
4009832
4010095
4010445
4010703
4010957
4011287
4011928
4012285
4012525
4012774
4012924
4013075
4013312
4013631
4013972
4014124
4014265
4014405
4014741
4014997
4015442
4015488
4015497
4015773
4016277
4016633
4016837
4017342
4017792
4018176
4018413
4019311
4019535
4019949
4020111
4020192
4020222
4020259
4020301
4020459
4020620
4020741
4020927
4021083
4021229
4021496
4021932
4023052
4023406
4023866
4024121
4024364
4024897
4025143
4025389
4025596
4025656
4028574
4029071
4029542
4029816
4030005
4030318
4030469
4030769
4030940
4031025
4031109
4031353
4031391
4031571
4031832
4032084
4032402
4032665
4032764
4032860
4033217
4033491
4033574
4033688
4033964
4034183
4034350
4034448
4034990
4035080
4035335
4035530
4035665
4035761
4035864
4036048
4036156
4036488
4036570
4036651
4036906
4037184
4037439
4037529
4037774
4038190
4038272
4038518
4038608
4038706
4038786
4038937
4039541
4039801
4040058
4041965
4042229
4042327
4042699
4042973
4043239
4043489
4043579
4043702
4043801
4043917
4044010
4044282
4044448
4044687
4044865
4045192
4045467
4045635
4045886
4046136
4046288
4046330
4046551
4046708
4046798
4046906
4047158
4047276
4047452
4047705
4047863
4048366
4048565
4049019
4049114
4049360
4049450
4049557
4049651
4049737
4049828
4049942
4050029
4050118
4050388
4050629
4050854
4051098
4051474
4051667
4051778
4052076
4052100
4052542
4052645
4052727
4052779
4053665
4053857
4054103
4054145
4054182
4054277
4054369
4054944
4055225
4055652
4055982
4056195
4056297
4056547
4056637
4056933
4057193
4057468
4057718
4058314
4058635
4059356
4059568
4059760
4059864
4060114
4060701
4061576
4061826
4062096
4062361
4062463
4062776
4062965
4063100
4063503
4063615
4063866
4064093
4064205
4064262
4064679
4064943
4065089
4065328
4065654
4065767
4066618
4066817
4066958
4067272
4067456
4067606
4067859
4068025
4068276
4068512
4068755
4068998
4069343
4069771
4069895
4070023
4070272
4070448
4070712
4070829
4070933
4071183
4071512
4071582
4071886
4072170
4072498
4072753
4072882
4073300
4073663
4073793
4073930
4074063
4074199
4074345
4074476
4074528
4074680
4074801
4074876
4074997
4075106
4075224
4075340
4075822
4076005
4076418
4076655
4076769
4076897
4077069
4077175
4077419
4077692
4077916
4078173
4078289
4078411
4078650
4078770
4078883
4079123
4079359
4079476
4079733
4079850
4079901
4080151
4080399
4080511
4080764
4080970
4081216
4081428
4081628
4081674
4081785
4082380
4082490
4082549
4082796
4083300
4083971
4084086
4084280
4084445
4084705
4084819
4084876
4084984
4085216
4085730
4085959
4086215
4086422
4086670
4086876
4086959
4087211
4087426
4087860
4088032
4088720
4088779
4088886
4088965
4089213
4089460
4089819
4089931
4090075
4090313
4090352
4090602
4090697
4090935
4091052
4091170
4091547
4091717
4091796
4092043
4092532
4093182
4093909
4094162
4094282
4094644
4094848
4095142
4095258
4095375
4095616
4095938
4096381
4096500
4096568
4096803
4096983
4097128
4097334
4097668
4097793
4097951
4098193
4098501
4098787
4098911
4099034
4099284
4099722
4099901
4100069
4100557
4100854
4101096
4101127
4101385
4101742
4102015
4102302
4102431
4102480
4102595
4102721
4102812
4102936
4103058
4103166
4103281
4103438
4103600
4103728
4103842
4103958
4104070
4104187
4104479
4104593
4104843
4104926
4105167
4105427
4105530
4105590
4105747
4105891
4106331
4106568
4106668
4106989
4107176
4107235
4107307
4107798
4108279
4108387
4108634
4108813
4109302
4109667
4109913
4110551
4110703
4110908
4110973
4111075
4111191
4111312
4112809
4113653
4113901
4114098
4114358
4114499
4114735
4114843
4115146
4115266
4115377
4115465
4115739
4116085
4116195
4116320
4116419
4116671
4116822
4117081
4117330
4117573
4117679
4117785
4118265
4118955
4120456
4120762
4120873
4120950
4121073
4121204
4121464
4121573
4121689
4121930
4122047
4122507
4122743
4123105
4123380
4123603
4123810
4123965
4124146
4124289
4124429
4124569
4126320
4126736
4126893
4127220
4127354
4127619
4127868
4128545
4128940
4129092
4129213
4129367
4129514
4129644
4129793
4129993
4130145
4130290
4130667
4130920
4131630
4131874
4132110
4132246
4132474
4132618
4132763
4133016
4134144
4134500
4134787
4135137
4135436
4135781
4136025
4136275
4136573
4136826
4137057
4137294
4137535
4137699
4137873
4138009
4138229
4138587
4138723
4139033
4139670
4139916
4140154
4140415
4140730
4140906
4141084
4141330
4141482
4142013
4142268
4142568
4142846
4143259
4143503
4143737
4143898
4144028
4144306
4144544
4144796
4145304
4145533
4145675
4145813
4145952
4146196
4146524
4146733
4146917
4147262
4147515
4147768
4148294
4148661
4148912
4149117
4149594
4149895
4150034
4150161
4150550
4150678
4150920
4151148
4151406
4151692
4152005
4152439
4152950
4153267
4153518
4153984
4154638
4155036
4155308
4155559
4155897
4156612
4156810
4157100
4157340
4157802
4158045
4158290
4158636
4158871
4159004
4160068
4160354
4160593
4160831
4160964
4161200
4161511
4161635
4162101
4162234
4162476
4162764
4163411
4163650
4163889
4164164
4164395
4164729
4164922
4165161
4165278
4165389
4165734
4165911
4166126
4166289
4166529
4166735
4166904
4167144
4167763
4167993
4168216
4168407
4168538
4168748
4168895
4169119
4169633
4169707
4169843
4169941
4170183
4170485
4170709
4171008
4171227
4171356
4171560
4171773
4172182
4172468
4172681
4172903
4173120
4173253
4173514
4173733
4173942
4173962
4174048
4174339
4174518
4174751
4174962
4175219
4175436
4175590
4175914
4176177
4176527
4176916
4177125
3683107
3683184
3683381
3683491
3683632
3684915
3685210
3685429
3685552
3685726
3685892
3686165
3686377
3686904
3687003
3687092
3687155
3687243
3687606
3687709
3687817
3687892
3688164
3688471
3688542
3688718
3689021
3689108
3689207
3689293
3690035
3690174
3690306
3690428
3690513
3690638
3690859
3691037
3691235
3691410
3691501
3691591
3691768
3692561
3692742
3692859
3692958
3693143
3693368
3693497
3693581
3693675
3693775
3693899
3694066
3694507
3694634
3695094
3695238
3695325
3695416
3695603
3695799
3695972
3696098
3696308
3696465
3696588
3696676
3696758
3696963
3697051
3697499
3697695
3697836
3698275
3698385
3698513
3698625
3698661
3698691
3698707
3698882
3698985
3699174
3699279
3699466
3699667
3699768
3699871
3699955
3700169
3700268
3700327
3700516
3700716
3701178
3701200
3701333
3701391
3701643
3701766
3701868
3702070
3702179
3702369
3702481
3702550
3702636
3702699
3702906
3703004
3703104
3703320
3703428
3703904
3704227
3704437
3705049
3705153
3705255
3705380
3705510
3705609
3705709
3705820
3705905
3705987
3706087
3706192
3706301
3706399
3706602
3706818
3707139
3707357
3707677
3707839
3708041
3708246
3708376
3708708
3709170
3709632
3709908
3710064
3710179
3710224
3710333
3710558
3710954
3711186
3711386
3711699
3711965
3712079
3712185
3712374
3712697
3713383
3713605
3713958
3714062
3714142
3714186
3714204
3714335
3714576
3714747
3715122
3715536
3715650
3715760
3715861
3715954
3716159
3716258
3716603
3717166
3717419
3717616
3717786
3717994
3718337
3718533
3718725
3719001
3719241
3719663
3719870
3720030
3720345
3720939
3721175
3721414
3721521
3721757
3721987
3722212
3722445
3722696
3722891
3723109
3723323
3723639
3724005
3724118
3724434
3724596
3724774
3724867
3724992
3725169
3725289
3725411
3725572
3725690
3725812
3725926
3726042
3726167
3726600
3726848
3727174
3727598
3728263
3728506
3728680
3728953
3729327
3729475
3729725
3729863
3730124
3730248
3730392
3730572
3730702
3730843
3730955
3731200
3731653
3731889
3732148
3732416
3732611
3732769
3732904
3733032
3733163
3733282
3733409
3733582
3733770
3733888
3734032
3734148
3734258
3734372
3735059
3735308
3735435
3735690
3736228
3736655
3736987
3737231
3737374
3737628
3737738
3738139
3738367
3738579
3738808
3739092
3739471
3739723
3739948
3740192
3740504
3740819
3740923
3741072
3741264
3741335
3741423
3741634
3741860
3741954
3742085
3742761
3743016
3743275
3743666
3744218
3744555
3744808
3745399
3745658
3745912
3746185
3746448
3746830
3747164
3747282
3747389
3747494
3747604
3747680
3747895
3748096
3748249
3748348
3748452
3748681
3748790
3749260
3749543
3749929
3750176
3751145
3751260
3751448
3751701
3751822
3751949
3752062
3752309
3752429
3752600
3752865
3753063
3753727
3753852
3753979
3754095
3754219
3754331
3754437
3754567
3754684
3754844
3754961
3755074
3755157
3755280
3755413
3755479
3757445
3757820
3758068
3758391
3758574
3758811
3759085
3759185
3759410
3759598
3759871
3760106
3760211
3760423
3760635
3760968
3761268
3761428
3761653
3761893
3762137
3763335
3763515
3763644
3763765
3763792
3764133
3764421
3764670
3764752
3764987
3765260
3765510
3765771
3765893
3766021
3766270
3766645
3767033
3767879
3768138
3768510
3768642
3768774
3768903
3769143
3769173
3769330
3769605
3769835
3769961
3770446
3770695
3770944
3771196
3771546
3772209
3772512
3772641
3772762
3772872
3772964
3773091
3773107
3773213
3773341
3773478
3773620
3773745
3773859
3773972
3774082
3774162
3774239
3774269
3774286
3774353
3774790
3774942
3775057
3775168
3775251
3775258
3775369
3775618
3775859
3776326
3776825
3777083
3777192
3777592
3777708
3777821
3777938
3778063
3778247
3778422
3778549
3778772
3779147
3779450
3779686
3780066
3780471
3780714
3780828
3780944
3781376
3781897
3782394
3782647
3782810
3783057
3783075
3783298
3783550
3783815
3784048
3784160
3784374
3784513
3784745
3784805
3784820
3785137
3785434
3785753
3785899
3785994
3786121
3786277
3786518
3786629
3786885
3786991
3787333
3787574
3787861
3788022
3789066
3789070
3789949
3790209
3790324
3790750
3791022
3791277
3791537
3791792
3792083
3792194
3792385
3792860
3792976
3793087
3793184
3793252
3793351
3793454
3793551
3793644
3793665
3793905
3794281
3794397
3794622
3794785
3794898
3795001
3795193
3795329
3795719
3795840
3795937
3796039
3796151
3796260
3796376
3796497
3796696
3796791
3796905
3797158
3797481
3797683
3797797
3798148
3798392
3798593
3798821
3798945
3799200
3799381
3799997
3800142
3800572
3800786
3800931
3801061
3801167
3801350
3801609
3801864
3801978
3802058
3802173
3802421
3802667
3802981
3803095
3803188
3803412
3803571
3803723
3803957
3804063
3804315
3804526
3804776
3805510
3805751
3805978
3806231
3806344
3806581
3806712
3806988
3807379
3807633
3807879
3808485
3808852
3808865
3809067
3809186
3809217
3809328
3809485
3809729
3809967
3810351
3810546
3810721
3810895
3811352
3811610
3811756
3812010
3812210
3812258
3812384
3812624
3812862
3813004
3813371
3813493
3813597
3813657
3813911
3814163
3814481
3814571
3816355
3816620
3816823
3817076
3817202
3817408
3817718
3817968
3818214
3818422
3818747
3818871
3819120
3819267
3819414
3819673
3819716
3819834
3820235
3820369
3820615
3820813
3821001
3821138
3821340
3821612
3821865
3822118
3822380
3822530
3822739
3822871
3823084
3823187
3823436
3824432
3824896
3825020
3825284
3825533
3825901
3826155
3826387
3826446
3826702
3826944
3827073
3827176
3827423
3827551
3827674
3827829
3828035
3828149
3828246
3828621
3828750
3829008
3829251
3829726
3829996
3830639
3830916
3831065
3831198
3831225
3831470
3831682
3831805
3831898
3831965
3832066
3832168
3832625
3832635
3832860
3833626
3834286
3834475
3834710
3835141
3835354
3835724
3836244
3836643
3836892
3837078
3837171
3837322
3837462
3837911
3838196
3838329
3838686
3838873
3839009
3839429
3841038
3841174
3841306
3841424
3841564
3841687
3841826
3843104
3843352
3843609
3843856
3844101
3844232
3844319
3844447
3844582
3844826
3845129
3845301
3845545
3845708
3845840
3846036
3846301
3846581
3846822
3846950
3847178
3847314
3847530
3847664
3847866
3848105
3848320
3848528
3848724
3848972
3849317
3849476
3849960
3850205
3850354
3850586
3850785
3851144
3851391
3851514
3851878
3852141
3852280
3852534
3852760
3852979
3853194
3853324
3853694
3854075
3854344
3854586
3854842
3855116
3855397
3855594
3855846
3856076
3856207
3856358
3856494
3856751
3857056
3857553
3857727
3857982
3858228
3858313
3858578
3858634
3858848
3859050
3859303
3859436
3859676
3859936
3860177
3861441
3861600
3861867
3862112
3862207
3862417
3862654
3863041
3863641
3864136
3864403
3864513
3864624
3864794
3865104
3865353
3865607
3865857
3865971
3866146
3866394
3866632
3866848
3866979
3867172
3867393
3867649
3867767
3867881
3868097
3868288
3868402
3868457
3868573
3868772
3869012
3869620
3869864
3870056
3870312
3870558
3870846
3870999
3871379
3871509
3871707
3872059
3872237
3872330
3872464
3872708
3872945
3873170
3873413
3873649
3873885
3874197
3874452
3874572
3874829
3874955
3875368
3875672
3876139
3876558
3876740
3876832
3876848
3877039
3877180
3877434
3877912
3878605
3879071
3879324
3879619
3879805
3880375
3881717
3881908
3882343
3882585
3882824
3882935
3883156
3883390
3883679
3883949
3884198
3886232
3886364
3886609
3886862
3887101
3887347
3887600
3887681
3887921
3888004
3888151
3888251
3888442
3888724
3888863
3889000
3889021
3889657
3889746
3889875
3890062
3890302
3890470
3890732
3890999
3891239
3891490
3891843
3892037
3892279
3892535
3892807
3893059
3893279
3893516
3893633
3893748
3893844
3894086
3894727
3894995
3895133
3895384
3895500
3896285
3896458
3896557
3896667
3896774
3896880
3896982
3897227
3898360
3898609
3898701
3898815
3899036
3899394
3900312
3900450
3900700
3900945
3900959
3901334
3901576
3902126
3902337
3902653
3902772
3903018
3903510
3903740
3903950
3904078
3904334
3904438
3904692
3904893
3905139
3905271
3905391
3905519
3905630
3905721
3905975
3906223
3906354
3906675
3906922
3907294
3907544
3907837
3907967
3908213
3908344
3908447
3908641
3909122
3909254
3909600
3909976
3910250
3910914
3911164
3911280
3911401
3911512
3911626
3911858
3912078
3912179
3912734
3913032
3913294
3913405
3913768
3914034
3914162
3914495
3914977
3915402
3915530
3915904
3916074
3916193
3916325
3916464
3916591
3916747
3916918
3917094
3918328
3918577
3918823
3919233
3919860
3920191
3921169
3921473
3921598
3922012
3922213
3922438
3922557
3922834
3923232
3923503
3923702
3923862
3924045
3924267
3924527
3924724
3924841
3924964
3925252
3925385
3925539
3925706
3925820
3926076
3926370
3926729
3927039
3927328
3927477
3927731
3927876
3927910
3928063
3928238
3928577
3929073
3930022
3930150
3930307
3930746
3930994
3931225
3931348
3931591
3931983
3932313
3932431
3932691
3932844
3933003
3933403
3933638
3934242
3934702
3934943
3935194
3935500
3935624
3935905
3936173
3936366
3936583
3936700
3936949
3937125
3937446
3937702
3937828
3938078
3938443
3938740
3939010
3939252
3939488
3939608
3939898
3940088
3940533
3940734
3940849
3940982
3941100
3941703
3942234
3942838
3943102
3943361
3943615
3943862
3944379
3944765
3945382
3945525
3945690
3945916
3946204
3946862
3947133
3947432
3947677
3948053
3948298
3948803
3949049
3949291
3949531
3949760
3949890
3950129
3950403
3950611
3951150
3951291
3951413
3951553
3951802
3952057
3952470
3952645
3952942
3953505
3954000
3954662
3954904
3955363
3955630
3955798
3956050
3956404
3956664
3956945
3957196
3957388
3957825
3958351
3958487
3958628
3959220
3959361
3959589
3959832
3960193
3960620
3960863
3961335
3961754
3961986
3962225
3962481
3962743
3962994
3963358
3963611
3963748
3964003
3964278
3964523
3964763
3965007
3965294
3965523
3965798
3966006
3966260
3966614
3966701
3966909
3967174
3967576
3967826
3967963
3968101
3968241
3968541
3968743
3968938
3969301
3969437
3969693
3970153
3970567
3970705
3970833
3971587
3971852
3972080
3972577
3972827
3973036
3973167
3973757
3974239
3974477
3974722
3975043
3975446
3975574
3975859
3976108
3976393
3976642
3976775
3976971
3977328
3977581
3977822
3978073
3979063
3980655
3980934
3981259
3981497
3981727
3981761
3981838
3982329
3982587
3982835
3982980
3983346
3983490
3983748
3983981
3984208
3984362
3984828
3985190
3985346
3986574
3986967
3987303
3987540
3987789
3988185
3988784
3989027
3989239
3989541
3989845
3990163
3990312
3990567
3991398
3991626
3992008
3992305
3992455
3992917
3993293
3993558
3993648
3993899
3994391
3994546
3994735
3994932
3995123
3995311
3995456
3995640
3995787
3995970
3996123
3996268
3997665
3997938
3998333
3998583
3998890
3999144
3999660
4000392
4000693
4001170
4001472
4001770
4002129
4002784
4003246
4003494
4003751
4004036
4005040
4005092
4005348
4005537
4005734
4005983
4006251
4006460
4006808
4007059
4007112
4007371
4007579
4007745
4007990
4008235
4008453
4008701
4008936
4009462
4009620
4009775
4010037
4010230
4010333
4010591
4010844
4011081
4011186
4011403
4011830
4012058
4012183
4012329
4012622
4012782
4012821
4012970
4013192
4013527
4013866
4014022
4014154
4014298
4014548
4014644
4014894
4015329
4015530
4015760
4016181
4016534
4016739
4016885
4016897
4017149
4017462
4017819
4018090
4018320
4018537
4019229
4019997
4020151
4020176
4020206
4020232
4020249
4020323
4020469
4020623
4020672
4020821
4020980
4021115
4021393
4021828
4022941
4023301
4023765
4024017
4024266
4024413
4024903
4025245
4025482
4025630
4025663
4028057
4028362
4028584
4029076
4029421
4029684
4030204
4030362
4030520
4031131
4031400
4031467
4031924
4032201
4032570
4032582
4032960
4033153
4033346
4033880
4034129
4034531
4034782
4035175
4035429
4035972
4036305
4036737
4037007
4037258
4037685
4037946
4038372
4039002
4039171
4039376
4039618
4039916
4040168
4040334
4040437
4040556
4040718
4040866
4041005
4041037
4041194
4041336
4041470
4041635
4041810
4041891
4042063
4042458
4042727
4043001
4043355
4044101
4044358
4044778
4045098
4045292
4045724
4045978
4046394
4047018
4047549
4047989
4048163
4048408
4048694
4048844
4049205
4050250
4050498
4050742
4050950
4051256
4051355
4051903
4051954
4052222
4052435
4052925
4053268
4053483
4053740
4054013
4054524
4054695
4054851
4055130
4055385
4055551
4055798
4056080
4056451
4056598
4056625
4056840
4057088
4057352
4057621
4057850
4058007
4058168
4058499
4058786
4059092
4061404
4061527
4061769
4062020
4062337
4062444
4062754
4063319
4063569
4063840
4064068
4064182
4064237
4064654
4064903
4065053
4065303
4065630
4065744
4066586
4066812
4066904
4067015
4067274
4067487
4067589
4067845
4068001
4068253
4068494
4068733
4068975
4069321
4069745
4069874
4070001
4070121
4070399
4070521
4070690
4070808
4070914
4071164
4071488
4071864
4072149
4072477
4072733
4072858
4072981
4073284
4073640
4073770
4073906
4074037
4074164
4074289
4074326
4074458
4074505
4074631
4074660
4074778
4074854
4074976
4075084
4075177
4075247
4075363
4075802
4075961
4076167
4076413
4076650
4076767
4076895
4077064
4077171
4077416
4077687
4077911
4078170
4078892
4079117
4079353
4079473
4079731
4079890
4079903
4080149
4080395
4080509
4080760
4080966
4081213
4081461
4081664
4081685
4081781
4082377
4082486
4082544
4082788
4083401
4083542
4083632
4083757
4083896
4084202
4084634
4085152
4085177
4085416
4085575
4085703
4085942
4086184
4086506
4086751
4086892
4087165
4087442
4087659
4087855
4088220
4088595
4089143
4089390
4089628
4089771
4090174
4090527
4090866
4091335
4091476
4091976
4092156
4092328
4092458
4092732
4092857
4092960
4093097
4093365
4093496
4093622
4093723
4093849
4094105
4094455
4094592
4095018
4096530
4096636
4097017
4097265
4097506
4098254
4098388
4098669
4098802
4098926
4099048
4099296
4099736
4099915
4100074
4100571
4100868
4100993
4101117
4101400
4101755
4102025
4102315
4102442
4102569
4102709
4102825
4102947
4103063
4103301
4103450
4103625
4103739
4103850
4103966
4104077
4104198
4104444
4104561
4104819
4104939
4105174
4105433
4105536
4105589
4105738
4105897
4106340
4106635
4107086
4107312
4107806
4108310
4108422
4108694
4108847
4109332
4109472
4109693
4109941
4110555
4110704
4110931
4111050
4111168
4111325
4111431
4111508
4111722
4111810
4111910
4111995
4112099
4113185
4113683
4113926
4114123
4114372
4114526
4114759
4114866
4115165
4115282
4115392
4115490
4115759
4116111
4116218
4116424
4116677
4116844
4117102
4117351
4117596
4117706
4118211
4118983
4119273
4119415
4119691
4119807
4119905
4120152
4120467
4120774
4120940
4121074
4121219
4121489
4121593
4121702
4121950
4122066
4122183
4122424
4122696
4122910
4123037
4123135
4123368
4124839
4125024
4125167
4125307
4125416
4125516
4125688
4125840
4125977
4126080
4126176
4126261
4126293
4126581
4126718
4126987
4127541
4127789
4128036
4128151
4128240
4128357
4128466
4128712
4128865
4130473
4130589
4130836
4131034
4131140
4131294
4131411
4131692
4131932
4132172
4132285
4132350
4132490
4132666
4132899
4133342
4134345
4134586
4134754
4135091
4135395
4135742
4135991
4136241
4136485
4136734
4136982
4137229
4137457
4137631
4137843
4137976
4138199
4138611
4138996
4139635
4139881
4140121
4140328
4140461
4140700
4140860
4140998
4141128
4141300
4141449
4141593
4141983
4142232
4142357
4142535
4142810
4143223
4143467
4143703
4143835
4143966
4144054
4144274
4144508
4144760
4145010
4145270
4145497
4145640
4145784
4145908
4146031
4146222
4146521
4146731
4146970
4147426
4147474
4147728
4148255
4148624
4148872
4149078
4149209
4149660
4149935
4150078
4150206
4150377
4150957
4151181
4151431
4151672
4152004
4152417
4152928
4153246
4153497
4153966
4154625
4155017
4155291
4155542
4155878
4156595
4156769
4157083
4157323
4157784
4158027
4158270
4158513
4158750
4159163
4159251
4159359
4159474
4159584
4159608
4159713
4159806
4159910
4159957
4160196
4160381
4160624
4160861
4161104
4161323
4161437
4161734
4161839
4161963
4162315
4162567
4162674
4162873
4162969
4163068
4163160
4163267
4163557
4163797
4164010
4164239
4164487
4164585
4164824
4165023
4165301
4165411
4165622
4165680
4165921
4166153
4166394
4166619
4167022
4167254
4167359
4167454
4167545
4167641
4167858
4168087
4168249
4168634
4168992
4169224
4169323
4169423
4170080
4170294
4170392
4170617
4170841
4171011
4171228
4171406
4171720
4171849
4171947
4172041
4172267
4172405
4172622
4172836
4173044
4173671
4173857
4173953
4173972
4174094
4174219
4174432
4174616
4174830
4175048
4175224
4175654
4175808
4176030
4176252
4176373
4176464
4176669
4176735
4176787
4177024
4177210
4177426
3683354
3683666
3683671
3683766
3683858
3683942
3684072
3684182
3684282
3684424
3684522
3684620
3684731
3684856
3685019
3685144
3685318
3685619
3686423
3686523
3686617
3686711
3686842
3687348
3687459
3687551
3688002
3688152
3688239
3688328
3688526
3688574
3688890
3688901
3689389
3689501
3689593
3689698
3689824
3689981
3690228
3690714
3690897
3691051
3691194
3691643
3691840
3691994
3692077
3692191
3692277
3692351
3692405
3692496
3692680
3693073
3693225
3694264
3694296
3694321
3694424
3694765
3694876
3694981
3695141
3695533
3695735
3695747
3695890
3696060
3696217
3696781
3696888
3697181
3697318
3697425
3697625
3697959
3698100
3698194
3698829
3699109
3699250
3700464
3700684
3700838
3700982
3701611
3701991
3702332
3702867
3703269
3703565
3703741
3703847
3703854
3704063
3704187
3704266
3704625
3704770
3704880
3704986
3706511
3706721
3706954
3707076
3707190
3707395
3707555
3707742
3707938
3708109
3708315
3708374
3708545
3708601
3708808
3708930
3709058
3709273
3709389
3709491
3709585
3709813
3709929
3710434
3710679
3710797
3710842
3711063
3711283
3711455
3711573
3711801
3711915
3712234
3712488
3712610
3712829
3713488
3713686
3713830
3714241
3714374
3714617
3714859
3714997
3715233
3715356
3715421
3716034
3716296
3716455
3716697
3716831
3716961
3717056
3717277
3717486
3717718
3717896
3718130
3718265
3718458
3718620
3718881
3719128
3719366
3719505
3719745
3719983
3720126
3720261
3720493
3720603
3720676
3720811
3721053
3721225
3721624
3721858
3722084
3722319
3722542
3722745
3722963
3723166
3723388
3723511
3723863
3724189
3724313
3726278
3726428
3726676
3726920
3727157
3727329
3727457
3727844
3727969
3728103
3728226
3728473
3728857
3729094
3729222
3729614
3730007
3730077
3730526
3731100
3731524
3731768
3732051
3732308
3734519
3734691
3734846
3734987
3735238
3735587
3735953
3736119
3736376
3736541
3736796
3737131
3737523
3737896
3738041
3738291
3738650
3738959
3739232
3739373
3740154
3740367
3740635
3740803
3741185
3741525
3741747
3741824
3741888
3742213
3742378
3742542
3742663
3743069
3743179
3743426
3743572
3743819
3743962
3744266
3744431
3744708
3744992
3745128
3745275
3745553
3745812
3746061
3746351
3746594
3746749
3747014
3747791
3748142
3748562
3749004
3749180
3749424
3749696
3749833
3750094
3750346
3750477
3750634
3750878
3751097
3751362
3751611
3752255
3752393
3752564
3752873
3753056
3753300
3753397
3753529
3753660
3755607
3755742
3755878
3756010
3756138
3756333
3757507
3757879
3758131
3758175
3758427
3758617
3758872
3759131
3759465
3759650
3759938
3760176
3760279
3760483
3760687
3761028
3761256
3761489
3761754
3761989
3762227
3762582
3762957
3763192
3763579
3763742
3763775
3763805
3764143
3764487
3764735
3764866
3765118
3765332
3765574
3765851
3765980
3766332
3766710
3767095
3767948
3768208
3768579
3769028
3769161
3769243
3769366
3769662
3769891
3770017
3770507
3770772
3770997
3771248
3771600
3772266
3772568
3772691
3772892
3773018
3773143
3773265
3773393
3773531
3773678
3773813
3773945
3774064
3774211
3774250
3774292
3774426
3774843
3774996
3775115
3775280
3775416
3775664
3775903
3776020
3776135
3776251
3776508
3776871
3777130
3777248
3777636
3777766
3777872
3778051
3778292
3778466
3778596
3779193
3779488
3779727
3780108
3780516
3780753
3780866
3781183
3781441
3781942
3782443
3782689
3782848
3783098
3783338
3783595
3783857
3784088
3784314
3784419
3784554
3784783
3784823
3785141
3785481
3785807
3785997
3786172
3786324
3786573
3786686
3786928
3787186
3787452
3787900
3788813
3789119
3789995
3790253
3790371
3790794
3791072
3791371
3791583
3791844
3792122
3792364
3792948
3793072
3793180
3793312
3793427
3793543
3793641
3793738
3793980
3794372
3794487
3794760
3794774
3794878
3794987
3795113
3795231
3795387
3795825
3795972
3796097
3796224
3796347
3796477
3796724
3796888
3797143
3797574
3797801
3798218
3798529
3798672
3798930
3799187
3799477
3800090
3800214
3800646
3800856
3801134
3801417
3801706
3801956
3802153
3802267
3802626
3803050
3803169
3803487
3803755
3804023
3804162
3804412
3804622
3805505
3805816
3806084
3806444
3806681
3807097
3807550
3807921
3808589
3808953
3809170
3809311
3809575
3809830
3810441
3810562
3810752
3811458
3811865
3812120
3812358
3812485
3812736
3812864
3813106
3813347
3813471
3813586
3813756
3814014
3814266
3814511
3816327
3816727
3816935
3817576
3817831
3818081
3818327
3818731
3818988
3819370
3819538
3819802
3819938
3820348
3820487
3820932
3821121
3821372
3821726
3822100
3822339
3822640
3822845
3823125
3823414
3823671
3824555
3824796
3825135
3825406
3825653
3826024
3826274
3826560
3826931
3827080
3827230
3827524
3827655
3827909
3828136
3828310
3828714
3828851
3829121
3829372
3829841
3830112
3830492
3831030
3831180
3831339
3831587
3831787
3831922
3832040
3832153
3832389
3832480
3832505
3832610
3833381
3834351
3834702
3835258
3835466
3835839
3836360
3836761
3837059
3837294
3837438
3837601
3837985
3838393
3838589
3839101
3839251
3839310
3839527
3839710
3839840
3839991
3840116
3840236
3840355
3840476
3840588
3840640
3840763
3840876
3841964
3842081
3842200
3842351
3842496
3842614
3842729
3842751
3842832
3842986
3843240
3843486
3843532
3843774
3844025
3844720
3845002
3845417
3845911
3846170
3846419
3846668
3847024
3847415
3847753
3847783
3847991
3848052
3848209
3848421
3849143
3849195
3849604
3849720
3849799
3850039
3850283
3850472
3850656
3850882
3851004
3851272
3851640
3851765
3852013
3852404
3852612
3852881
3853000
3853115
3853549
3853794
3853908
3854175
3854419
3854703
3854899
3855271
3855493
3855743
3855869
3856652
3856807
3856925
3857182
3857295
3857417
3857840
3858121
3858262
3858423
3858756
3858959
3859245
3859581
3859874
3860122
3860272
3860400
3860528
3860687
3860736
3860844
3861509
3861590
3861843
3862101
3862206
3862416
3862645
3862905
3863150
3863632
3863892
3864078
3864263
3864692
3864936
3865067
3865255
3865499
3865751
3866033
3866285
3866538
3866777
3866941
3867208
3867541
3868000
3868202
3868659
3868896
3869138
3869274
3869424
3869489
3869767
3869772
3870194
3870447
3870700
3870939
3871228
3871568
3871883
3872149
3872627
3872876
3873328
3873531
3873767
3873960
3874146
3874382
3874726
3875101
3875259
3875516
3875848
3876058
3876198
3876326
3876383
3876461
3876958
3877320
3877554
3877740
3877870
3878052
3878225
3878360
3878512
3878756
3878887
3879003
3879367
3879515
3879762
3879959
3880088
3880261
3880519
3880764
3881040
3881404
3881723
3881968
3882114
3882269
3882514
3882760
3883064
3883314
3883576
3883771
3883896
3884142
3884396
3884558
3884685
3884807
3886215
3886347
3886593
3886837
3887079
3887305
3887454
3887675
3887903
3887986
3888152
3888422
3888692
3888842
3888980
3889099
3889188
3889283
3889403
3889569
3889653
3889726
3889857
3889930
3890240
3890591
3890848
3891106
3891353
3891599
3891761
3891993
3892237
3892382
3892673
3892924
3893178
3893408
3893922
3894150
3894338
3894469
3894585
3894839
3894953
3895025
3895302
3895594
3895726
3895860
3895973
3896092
3896181
3896423
3897094
3897311
3897444
3897572
3897757
3897844
3898914
3899249
3899481
3899682
3900015
3900148
3900277
3900562
3900810
3901062
3901191
3901431
3901670
3901793
3901907
3901994
3902450
3902548
3902903
3903154
3903281
3903378
3903635
3903729
3904160
3904555
3904732
3905005
3905846
3906049
3906299
3906473
3906603
3906838
3907042
3907161
3907403
3907595
3907718
3908083
3908417
3908460
3908723
3909202
3909339
3909683
3909862
3910241
3910497
3910741
3911117
3911254
3911364
3911481
3911660
3911902
3912129
3912701
3913129
3913380
3913415
3913780
3913952
3914090
3914231
3914565
3915051
3915200
3915654
3915782
3917236
3917400
3917586
3917729
3917898
3917984
3918191
3918448
3918704
3918954
3919124
3919470
3919595
3919740
3920001
3920279
3920562
3921541
3921870
3922279
3922689
3922934
3923033
3923362
3923573
3923942
3924188
3924469
3925958
3926205
3926275
3926601
3926852
3927221
3927648
3928028
3928464
3928701
3928828
3928951
3929199
3929412
3929531
3929665
3929786
3930000
3930433
3930630
3930964
3931463
3931828
3932198
3932325
3932597
3932971
3933131
3933281
3934010
3934248
3934396
3934447
3934574
3934820
3935064
3935357
3935779
3936116
3936432
3936851
3937255
3937401
3937632
3937756
3938003
3938371
3938667
3938907
3939153
3939418
3939534
3939827
3940016
3940250
3940574
3940770
3940878
3940886
3940995
3941053
3941632
3941871
3941991
3942112
3942313
3942435
3942548
3942671
3942926
3943180
3943195
3943444
3943674
3943913
3944032
3944082
3944197
3944454
3944606
3944844
3944956
3945076
3945209
3946018
3946707
3946947
3947181
3947302
3947564
3947749
3947861
3948111
3948207
3948320
3948469
3948565
3948631
3948878
3949100
3949348
3949594
3949998
3950235
3950481
3950733
3950938
3950999
3951115
3951629
3951877
3952125
3952242
3952354
3952539
3952655
3952795
3953046
3953159
3953393
3953515
3953625
3953742
3953822
3954183
3954286
3954295
3954409
3954485
3954757
3955009
3955124
3955222
3955494
3955923
3956083
3956304
3956531
3956781
3957020
3957284
3957495
3957753
3958018
3958155
3958839
3959063
3959441
3959707
3959943
3960055
3960301
3960460
3960755
3960957
3961204
3961447
3961480
3961587
3961830
3962070
3962331
3962676
3962865
3963206
3963324
3963577
3963870
3964147
3964398
3964641
3964876
3965197
3965399
3965729
3965814
3966102
3966766
3967016
3967284
3967413
3967667
3968357
3968987
3969175
3969564
3969905
3970035
3970286
3970404
3970899
3971192
3971452
3971690
3971924
3972178
3972307
3972416
3972691
3972935
3973275
3973383
3973499
3973618
3973864
3973981
3974099
3974344
3974588
3974836
3975083
3975214
3975330
3975659
3975787
3975812
3976218
3976471
3977068
3977316
3977571
3977925
3978176
3978441
3978878
3979158
3979300
3979414
3979546
3979707
3979829
3979951
3980029
3980051
3980176
3980298
3980407
3980517
3980767
3981115
3981357
3981598
3981955
3982062
3982191
3982434
3982742
3983032
3983243
3983640
3983804
3983928
3984108
3984133
3984508
3984578
3984694
3984917
3985116
3985481
3985598
3985755
3985863
3985937
3986048
3986149
3986256
3986389
3986645
3986788
3987024
3987118
3987377
3987619
3987888
3988573
3988915
3989069
3989269
3989380
3989610
3989720
3989981
3990388
3990684
3990798
3990923
3991179
3991241
3991481
3991702
3991867
3992134
3992533
3992720
3992995
3993120
3993386
3993605
3993640
3993858
3994071
3994207
3996355
3996470
3996620
3996754
3996858
3996960
3997036
3997152
3997256
3997360
3997509
3997762
3998032
3998136
3998415
3998661
3998832
3999014
3999269
3999383
3999494
3999701
3999811
3999964
4000069
4000165
4000472
4000784
4000837
4000897
4001003
4001262
4001560
4001852
4002001
4002214
4002353
4002451
4002547
4002691
4003141
4003392
4003645
4003882
4004932
4005088
4005339
4005555
4005756
4006053
4006272
4006478
4006823
4006914
4007125
4007383
4007595
4007760
4008006
4008250
4008469
4008717
4008949
4009473
4009632
4009782
4010106
4010347
4010604
4010861
4011198
4011415
4011840
4012068
4012196
4012339
4012635
4012795
4012837
4012987
4013767
4014016
4014166
4014320
4014561
4014658
4014910
4015347
4015609
4015851
4016192
4016548
4016754
4017014
4017449
4017821
4018106
4018336
4018819
4019224
4019453
4019679
4019881
4020047
4020182
4020215
4020247
4020367
4020486
4020636
4020790
4020848
4020996
4021135
4021413
4021846
4022961
4024155
4024397
4024922
4025266
4025496
4025638
4028080
4028386
4028609
4029100
4029444
4029707
4029895
4030141
4030236
4030392
4030646
4031159
4031421
4031582
4031838
4032087
4032583
4032673
4033072
4033249
4033479
4033564
4033677
4033778
4033819
4034044
4034243
4034340
4034367
4034613
4034977
4035063
4035317
4035515
4035650
4035747
4035830
4035859
4036049
4036132
4036440
4036546
4036637
4036892
4037172
4037425
4037515
4037759
4038175
4038258
4038500
4038595
4038696
4038776
4038925
4039525
4039790
4040047
4041951
4042203
4042314
4042672
4042726
4042957
4043218
4043474
4043566
4043689
4043790
4043905
4043997
4044270
4044432
4044672
4044854
4045105
4045201
4045455
4045622
4045872
4046127
4046277
4046309
4046536
4046627
4046718
4046807
4046893
4047146
4047264
4047358
4047441
4047694
4047854
4048357
4048555
4049009
4049104
4049352
4049441
4049546
4049641
4049725
4049816
4049931
4050020
4050108
4050377
4050617
4050845
4051087
4051165
4051425
4051574
4051677
4051767
4052226
4052442
4052930
4053270
4053446
4053589
4054036
4054533
4054701
4054858
4055135
4055390
4055556
4055804
4056089
4056457
4056597
4056844
4057093
4057359
4057628
4057854
4058011
4058171
4058398
4058556
4058790
4059094
4059338
4059483
4059874
4060098
4060329
4060467
4060631
4060848
4060976
4061095
4061228
4061358
4061648
4061887
4062069
4062115
4062318
4062619
4062872
4062904
4063250
4063403
4063713
4063960
4064412
4064571
4064848
4065192
4065465
4065592
4065937
4066088
4066219
4066349
4066477
4066763
4067142
4067391
4067800
4067951
4068179
4068432
4068681
4068909
4069160
4069292
4069547
4069640
4070222
4070605
4071094
4071351
4071631
4071795
4072078
4072327
4072466
4072701
4073071
4073205
4073452
4075525
4075658
4076065
4076344
4076592
4076740
4076791
4077015
4077350
4077575
4077818
4078395
4079074
4079309
4079689
4080100
4080344
4080673
4080922
4081171
4081422
4081736
4081986
4082112
4082230
4082355
4082718
4082943
4083145
4083265
4083499
4083647
4083774
4083955
4084220
4084709
4085167
4085419
4085596
4085865
4086120
4086369
4086627
4086640
4086864
4087122
4087364
4087677
4087871
4088243
4088614
4089163
4089409
4089649
4089786
4090192
4090541
4090883
4091353
4091497
4091996
4092176
4092215
4092347
4092484
4092749
4092871
4092977
4093118
4093385
4093513
4093639
4093764
4094031
4094475
4094612
4095038
4095554
4095796
4096066
4096207
4096334
4096655
4097037
4097288
4097525
4097921
4098090
4098352
4098473
4098689
4098822
4098944
4099068
4099315
4099757
4099929
4100085
4100587
4100886
4101009
4101236
4101408
4101772
4102046
4102334
4102476
4102601
4102868
4102986
4103098
4104390
4104545
4105103
4105376
4105721
4106102
4106270
4106526
4106841
4107129
4107521
4107663
4107952
4108089
4108449
4108674
4108987
4109138
4109436
4109593
4109836
4110100
4110326
4110467
4110795
4111667
4112243
4112404
4112669
4112922
4113134
4113298
4113436
4113591
4113839
4114348
4114648
4115075
4115664
4115906
4116643
4117039
4117243
4117492
4117946
4118086
4118412
4118579
4118751
4118912
4119259
4119581
4120043
4120364
4120697
4121342
4121928
4122329
4122579
4122822
4123240
4123510
4123669
4123892
4124038
4124220
4124403
4124591
4124731
4126490
4126879
4127227
4127371
4127689
4127940
4128618
4129080
4129286
4129441
4129709
4129858
4130068
4130219
4130365
4130740
4131049
4131691
4131930
4132171
4132305
4132441
4132592
4132725
4132990
4134214
4134568
4134859
4135204
4135508
4136430
4136837
4137136
4137384
4137708
4138076
4138331
4138439
4138752
4138867
4139122
4139200
4139319
4139404
4139512
4139762
4140007
4140213
4140587
4141159
4141270
4141625
4141745
4141860
4142105
4142403
4142450
4142713
4142933
4143035
4143133
4143376
4143588
4144162
4144389
4144629
4144892
4145035
4145139
4145379
4146104
4146230
4146497
4146761
4146996
4147110
4147350
4147590
4147843
4147959
4148062
4148140
4148452
4148493
4148745
4149066
4149250
4149357
4149475
4149723
4150233
4150802
4151048
4151367
4151545
4151610
4151900
4152031
4152278
4152523
4152635
4152670
4152785
4153030
4153141
4153363
4153606
4153724
4153825
4154073
4154187
4154296
4154385
4154498
4154733
4154865
4155107
4155209
4155457
4155694
4155808
4156047
4156124
4156231
4156345
4156410
4156522
4156690
4156884
4156992
4157223
4157675
4157914
4158177
4158416
4158560
4158792
4159211
4159304
4159411
4159526
4159658
4159763
4159874
4160002
4160241
4160422
4160663
4161059
4161291
4161404
4161784
4161904
4162007
4162357
4162615
4162914
4163273
4163600
4163823
4164052
4164281
4164528
4164628
4165067
4165342
4165572
4165686
4165933
4166161
4166422
4166655
4167075
4167297
4167401
4167502
4167596
4167692
4167925
4168139
4168330
4168670
4169030
4169393
4169465
4169557
4170039
4170133
4170332
4170555
4170750
4170977
4171165
4171422
4171645
4171890
4171986
4172086
4172302
4172440
4172655
4172942
4173143
4173357
4173409
4173624
4173827
4173954
4173973
4174134
4174260
4174468
4174735
4174904
4175121
4175268
4175695
4175848
4176075
4176296
4176416
4176640
4176757
4176829
4177064
4177269
4177473
4177562
4177719
4177998
4178091
3683316
3683535
3683716
3683808
3683903
3683994
3684085
3684167
3684241
3684332
3684382
3684482
3684575
3684667
3684757
3684840
3684984
3685101
3685273
3685363
3685527
3685667
3685792
3685967
3686053
3686270
3686449
3686535
3686632
3686722
3686819
3687304
3687384
3687431
3687634
3687971
3688118
3688201
3688295
3688433
3688515
3688565
3688855
3688945
3689350
3689460
3689553
3689642
3689731
3689801
3689943
3690028
3690243
3690690
3690758
3690941
3691154
3691329
3691687
3691858
3691955
3692037
3692151
3692232
3692314
3692386
3692469
3692635
3693026
3693182
3693286
3694017
3694152
3694283
3694315
3694404
3694724
3694828
3695297
3695484
3695683
3695831
3696016
3696173
3696356
3696835
3697131
3697220
3697271
3697372
3697570
3697769
3697921
3698032
3698142
3698774
3699051
3699357
3699545
3700404
3700637
3700793
3700882
3700961
3701041
3701567
3701949
3702271
3702818
3703220
3703517
3703636
3703700
3703810
3704019
3704145
3704350
3704578
3704687
3704795
3704907
3705014
3706536
3706753
3706985
3707103
3707217
3707421
3707602
3707906
3708141
3708496
3708627
3708840
3708954
3709083
3709298
3709414
3709531
3709826
3709941
3710462
3710706
3710862
3711085
3711306
3711480
3711595
3711827
3712258
3712512
3712633
3712900
3713516
3713723
3713856
3714268
3714400
3714641
3714885
3715023
3715257
3715383
3715611
3716057
3716319
3716483
3716723
3716859
3716987
3717082
3717308
3717515
3717741
3717923
3718164
3718315
3718635
3718904
3719147
3719389
3719528
3719771
3720003
3720146
3720287
3720521
3720699
3720774
3720839
3721082
3721318
3721653
3721884
3722111
3722349
3722567
3722798
3723015
3723225
3723415
3723536
3723723
3723865
3724216
3724350
3726374
3726509
3726756
3726989
3727353
3727524
3727777
3727905
3728067
3728189
3728437
3728822
3729062
3729377
3729577
3729971
3730489
3731063
3731485
3731732
3732012
3732269
3732523
3734487
3734657
3734804
3734937
3735164
3735547
3735794
3735913
3736075
3736332
3736501
3736757
3736893
3737098
3737482
3737855
3737999
3738248
3738478
3738723
3738922
3739195
3739336
3739585
3739832
3740071
3740271
3740397
3742869
3743142
3743390
3743533
3743782
3743786
3743927
3744028
3744219
3744401
3744671
3744959
3745094
3745210
3745521
3745777
3746039
3746318
3746559
3746711
3746966
3747101
3747754
3747838
3748365
3748525
3748963
3749141
3749150
3749397
3749657
3749794
3750055
3750309
3750442
3750596
3750780
3751056
3751323
3751574
3752214
3752507
3752924
3753182
3753319
3753453
3753588
3755530
3755669
3755804
3755937
3756045
3756175
3756295
3756431
3756573
3756705
3756815
3756919
3757040
3757146
3757283
3757548
3757708
3757891
3758143
3758376
3758639
3758966
3759270
3759505
3759734
3759973
3760325
3760520
3760716
3760841
3761065
3761303
3761537
3761769
3762033
3762277
3762488
3762727
3762985
3763218
3763348
3763595
3763911
3764020
3764219
3764290
3764530
3764909
3765160
3765377
3765735
3766109
3766366
3766488
3766734
3766854
3766963
3767130
3767241
3767356
3767468
3767534
3767642
3767801
3767996
3768253
3768376
3768939
3769186
3769536
3769765
3770075
3770198
3770283
3770538
3770792
3771012
3771046
3771291
3771402
3771644
3771759
3771874
3771923
3772052
3772299
3772358
3774458
3774599
3774724
3775457
3775705
3776329
3776564
3776694
3776961
3777244
3777645
3777769
3777892
3777962
3778086
3778358
3778476
3778603
3779202
3779498
3779738
3780118
3780525
3780763
3780994
3781430
3781950
3782453
3782734
3782913
3783345
3783603
3783867
3784099
3785803
3786001
3786177
3786330
3786567
3786682
3786935
3787192
3787459
3787906
3788820
3789124
3790002
3790260
3790378
3790801
3791078
3791378
3791590
3791850
3792130
3792374
3792956
3793080
3793223
3793342
3793493
3793611
3793747
3793988
3794379
3794493
3794768
3794886
3795013
3795196
3795366
3795496
3795832
3795981
3796104
3796230
3796353
3796482
3796729
3796894
3797196
3797584
3797634
3797791
3798226
3798538
3798679
3798938
3799196
3799486
3800097
3800218
3800655
3800868
3801140
3801423
3801714
3801966
3802160
3802273
3802630
3803057
3803177
3803494
3803762
3804030
3804168
3804419
3804632
3805573
3805813
3806048
3806407
3806642
3807059
3807448
3807695
3807944
3808552
3808918
3809280
3809547
3809798
3810408
3810558
3810747
3811422
3811826
3812081
3812322
3812449
3812738
3812820
3813069
3813310
3813437
3813616
3813722
3814600
3816398
3816692
3816898
3817149
3817267
3817476
3817792
3818044
3818292
3818693
3818949
3819330
3819496
3819762
3819901
3820310
3820447
3820889
3821081
3821365
3821687
3822060
3822302
3822598
3822804
3822940
3823181
3823409
3823663
3824521
3824651
3824752
3825001
3825271
3825606
3825979
3826230
3826513
3826768
3827851
3828068
3828198
3828322
3828678
3828813
3829079
3829260
3829799
3830068
3830447
3830984
3831135
3831293
3831536
3831741
3831864
3831996
3832108
3832235
3832345
3832478
3832504
3832612
3832683
3832909
3833271
3834262
3834545
3834772
3835213
3835647
3835887
3835994
3836105
3836213
3836473
3836579
3836826
3837031
3837651
3837774
3838022
3838338
3838538
3838807
3839139
3839257
3839300
3839513
3839696
3839829
3839946
3840062
3840103
3840226
3840282
3840398
3840515
3840627
3840749
3840863
3840972
3841954
3842123
3842240
3842364
3842487
3842604
3842719
3842759
3842776
3842820
3842935
3842972
3843226
3843474
3843726
3843901
3844707
3844989
3845251
3845899
3846158
3846407
3846576
3846920
3847123
3847407
3847740
3847955
3848047
3848127
3848340
3848545
3848789
3849146
3849260
3849605
3849731
3849834
3850084
3850457
3850646
3850834
3850873
3850993
3851260
3851625
3851629
3851748
3852000
3852393
3852601
3852869
3852986
3853103
3853550
3853784
3853899
3853995
3854205
3854444
3854690
3854883
3855110
3855259
3855481
3855731
3855966
3856639
3857016
3857515
3857692
3857944
3858190
3858275
3858541
3858796
3859018
3859279
3859412
3859643
3859901
3860128
3861409
3861564
3862066
3862198
3862407
3862620
3862764
3863019
3863606
3863853
3864026
3864243
3864637
3864883
3865017
3865231
3865480
3865725
3866007
3866260
3866512
3866752
3866919
3867198
3867515
3868978
3869212
3869248
3869399
3869525
3869742
3869999
3870006
3870166
3870421
3870676
3870913
3871198
3871474
3871818
3872099
3872597
3872838
3873096
3873296
3873524
3873754
3873928
3874107
3874353
3874697
3874780
3875146
3875176
3875226
3875484
3875619
3875840
3876030
3876171
3876299
3876430
3876673
3876778
3876865
3877124
3877291
3877516
3877713
3877846
3878027
3878153
3878465
3878729
3878847
3878970
3879221
3879481
3879733
3879926
3880054
3880178
3880228
3880484
3880733
3880970
3881216
3881289
3881472
3881606
3881865
3882322
3882565
3882688
3882916
3883136
3883371
3883661
3883933
3884182
3886213
3886345
3886592
3886836
3887097
3887341
3887589
3887831
3887983
3888128
3888419
3888689
3888840
3888977
3889096
3889186
3889281
3889401
3889475
3889587
3889725
3889856
3889928
3890331
3890590
3890846
3891104
3891350
3891597
3891759
3891992
3892234
3892378
3892668
3892919
3893163
3893405
3893917
3894145
3894334
3894465
3894580
3894834
3894952
3895171
3895413
3895588
3895721
3895847
3895961
3896073
3896177
3896420
3897089
3897306
3897526
3897567
3897686
3897811
3897937
3898076
3898203
3898331
3898584
3898891
3899130
3899258
3899479
3899716
3899837
3899918
3900409
3900557
3900805
3901058
3901186
3901428
3901666
3902242
3902443
3902542
3902898
3903149
3903276
3903371
3903627
3903744
3903971
3904118
3904353
3904460
3904842
3904968
3905158
3905561
3905739
3905993
3906241
3906373
3906694
3906940
3907312
3907564
3907856
3907984
3908230
3908359
3908453
3909143
3909277
3909622
3909806
3910129
3910362
3910607
3910846
3911092
3911230
3911341
3911420
3912754
3913053
3913318
3913409
3913776
3913945
3914072
3914203
3914514
3914995
3915127
3915255
3915601
3915726
3917229
3917309
3917440
3917530
3917669
3917838
3917922
3918055
3918205
3918469
3918651
3918981
3919062
3919305
3919424
3919551
3919676
3919920
3920087
3920375
3920616
3920910
3921255
3921668
3921817
3922086
3922562
3922800
3922987
3923027
3923051
3923323
3923539
3923883
3924095
3924414
3925897
3926147
3926385
3926563
3926813
3927164
3927591
3927973
3928310
3928477
3928682
3928906
3929147
3929355
3929478
3929610
3930120
3930244
3930256
3930509
3930723
3930847
3931096
3931199
3931321
3931565
3931676
3931923
3932046
3932290
3932330
3932458
3932718
3932822
3932998
3933398
3933631
3934235
3934697
3934972
3935189
3935465
3935579
3935875
3935986
3936287
3936539
3936668
3936918
3937092
3937346
3937671
3937797
3938047
3938414
3938705
3938946
3939189
3939455
3939573
3939866
3940054
3940287
3940613
3940809
3940920
3941074
3941671
3941915
3942067
3942355
3942479
3942593
3942708
3942969
3943223
3943479
3943708
3943921
3944123
3944241
3944496
3944661
3944890
3945004
3945274
3946066
3946758
3947057
3947264
3947518
3947798
3947927
3948174
3948330
3948466
3948586
3948842
3949562
3949642
3949970
3950213
3950512
3950762
3950966
3951085
3951682
3951957
3952179
3952294
3952574
3952851
3953100
3953346
3953467
3953597
3953748
3953821
3954067
3954259
3954378
3954431
3954483
3954755
3955006
3955123
3955221
3955487
3955925
3956081
3956303
3956529
3956780
3957019
3957262
3957279
3957494
3957617
3957729
3957971
3958076
3958185
3958787
3959011
3959391
3959655
3959891
3960003
3960240
3960387
3960497
3960793
3960899
3961148
3961395
3961472
3961579
3961825
3962054
3962285
3962619
3962804
3963150
3963274
3963523
3963815
3964093
3964341
3964585
3964826
3965138
3965343
3965669
3965757
3965822
3966099
3966697
3966949
3967093
3967336
3967455
3967705
3968298
3968802
3969050
3969130
3969518
3969846
3969973
3970229
3970350
3970469
3970872
3971136
3971401
3971639
3971876
3972113
3972221
3972363
3972638
3972885
3973252
3973451
3973568
3973816
3973925
3974039
3974292
3974536
3974786
3974899
3975141
3975276
3975492
3975688
3975958
3976386
3976635
3976768
3976947
3977191
3977465
3977798
3978048
3978316
3978558
3978741
3979019
3980634
3980919
3981236
3981480
3981711
3981839
3982313
3982541
3982690
3982936
3983179
3983405
3983549
3983904
3984202
3984354
3984814
3985178
3985314
3986556
3987062
3987280
3987528
3987777
3988013
3988412
3988765
3989010
3989223
3989522
3990041
3990142
3990293
3990548
3991372
3991606
3991914
3992216
3992378
3992893
3993269
3993535
3993646
3993895
3994364
3994521
3994709
3994907
3995054
3995201
3995345
3995479
3995593
3995761
3995947
3996095
3996243
3997644
3997913
3998307
3998560
3998870
3999123
3999638
4000368
4000668
4001147
4001448
4001747
4002107
4002761
4003221
4003470
4003726
4003961
4005014
4005190
4005631
4005884
4006237
4006550
4006904
4007215
4007467
4007685
4008087
4008114
4008444
4008697
4008929
4009130
4009281
4009395
4009768
4010074
4010321
4010578
4010836
4011075
4011177
4011398
4011536
4011630
4011735
4011824
4012053
4012175
4012252
4012481
4012609
4013184
4013426
4013672
4013859
4014526
4014889
4015129
4015319
4015591
4015835
4016035
4016143
4016395
4016520
4017001
4017108
4017229
4017474
4017575
4017674
4017997
4018304
4018558
4018654
4018772
4018916
4019005
4019110
4019202
4019431
4019747
4019860
4021390
4021638
4021739
4022037
4022152
4022292
4022450
4022551
4022646
4022738
4022833
4022929
4023184
4023289
4023538
4023646
4023754
4024007
4024253
4024588
4024760
4024881
4025137
4025233
4025539
4025757
4025915
4026053
4026152
4026245
4026341
4026463
4026550
4026662
4026791
4026964
4027060
4027174
4027316
4027411
4027571
4027664
4027768
4027920
4028018
4028357
4028580
4029075
4029418
4029681
4029871
4030137
4030208
4030634
4031136
4031395
4031460
4031687
4031918
4032133
4032281
4032523
4032875
4033090
4033262
4033772
4034047
4034432
4034684
4034783
4035086
4035341
4035884
4036210
4036459
4036801
4036914
4037090
4037333
4037594
4037854
4037993
4038288
4038821
4039077
4039238
4039318
4039551
4039705
4039840
4040080
4040171
4040248
4040354
4040521
4040635
4040784
4040872
4040994
4041030
4041183
4041318
4041385
4041550
4041705
4041724
4041978
4042372
4042543
4042791
4042980
4043281
4044022
4044177
4044457
4044880
4045206
4045372
4045646
4045897
4046149
4046334
4046938
4047459
4047718
4047917
4048081
4048235
4048597
4048763
4048922
4049126
4050167
4050417
4050462
4050718
4050875
4051020
4051184
4051322
4051433
4051591
4051809
4052132
4052338
4052890
4053229
4053392
4053547
4053805
4053982
4054487
4054659
4054815
4055094
4055353
4055514
4055767
4055921
4056414
4056586
4056629
4056970
4057316
4057971
4058081
4058232
4058489
4058747
4059051
4059296
4059439
4059674
4059922
4060237
4060377
4060507
4060609
4060817
4060942
4061053
4061190
4061318
4061525
4061731
4061980
4062230
4062576
4062707
4063192
4063361
4063673
4063920
4064481
4064532
4064806
4065121
4065424
4065561
4065901
4066034
4066175
4066314
4066440
4066568
4067127
4067357
4067760
4067908
4068138
4068390
4068641
4068872
4069121
4069254
4069507
4069603
4070183
4070565
4071056
4071310
4071451
4071692
4071763
4072011
4072291
4072432
4072664
4073029
4073163
4073415
4073516
4075483
4075616
4075747
4075964
4076306
4076557
4076731
4076812
4077011
4077315
4077541
4077783
4078062
4078536
4079099
4079335
4079715
4080128
4080375
4080704
4080954
4081201
4081449
4081762
4081771
4082013
4082155
4082319
4082740
4082971
4083169
4083417
4083545
4083682
4083809
4083939
4084247
4084681
4085195
4085444
4085512
4085642
4085893
4086147
4086394
4086653
4086871
4087169
4087447
4087700
4087978
4088277
4088640
4089190
4089437
4089677
4090053
4090299
4090570
4090910
4091380
4091525
4092023
4092203
4092373
4092509
4092776
4092999
4093144
4093418
4093555
4093745
4093875
4094135
4094502
4094754
4095068
4095581
4095821
4096091
4096233
4096358
4096680
4097606
4098076
4098373
4098585
4098724
4098854
4099084
4099330
4099777
4099959
4100108
4100613
4100912
4101056
4101360
4101800
4102068
4102357
4102500
4102628
4102759
4102917
4103051
4103185
4103300
4103481
4103648
4103775
4103885
4104005
4104152
4104406
4104512
4104764
4104879
4105122
4105220
4105386
4105493
4105559
4105595
4105744
4105847
4106134
4106385
4106616
4106857
4107054
4107259
4107369
4107751
4108229
4108339
4108584
4108767
4109253
4109614
4109862
4110540
4110691
4110852
4110956
4111123
4111206
4111274
4111851
4111942
4112038
4112256
4112464
4112765
4112984
4113607
4114016
4114041
4114156
4114442
4114678
4114789
4114894
4115181
4115257
4115361
4115422
4115514
4115691
4115945
4116125
4116244
4116288
4116374
4116472
4116688
4116776
4116875
4117259
4117508
4117622
4117733
4118190
4118870
4119060
4119286
4119396
4119599
4119710
4119817
4119923
4120074
4120179
4120406
4120597
4120785
4120893
4121001
4121113
4121387
4121397
4121507
4121626
4121872
4121968
4122009
4122107
4122348
4122440
4122600
4122839
4122962
4123063
4123405
4123564
4123714
4123773
4123923
4124070
4124106
4124515
4124604
4126306
4126594
4126768
4127026
4127247
4127393
4127577
4127830
4128506
4128971
4129121
4129171
4129327
4129476
4129610
4129756
4129902
4129956
4130102
4130244
4130625
4130875
4131588
4131835
4132063
4132210
4132348
4132486
4132626
4132753
4132896
4133160
4134342
4134584
4134748
4135090
4135392
4135738
4135987
4136238
4136482
4136731
4136983
4137228
4137456
4137629
4137838
4138005
4138196
4138608
4138992
4139632
4139878
4140117
4140412
4140555
4140805
4140942
4141062
4141296
4141444
4141591
4141981
4142229
4142367
4142531
4142805
4143217
4143459
4144144
4144472
4144729
4144981
4145266
4145491
4145633
4145773
4145905
4146025
4146221
4146449
4146692
4146880
4147218
4147471
4147719
4148250
4148811
4149047
4149205
4149655
4149927
4150058
4150182
4150439
4150592
4150771
4151018
4151211
4151467
4151754
4152010
4152481
4152995
4153310
4153558
4154030
4154685
4155083
4155354
4155604
4155943
4156660
4156854
4157149
4157629
4157872
4158091
4158338
4158685
4158915
4159048
4160167
4160468
4160775
4161012
4161246
4161714
4162148
4162281
4162521
4162809
4163460
4163702
4163934
4164212
4164441
4164777
4164971
4165208
4165397
4165849
4166076
4166334
4166577
4166801
4166817
4167712
4167979
4168202
4168439
4168556
4168794
4168940
4169182
4169675
4169808
4169953
4170223
4170529
4170807
4171074
4171259
4171588
4171807
4172224
4172511
4172737
4172948
4173215
4173561
4173883
4173947
4173974
4174069
4174371
4174547
4174775
4175001
4175347
4175477
4175612
4175932
4176224
4176605
4176960
4177167
4177367
4177694
4177820
4178129
3683040
3683117
3683201
3683393
3683474
3683567
3684876
3685042
3685191
3685386
3685485
3685687
3685853
3686120
3686210
3686340
3686866
3686985
3687061
3687117
3687206
3687566
3687659
3687770
3687854
3687932
3688371
3688486
3688549
3688698
3688771
3689041
3689127
3689176
3689263
3689863
3690079
3690258
3690369
3690457
3690528
3690631
3690827
3690991
3691111
3691281
3691383
3691474
3691552
3691728
3691915
3692528
3692705
3692819
3692917
3693098
3693322
3693442
3693532
3693615
3693652
3693735
3693807
3693864
3693948
3694086
3694465
3694680
3695365
3695563
3695758
3695934
3696083
3696266
3696408
3696509
3696563
3696725
3696928
3697337
3697465
3697650
3697791
3697985
3698246
3698343
3698404
3698484
3698590
3698649
3698674
3698696
3698718
3698926
3699142
3699242
3699435
3699684
3699729
3699832
3700463
3700685
3700833
3700924
3701051
3701468
3701715
3701721
3702063
3702331
3702868
3702968
3703271
3703566
3703744
3703765
3704064
3704189
3704393
3704626
3704732
3704840
3704952
3706580
3706914
3707037
3707261
3707467
3707793
3708005
3708185
3708540
3708672
3708887
3709006
3709127
3709343
3709461
3709573
3709874
3709999
3710512
3710757
3710915
3711135
3711354
3711535
3711641
3711880
3712312
3712569
3712872
3713570
3713771
3713910
3714323
3714453
3714700
3714948
3715082
3715316
3715493
3716117
3716380
3716544
3716784
3716912
3717115
3717373
3717576
3717856
3718119
3718295
3718644
3718656
3718925
3719168
3719451
3719586
3719825
3720019
3720163
3720437
3720625
3720770
3720893
3721135
3721372
3721709
3721941
3722165
3722400
3722715
3722937
3723179
3723462
3723769
3723910
3724270
3726351
3726621
3726869
3727139
3727272
3727698
3728388
3728605
3728737
3728972
3729345
3729499
3729748
3729887
3730146
3730297
3730419
3730582
3730709
3730848
3730995
3731225
3731340
3731651
3731914
3732180
3732442
3732636
3732795
3732930
3733059
3733190
3733313
3733430
3733549
3733668
3733790
3733954
3734056
3734172
3734327
3734437
3735077
3735329
3735456
3735709
3736250
3736677
3737008
3737251
3737396
3737646
3737758
3738153
3738387
3738602
3738831
3739116
3739376
3739529
3739776
3739992
3740529
3740894
3741861
3741910
3742035
3742113
3742788
3743045
3743303
3743694
3744276
3744582
3744834
3745428
3745688
3745940
3746224
3746488
3746870
3747210
3747319
3747341
3747446
3747568
3747686
3747928
3748186
3748299
3748417
3748717
3748847
3749307
3749584
3749970
3750221
3750975
3751239
3751493
3751746
3752112
3752359
3752447
3752605
3752858
3753162
3753783
3753904
3754033
3754160
3754275
3754506
3754623
3754783
3754898
3755016
3755190
3755331
3755466
3757503
3757875
3758125
3758424
3758677
3758868
3759112
3759223
3759458
3759647
3759937
3760169
3761006
3761252
3761485
3761723
3761987
3762224
3762580
3762954
3763187
3763575
3763738
3763784
3764144
3764483
3764731
3764861
3765113
3765326
3765571
3765844
3765973
3766328
3766706
3767093
3767944
3768204
3768575
3768693
3768830
3769075
3769160
3769241
3769449
3769685
3769887
3770012
3770503
3770753
3770993
3771242
3771357
3771625
3772262
3772565
3772689
3772809
3773015
3773139
3773261
3773387
3773527
3773672
3773812
3773942
3774061
3774206
3774249
3774267
3774290
3774425
3774839
3774990
3775107
3775275
3775412
3775661
3775898
3776009
3776132
3776518
3776647
3777044
3777368
3777502
3778185
3778730
3778862
3778945
3779206
3779362
3779598
3779832
3779941
3780189
3780369
3780623
3781097
3781290
3781664
3781802
3782058
3782188
3782321
3782570
3783015
3783238
3783460
3783704
3783988
3784267
3784664
3784886
3785096
3785348
3785595
3785835
3786430
3786809
3787119
3787371
3787616
3787789
3788154
3788295
3788429
3788569
3788698
3788890
3789186
3789390
3789521
3789650
3789854
3790106
3790528
3790668
3791091
3791341
3791620
3792002
3792429
3792596
3792781
3793876
3794130
3794413
3795122
3795216
3795577
3795688
3796608
3797061
3797425
3797869
3798009
3798259
3798425
3798756
3799115
3799348
3799597
3799732
3799857
3800111
3800344
3800547
3800883
3801321
3801575
3801834
3802387
3802610
3802847
3803366
3803647
3803894
3804285
3804648
3804978
3805576
3805927
3806051
3806411
3806647
3807064
3807451
3807698
3807946
3808717
3808923
3809136
3809285
3809554
3809801
3810413
3810559
3810748
3811425
3811833
3812086
3812325
3812454
3812717
3812822
3813073
3813314
3813440
3813570
3813726
3813978
3814229
3814469
3814589
3816404
3816696
3816903
3817152
3817277
3817527
3817798
3818046
3818296
3818698
3818953
3819335
3819500
3819767
3819906
3820315
3820451
3820893
3821086
3821366
3821690
3822063
3822304
3822602
3822808
3822943
3823217
3823469
3824460
3824648
3824755
3825003
3825275
3825612
3825985
3826234
3826519
3826772
3827000
3827094
3827209
3827537
3827665
3827875
3828083
3828199
3828508
3828741
3829083
3829324
3829802
3830073
3830451
3830990
3831138
3831296
3831540
3831746
3831868
3832001
3832113
3832239
3832467
3832627
3832766
3833273
3833483
3833614
3833722
3833828
3833931
3834030
3834132
3834442
3834928
3835113
3835485
3835608
3835700
3835937
3836046
3836158
3836402
3836525
3836631
3836877
3837138
3837710
3837833
3838114
3838428
3838624
3839190
3839359
3839574
3839756
3839887
3840039
3840165
3840331
3840447
3840568
3840685
3840806
3840918
3842009
3842148
3842265
3842399
3842560
3842667
3842735
3842778
3842873
3843030
3843292
3843535
3843782
3844031
3844763
3845044
3845462
3845955
3846211
3846460
3846707
3847067
3847087
3847458
3847797
3848012
3848060
3848360
3848581
3848838
3849095
3849241
3849647
3851006
3851316
3851680
3851801
3852057
3852452
3852658
3852929
3853049
3853440
3853612
3853861
3853966
3854240
3854490
3854742
3854936
3855310
3855677
3855920
3856698
3856853
3856969
3857107
3857338
3857483
3857886
3858166
3858314
3858587
3858835
3859064
3859315
3859447
3859689
3859982
3860216
3861451
3861611
3861874
3862123
3862208
3862419
3862670
3862925
3863168
3863336
3863652
3863908
3864095
3864278
3864709
3864952
3865274
3865522
3865792
3866052
3866305
3866555
3866794
3866945
3867296
3867558
3868019
3868217
3868675
3868912
3869154
3869291
3869441
3869573
3869819
3870211
3870465
3870753
3871058
3871292
3871650
3871898
3872151
3872643
3872898
3872913
3873343
3873542
3873781
3873977
3874157
3874405
3874742
3875118
3875279
3875532
3875866
3876075
3876213
3876341
3876476
3876759
3876870
3876898
3877337
3877574
3877762
3878069
3878237
3878374
3878522
3878770
3878901
3878961
3879267
3879529
3879852
3879983
3880106
3880278
3880662
3880903
3881078
3881422
3881498
3881785
3882032
3882214
3882455
3882781
3883014
3883474
3883920
3884167
3884285
3886205
3886331
3886571
3886798
3887050
3887289
3887443
3887665
3887873
3887971
3888116
3888409
3888430
3888677
3888827
3888966
3889081
3889176
3889272
3889391
3889545
3889650
3889721
3889847
3889925
3890078
3890322
3890579
3890834
3891095
3891343
3891588
3891751
3891981
3892203
3892368
3892658
3892909
3893157
3893372
3893884
3894137
3894326
3894456
3894571
3894582
3894826
3894949
3895024
3895299
3895579
3895714
3895841
3895956
3896065
3896169
3896470
3897225
3897432
3897560
3897679
3897797
3897835
3898065
3898194
3898316
3898564
3898883
3899122
3899250
3899480
3899679
3899769
3899880
3900004
3900028
3900161
3900411
3900548
3900797
3901050
3901178
3901280
3901479
3901664
3901785
3901899
3901982
3902218
3902435
3902534
3902889
3903141
3903259
3903366
3903446
3903713
3904401
3904561
3904735
3905008
3905849
3906054
3906302
3906477
3906606
3906853
3907045
3907166
3907405
3907598
3907722
3907929
3908084
3908483
3908752
3908895
3909022
3909408
3909518
3909933
3910047
3910278
3910524
3910768
3910974
3911736
3911939
3912262
3912370
3912474
3912577
3912679
3912862
3912921
3913168
3913438
3913669
3914279
3914415
3914654
3914793
3914890
3915335
3915445
3915818
3915936
3915990
3916110
3916219
3916357
3916471
3916513
3916628
3916686
3916789
3916920
3917005
3918244
3918495
3918744
3919150
3919771
3920108
3920295
3920572
3920776
3920979
3921145
3921394
3921518
3921924
3922125
3922347
3922466
3922719
3923137
3923258
3923475
3923670
3923767
3923972
3924234
3924340
3924581
3924655
3924776
3924882
3924920
3925012
3925111
3925232
3925354
3925452
3925572
3925672
3926088
3926423
3926637
3926877
3927070
3927253
3927400
3927553
3927801
3927893
3928047
3928225
3928506
3928989
3929222
3930052
3930175
3930289
3930658
3930782
3931044
3931137
3931262
3931506
3931614
3931861
3931948
3931986
3932235
3932346
3932462
3932706
3932791
3932858
3932987
3933381
3933543
3933776
3934609
3934856
3935085
3935214
3935512
3935626
3935819
3935930
3936226
3936480
3936603
3936861
3937031
3937281
3937378
3937611
3937737
3937986
3938352
3938662
3938903
3939147
3939401
3939517
3939812
3939998
3940234
3940557
3940763
3940865
3940956
3941037
3941614
3941730
3941970
3942056
3942302
3942418
3942536
3942653
3942911
3943173
3943426
3943658
3943900
3944020
3944066
3944183
3944308
3944440
3944631
3944833
3944942
3945061
3945192
3945595
3946109
3946692
3946930
3947101
3947229
3947479
3947832
3947897
3948097
3948206
3948318
3948425
3948485
3948587
3948827
3949074
3949187
3949386
3949566
3949972
3950216
3950457
3950712
3950912
3950975
3951003
3951090
3951604
3951854
3952101
3952218
3952341
3952517
3952651
3952770
3953022
3953137
3953373
3953456
3953569
3953642
3953756
3953797
3954047
3954239
3954354
3954460
3954733
3954982
3955095
3955202
3955431
3955656
3955985
3956036
3956059
3956285
3956504
3956745
3956989
3957202
3957272
3957473
3957593
3957705
3957945
3958053
3958161
3958762
3958995
3959371
3959630
3959868
3959980
3960091
3960328
3960431
3960536
3960773
3960882
3961127
3961374
3961467
3961485
3961603
3961844
3962089
3962260
3962442
3962594
3962775
3962796
3963123
3963245
3963495
3963787
3963905
3964032
3964064
3964315
3964562
3964802
3965114
3965317
3965565
3965598
3965767
3965931
3966181
3966520
3966817
3967007
3967216
3967484
3967736
3967870
3967879
3968016
3968147
3968391
3968552
3968670
3968855
3969077
3969217
3969350
3969597
3969736
3970067
3970488
3970618
3970745
3970841
3971025
3971223
3971346
3971512
3971755
3972471
3972604
3972841
3973053
3973076
3973653
3974134
3974378
3974625
3974937
3975181
3975349
3975556
3975811
3976152
3976343
3976597
3976662
3976760
3976868
3977125
3977373
3977627
3977714
3977970
3978406
3978595
3978688
3978938
3980548
3980798
3980979
3981160
3981198
3981452
3981631
3981760
3981883
3982342
3982550
3982796
3982941
3983309
3983449
3983701
3983932
3984152
3984220
3984327
3984724
3984976
3985198
3985324
3986468
3986704
3986878
3987182
3987435
3987682
3987926
3988333
3988674
3988813
3989046
3989926
3990068
3990216
3990462
3991341
3991570
3991796
3991972
3992250
3992392
3992858
3993230
3993502
3993620
3993890
3994327
3994484
3994672
3994819
3994964
3995083
3995227
3995411
3995557
3995728
3995913
3996060
3996207
3997613
3997876
3998270
3998519
3998550
3998852
3999091
3999609
4000338
4000628
4001109
4001405
4001714
4002072
4002722
4003183
4003432
4003682
4003924
4004971
4005149
4005398
4005592
4005790
4006092
4006310
4006517
4006737
4007054
4007172
4007425
4007640
4008046
4008292
4008511
4008756
4008986
4009511
4009670
4009979
4010393
4010767
4010867
4011242
4011884
4012240
4012467
4012682
4012873
4013028
4013245
4013584
4013926
4014074
4014220
4014361
4014609
4014695
4014949
4015395
4015647
4015891
4016232
4016588
4016795
4017297
4017729
4018137
4018368
4019263
4019487
4019755
4020007
4020163
4020188
4020220
4020278
4020458
4020656
4020809
4020912
4021068
4021213
4021480
4021917
4023038
4023392
4023854
4024107
4024353
4024594
4024990
4025338
4025584
4025655
4028036
4028277
4028563
4028685
4029176
4029528
4029800
4029970
4030303
4030457
4030711
4031234
4031445
4031730
4032035
4032214
4032454
4032974
4033252
4033892
4034140
4034546
4034843
4035190
4035373
4035986
4036319
4036751
4037024
4037276
4037784
4038025
4038387
4039017
4039188
4039393
4039633
4039931
4040268
4040451
4041014
4041130
4041292
4041485
4041651
4041697
4041828
4042118
4042476
4042732
4043011
4043372
4044122
4044550
4044973
4045313
4045740
4045994
4046410
4047036
4047563
4048002
4048179
4048429
4048711
4048861
4049222
4050266
4050512
4050867
4051018
4051270
4051369
4051906
4052236
4052451
4052939
4053278
4053597
4054026
4054538
4054869
4055149
4055402
4055564
4055814
4056096
4056472
4056607
4056858
4057107
4057374
4057641
4057867
4058026
4058194
4058410
4058567
4058802
4059109
4059349
4059493
4059974
4060283
4060427
4060553
4060770
4060909
4061104
4061237
4061405
4061650
4061942
4062279
4062630
4062883
4063264
4063418
4063727
4063974
4064424
4064585
4064862
4065205
4065539
4065947
4066097
4066228
4066359
4066533
4066773
4067152
4067399
4067866
4068190
4068465
4068688
4068920
4069170
4069429
4069563
4069694
4070233
4070619
4071106
4071358
4071642
4071806
4072089
4072342
4072582
4073121
4073214
4073616
4075537
4075675
4076139
4076356
4076608
4076747
4077019
4077363
4077590
4077832
4078111
4078500
4079066
4079302
4079681
4080090
4080336
4080663
4080913
4081162
4081406
4081726
4081731
4081975
4082103
4082303
4082709
4082888
4083017
4083101
4083224
4083266
4083457
4083592
4083714
4083853
4084157
4084556
4085108
4085365
4085491
4085549
4085678
4085916
4086157
4086482
4086729
4086885
4087154
4087432
4087617
4087812
4088163
4088385
4088559
4089098
4089348
4089588
4089728
4090131
4090480
4090660
4090823
4091293
4091429
4091740
4091934
4092113
4092243
4092285
4092416
4092660
4092783
4092919
4093054
4093322
4093454
4093583
4093684
4093811
4094064
4094414
4094552
4094799
4094979
4095110
4095505
4095736
4095863
4096148
4096305
4096605
4096952
4097223
4097464
4097589
4098026
4098294
4098419
4098631
4098718
4098851
4098978
4099260
4099698
4099877
4100002
4100128
4100606
4100829
4100950
4101070
4101322
4101715
4101987
4102274
4102404
4102527
4102669
4102786
4103000
4103125
4103219
4103330
4103412
4103529
4103585
4104344
4104705
4105059
4105329
4105677
4106057
4106223
4106469
4106796
4106951
4107222
4107484
4107627
4107869
4108004
4108140
4108536
4108878
4109084
4109222
4109489
4109797
4110053
4110276
4110407
4110568
4110807
4111616
4112195
4112357
4112598
4112726
4112944
4113087
4113251
4113391
4113549
4113789
4114299
4114591
4115023
4115609
4115854
4116588
4116988
4117189
4117436
4117892
4117957
4118166
4118370
4118533
4118658
4118829
4119160
4119531
4119996
4120309
4120562
4120668
4121292
4121809
4122274
4122527
4122769
4123189
4123460
4123620
4123631
4123827
4123981
4124163
4124308
4124473
4124634
4126334
4126621
4126823
4127080
4127302
4127449
4127806
4128560
4129023
4129228
4129385
4129531
4129662
4129813
4130010
4130161
4130307
4130683
4130935
4131648
4131888
4132123
4132257
4132532
4132674
4133010
4133138
4133276
4133400
4133516
4133641
4133733
4134078
4134309
4134470
4134713
4134953
4135060
4135313
4135575
4135702
4135876
4136205
4136449
4136694
4136971
4138582
4138835
4138943
4139195
4139550
4139829
4140072
4140656
4141232
4141684
4141814
4141931
4142186
4142479
4142761
4143001
4143096
4143351
4143457
4144235
4144464
4144702
4144968
4145122
4145418
4146175
4146350
4146604
4146837
4147066
4147181
4147417
4147434
4147684
4147932
4148042
4148201
4148441
4148567
4148821
4149313
4149430
4149548
4149795
4150312
4150901
4151338
4151525
4151607
4151982
4152223
4152360
4152614
4152745
4152855
4153111
4153443
4153704
4153898
4154151
4154266
4154463
4154571
4154817
4154941
4155234
4155485
4155724
4156023
4156206
4156322
4156480
4156685
4156950
4157293
4157477
4157584
4157696
4157950
4158499
4158776
4159228
4159337
4159449
4159561
4159691
4159827
4159937
4160052
4160291
4160529
4160714
4161091
4161354
4161815
4161933
4162039
4162387
4162650
4162946
4163047
4163142
4163236
4163344
4163632
4163993
4164105
4164329
4164562
4164665
4165099
4165377
4165630
4165754
4165987
4166233
4166488
4167040
4167333
4167437
4167555
4167652
4167933
4168325
4168708
4169069
4169307
4169400
4169500
4169572
4170085
4170353
4170588
4170782
4171010
4171233
4171450
4171678
4171931
4172027
4172249
4172446
4172672
4172891
4173112
4173354
4173444
4173660
4173872
4173956
4173966
4173977
4174172
4174297
4174672
4174886
4175108
4175298
4175308
4175728
4175940
4176106
4176326
4176448
4176714
4176857
4177092
4177296
4177496
4177592
4178028
4178119
4178372
4178638
4178939
4179151
4179361
4179541
4179627
3683313
3683530
3683711
3683804
3683900
3683991
3684082
3684163
3684238
3684330
3684378
3684480
3684571
3684709
3684770
3684838
3684980
3685218
3685359
3685522
3685663
3685788
3685963
3686048
3686266
3686444
3686534
3686620
3686718
3686817
3687301
3687378
3687425
3687508
3687963
3688114
3688198
3688290
3688429
3688514
3688709
3688848
3688937
3689344
3689454
3689548
3689636
3689724
3689795
3689937
3690020
3690208
3690687
3690753
3690935
3691147
3691330
3691682
3691853
3691949
3692163
3692246
3692311
3692383
3692467
3692632
3693021
3693176
3693261
3693977
3694112
3694230
3694272
3694299
3694319
3694419
3694720
3694824
3694927
3695016
3695477
3695677
3695830
3696012
3696166
3696355
3696832
3697126
3697217
3697269
3697369
3697567
3697765
3697918
3698028
3698138
3698770
3699047
3699354
3699541
3700446
3700665
3700669
3700821
3700908
3700997
3701598
3701977
3702312
3702851
3703251
3703550
3703723
3703834
3704049
3704089
3704380
3704609
3704715
3704828
3704938
3706565
3706776
3707016
3707245
3707452
3707782
3707808
3708009
3708168
3708522
3708654
3708868
3708983
3709410
3709559
3709858
3709985
3710496
3710737
3710897
3711119
3711335
3711514
3711629
3711859
3712294
3712550
3712850
3713552
3713749
3713891
3714305
3714434
3714678
3714926
3715061
3715297
3715472
3716098
3716364
3716524
3716764
3716895
3717094
3717348
3717554
3717836
3718098
3718274
3718639
3718917
3719161
3719428
3719569
3719808
3720015
3720159
3720433
3720620
3720733
3720874
3721116
3721356
3721688
3721764
3721990
3722210
3722418
3722756
3722972
3723186
3723212
3723446
3723751
3724053
3724281
3726332
3726480
3726729
3727119
3727326
3727452
3727496
3727744
3727873
3727999
3728037
3728162
3728411
3728790
3729028
3729157
3729546
3729944
3730457
3731029
3731453
3731699
3731978
3732241
3732490
3732690
3734581
3734630
3735153
3735513
3735759
3735878
3736042
3736301
3736467
3736722
3736860
3737068
3737452
3737821
3737969
3738217
3738446
3738690
3738889
3739017
3739167
3739303
3739553
3739800
3740041
3740239
3740354
3740584
3740805
3741118
3741458
3741578
3741784
3741833
3741926
3742231
3742358
3742484
3742606
3742836
3743103
3743357
3743499
3743746
3743890
3743990
3744138
3744362
3744631
3744919
3745057
3745176
3745313
3745486
3745743
3745991
3746279
3746526
3746676
3746933
3747068
3747714
3747834
3748115
3748498
3749002
3749325
3749467
3749618
3749760
3750015
3750252
3750407
3750560
3750697
3750750
3751023
3751402
3751715
3751749
3751839
3751965
3752076
3752326
3752440
3752601
3752896
3753160
3753746
3753865
3753995
3754125
3754247
3754356
3754454
3754585
3754747
3754862
3754978
3755090
3755173
3755297
3755431
3757463
3757837
3758087
3758346
3758583
3758830
3759101
3759190
3759425
3759608
3759886
3760125
3761218
3761448
3761686
3761948
3762185
3762414
3762645
3762913
3763149
3763533
3763661
3763768
3763801
3764136
3764440
3764690
3764823
3765073
3765277
3765527
3765786
3765909
3766039
3766290
3766665
3767052
3767900
3768159
3768531
3768591
3768757
3768917
3769146
3769234
3769359
3769623
3769852
3769980
3770467
3770707
3770958
3771209
3771562
3772224
3772530
3772616
3772979
3773105
3773228
3773357
3773491
3773635
3773767
3773911
3774031
3774176
3774245
3774285
3774368
3774807
3774965
3775071
3775532
3775772
3776402
3776639
3777034
3777361
3777491
3778177
3778723
3778857
3778943
3779212
3779367
3779632
3779830
3779934
3780183
3780357
3780618
3781090
3781283
3781656
3781795
3782051
3782181
3782315
3782562
3783007
3783233
3783455
3783698
3783954
3784260
3784655
3784892
3785090
3785339
3785586
3785827
3786424
3786802
3787110
3787363
3787599
3787782
3788146
3788283
3788407
3788547
3788678
3788859
3789010
3789263
3789379
3789512
3789737
3789845
3790097
3790518
3790647
3790894
3791203
3791455
3791720
3791993
3792415
3792588
3792728
3792853
3793866
3794121
3794259
3794594
3795070
3795214
3795539
3795681
3796600
3797049
3797299
3797446
3797976
3798624
3798902
3799159
3799342
3799592
3799728
3799972
3800304
3800539
3800876
3801312
3801565
3801826
3802378
3802599
3802839
3803183
3803561
3804010
3804093
3804344
3804559
3804805
3805541
3805784
3806007
3806376
3806611
3806743
3807028
3807417
3807666
3807915
3808250
3808520
3808885
3809105
3809254
3809514
3809764
3810003
3810384
3810552
3810688
3810915
3811386
3811792
3812045
3812243
3812287
3812415
3812657
3812780
3813037
3813280
3813404
3813524
3813632
3813687
3813942
3814192
3814310
3814547
3816299
3816656
3816858
3817110
3817235
3817442
3817842
3818248
3818459
3818792
3818911
3819289
3819453
3819711
3819863
3820271
3820406
3820655
3820847
3821002
3821139
3821347
3821644
3822019
3822264
3822403
3822661
3822795
3822930
3823171
3823382
3823632
3824487
3824675
3824811
3825057
3825317
3825570
3825940
3826416
3826478
3826734
3826964
3827085
3827196
3827459
3827587
3827845
3828046
3828169
3828274
3828653
3828783
3829044
3829289
3829808
3830076
3830457
3830996
3831144
3831301
3831547
3831754
3831871
3832123
3832246
3832469
3832497
3833276
3834271
3834555
3834782
3835745
3836322
3836722
3836972
3837256
3837400
3837563
3837947
3838221
3838466
3838713
3838964
3839094
3839607
3841062
3841196
3841328
3841448
3841584
3841713
3841849
3843127
3843375
3843632
3843964
3844123
3844273
3844404
3844572
3844845
3845150
3845321
3845564
3845729
3845980
3846320
3846781
3846921
3847198
3847347
3848587
3848727
3848990
3849337
3849496
3849980
3850268
3850373
3850608
3850822
3851161
3851412
3851546
3851898
3852160
3852298
3852549
3852779
3853203
3853342
3853716
3854097
3854363
3854614
3854964
3855209
3855447
3855642
3855861
3856091
3856226
3856375
3856544
3857069
3857566
3857741
3857995
3858236
3858319
3858586
3858834
3859062
3859312
3859778
3859972
3860207
3861412
3861567
3861822
3862078
3862200
3862408
3862623
3862766
3863022
3863608
3863855
3864540
3864671
3864916
3865048
3865232
3865484
3865727
3866010
3866262
3866514
3866754
3866920
3867199
3867517
3868971
3869114
3869249
3869403
3869528
3869745
3870005
3870170
3870424
3870679
3870916
3871202
3871478
3871857
3872147
3872600
3872840
3873099
3873301
3873525
3873753
3873935
3874111
3874357
3874702
3875077
3875231
3875489
3875624
3875826
3876032
3876174
3876303
3876432
3876679
3876781
3876938
3877297
3877527
3877717
3877851
3878030
3878160
3878284
3878355
3878489
3878734
3878851
3878974
3879226
3879486
3879739
3879930
3880058
3880181
3880232
3880488
3880737
3880974
3881266
3881658
3881912
3882080
3882203
3882447
3882722
3883039
3883291
3883466
3883717
3883871
3884115
3884390
3884549
3884676
3884798
3885083
3885199
3885350
3885471
3885596
3885655
3885778
3885928
3886006
3886125
3886419
3886665
3886908
3887157
3887504
3887754
3888300
3888594
3889987
3890223
3890487
3890750
3891015
3891257
3891511
3891848
3892054
3892298
3892553
3892824
3893073
3893297
3893533
3893649
3893765
3894011
3894263
3894741
3895010
3895147
3895394
3895788
3896374
3896594
3896710
3896803
3896950
3896995
3897240
3898379
3898624
3898761
3899014
3899369
3899536
3900331
3900466
3900716
3900962
3901351
3901594
3902141
3902284
3902666
3902787
3903031
3903523
3903743
3903964
3904095
3904347
3904454
3904706
3904907
3905150
3905287
3905408
3905537
3905649
3905732
3905985
3906233
3906364
3906686
3906932
3907305
3907556
3907849
3907978
3908224
3908352
3908449
3908651
3909133
3909263
3909611
3909869
3910197
3910444
3910697
3910905
3911153
3911269
3911390
3911503
3911617
3911849
3912070
3912169
3912726
3913020
3913285
3913402
3913766
3913922
3914056
3914176
3914485
3914972
3915103
3915236
3915568
3915696
3917132
3917270
3917405
3917503
3917639
3917641
3917772
3917818
3917916
3918048
3918119
3918367
3918618
3918868
3919033
3919279
3919396
3919521
3919646
3919895
3920056
3920348
3920586
3920881
3921083
3921297
3921639
3921785
3922033
3922249
3922622
3922874
3922975
3923022
3923048
3923063
3923425
3923859
3924074
3924391
3925869
3926119
3926300
3926536
3926789
3926970
3927138
3927495
3927747
3927954
3928111
3928385
3928626
3928749
3928870
3929104
3929331
3929455
3929583
3929703
3929820
3929912
3930343
3930554
3930883
3931376
3931740
3932107
3932505
3932880
3933011
3933116
3933237
3933625
3934076
3934642
3934886
3935138
3935372
3935550
3935687
3935857
3935965
3936263
3936519
3936646
3936902
3937071
3937322
3937767
3938025
3938393
3938686
3938926
3939168
3939438
3939557
3939851
3940036
3940272
3940596
3940793
3940905
3941015
3941653
3941895
3942013
3942137
3942400
3942459
3942575
3942687
3942949
3943212
3943298
3943572
3943812
3943993
3944102
3944218
3944476
3944627
3944865
3944978
3945105
3945232
3946042
3946733
3947030
3947239
3947494
3947772
3947882
3948129
3948211
3948324
3948427
3948497
3948601
3948845
3949125
3949372
3949616
3950022
3950259
3950507
3950756
3950960
3951021
3951136
3951652
3951901
3952150
3952268
3952545
3952820
3953070
3953316
3953431
3953537
3953673
3953787
3953848
3954093
3954298
3954414
3954506
3954782
3955031
3955145
3955250
3955508
3955946
3956490
3956738
3957013
3957248
3957271
3957469
3957590
3957664
3957778
3957965
3958054
3958158
3958759
3958985
3960873
3960990
3961125
3961372
3961465
3961486
3961640
3961858
3962100
3962258
3962440
3962591
3962773
3962786
3963121
3963242
3963493
3963785
3963902
3964063
3964314
3964560
3964800
3965109
3965312
3965563
3965678
3965760
3965819
3966061
3966284
3966376
3966454
3966704
3966946
3967210
3967322
3967442
3967693
3968268
3968796
3969045
3969101
3969493
3969820
3969945
3970198
3970317
3970411
3970843
3971107
3971370
3971610
3971727
3971949
3972140
3972262
3972337
3972610
3972855
3973194
3973292
3973398
3973426
3973542
3973786
3973899
3974010
3974069
3974284
3974507
3974736
3974868
3975103
3975553
3975765
3975995
3976156
3976410
3976992
3977207
3977442
3977701
3977843
3978093
3978280
3978865
3979133
3979285
3979400
3979531
3979692
3979814
3979934
3980030
3980050
3980162
3980284
3980392
3980503
3980752
3981100
3981344
3981584
3981972
3982077
3982208
3982450
3982758
3983044
3983256
3983655
3983818
3984051
3984116
3984143
3984516
3984636
3984931
3985133
3985494
3985612
3985766
3985878
3985985
3986102
3986211
3986317
3986400
3986656
3986798
3987030
3987128
3987389
3987633
3987879
3988102
3988207
3988291
3988520
3988932
3989077
3989328
3989630
3989647
3989736
3989997
3990406
3990700
3990812
3990940
3991042
3991146
3991259
3991494
3991718
3991880
3992149
3992548
3992733
3993009
3993136
3993403
3993630
3993910
3994123
3994221
3996369
3996491
3996633
3996768
3996978
3997091
3997166
3997270
3997374
3997525
3997777
3998045
3998149
3998430
3998674
3998915
3999032
3999285
3999391
4000210
4000431
4000709
4001189
4001487
4001785
4002144
4002801
4003263
4003511
4003769
4004053
4005056
4005231
4005671
4005923
4006354
4006800
4007073
4007254
4007722
4008125
4008296
4008534
4008776
4009011
4009552
4009685
4009869
4010138
4010467
4010726
4010981
4011307
4011953
4012310
4012729
4012948
4013277
4013655
4013997
4014142
4014282
4014429
4014765
4015021
4015468
4015721
4016286
4016659
4016861
4017362
4017829
4018197
4018436
4019331
4019554
4019972
4020135
4020201
4020231
4020272
4020444
4020588
4020761
4020815
4020950
4021255
4021260
4021520
4021955
4023071
4023427
4023887
4024141
4024386
4025019
4025363
4025610
4025662
4028182
4028495
4028719
4029209
4029561
4029834
4029998
4030337
4030487
4030742
4031269
4031454
4031739
4032044
4032246
4032482
4033009
4033391
4033932
4034582
4034987
4035072
4035329
4035525
4035663
4035760
4035860
4036046
4036134
4036445
4036553
4036644
4036901
4037180
4037432
4037525
4037770
4038183
4038204
4038457
4038603
4038703
4038783
4038932
4039538
4039799
4040056
4041961
4042209
4042216
4042323
4042688
4042968
4043227
4043485
4043576
4043708
4043814
4043914
4044007
4044278
4044444
4044685
4044863
4045189
4045464
4045516
4045632
4045671
4045883
4046133
4046286
4046310
4046542
4046703
4046793
4046901
4047153
4047273
4047447
4047702
4047868
4048365
4048561
4049016
4049111
4049357
4049447
4049551
4049648
4049732
4049824
4049937
4050024
4050112
4050382
4050624
4050849
4051092
4051168
4051426
4051576
4051664
4051776
4052028
4052738
4052825
4053068
4053162
4053715
4053910
4054223
4054318
4054416
4054994
4055277
4055705
4056034
4056248
4056349
4056600
4056608
4056628
4056969
4057307
4057577
4057802
4057960
4058120
4058262
4058480
4058739
4058983
4059041
4059285
4059425
4059667
4059914
4060229
4060369
4060501
4060601
4060808
4060937
4061045
4061181
4061310
4061446
4061722
4061971
4062222
4062569
4062701
4063189
4063360
4063667
4063913
4064365
4064523
4064799
4065045
4065279
4065528
4065894
4066023
4066161
4066289
4066420
4066468
4066730
4067099
4067350
4067753
4067903
4068133
4068386
4068637
4068867
4069115
4069248
4069503
4069598
4070178
4070559
4071050
4071304
4071440
4071686
4071755
4072005
4072285
4072427
4072619
4073024
4073160
4073409
4073510
4075477
4075609
4075739
4075956
4076300
4076551
4076728
4076811
4077009
4077310
4077534
4077669
4077892
4078057
4078447
4078985
4079236
4079624
4080033
4080275
4080603
4080854
4081117
4081404
4081630
4081676
4081797
4082390
4082516
4082758
4083307
4083979
4084110
4084372
4084455
4084717
4084828
4084887
4084993
4085224
4085740
4085971
4086225
4086434
4086678
4086878
4086981
4087225
4088190
4088421
4088679
4088789
4088899
4088977
4089225
4089473
4089831
4089945
4090090
4090329
4090435
4090601
4090722
4090947
4091064
4091182
4091559
4091730
4091809
4092054
4092546
4093201
4093928
4094181
4094301
4094664
4094867
4095163
4095276
4095393
4095634
4095958
4096028
4096404
4096517
4096554
4096762
4096844
4097088
4097354
4097685
4097810
4097967
4098210
4098520
4099149
4099397
4099539
4099792
4100203
4100323
4100449
4100686
4101107
4101280
4101516
4101601
4101862
4102140
4104300
4104661
4105015
4105289
4105640
4106017
4106186
4106434
4106755
4106914
4107186
4107445
4107586
4107713
4108268
4108383
4108626
4108802
4109290
4109654
4109903
4110154
4110642
4110893
4110971
4111149
4111244
4111338
4111414
4111494
4111705
4111788
4111883
4111971
4112071
4112501
4112802
4113473
4113739
4113950
4114084
4114198
4114487
4114723
4114833
4115143
4115315
4115454
4115727
4116070
4116187
4116307
4116406
4116661
4116767
4116907
4117296
4117561
4117661
4117771
4118249
4118937
4119266
4119380
4119608
4119731
4119831
4120111
4120211
4120447
4120643
4120827
4120931
4121043
4121191
4121447
4121569
4121679
4121916
4122031
4122146
4122392
4122635
4122878
4123003
4123286
4123384
4124800
4124907
4124986
4125103
4125232
4125336
4125440
4125545
4125655
4125808
4125939
4126038
4126138
4126235
4126283
4126302
4126543
4126679
4126946
4127190
4127502
4127748
4127990
4128085
4128305
4128425
4128674
4129042
4129248
4129403
4129548
4129679
4129830
4130029
4130180
4130323
4130700
4130953
4131664
4131906
4132139
4132273
4132408
4132550
4132687
4132947
4134172
4134621
4134824
4135164
4135470
4135812
4136058
4136305
4136544
4136792
4137033
4137080
4137339
4137566
4137902
4138032
4138262
4138682
4139062
4139703
4139946
4140188
4140421
4140759
4140907
4141089
4141339
4141509
4142044
4142296
4142597
4142869
4143286
4143528
4143798
4143925
4144097
4144333
4144572
4144824
4145335
4145558
4145696
4145833
4145982
4146214
4146526
4146736
4146969
4147283
4147537
4147793
4148320
4148688
4148936
4149140
4149324
4149669
4149920
4150051
4150180
4150437
4150587
4150769
4151014
4151201
4151456
4151729
4152130
4152477
4152991
4153306
4153555
4154024
4154681
4155078
4155350
4155600
4155940
4156657
4156862
4157070
4157311
4157773
4158016
4158263
4158576
4158846
4158975
4159105
4160119
4160327
4160564
4160804
4160938
4161177
4161482
4161607
4162075
4162209
4162434
4162738
4163381
4163520
4163772
4163965
4164136
4164362
4164701
4164894
4165135
4165261
4165386
4165566
4165781
4166016
4166261
4166492
4166696
4166830
4166873
4167007
4167226
4167735
4167963
4168187
4168377
4168511
4168723
4168854
4169091
4169118
4169269
4169602
4169704
4169819
4169916
4170158
4170458
4170677
4170907
4171123
4171291
4171536
4171743
4172152
4172338
4172566
4172762
4173284
4173781
4173939
4173961
4174004
4174324
4174503
4174704
4174936
4175155
4175379
4175508
4175604
4175896
4176151
4176502
4176889
4177102
4177307
4177624
4177746
4177867
4178161
4178385
4178597
4178745
4178962
4179182
4179386
4179731
4180026
4180241
3683042
3683116
3683203
3683394
3683475
3683568
3684877
3685043
3685193
3685387
3685486
3685688
3685852
3686121
3686211
3686341
3686867
3686995
3687083
3687119
3687205
3687567
3687660
3688261
3688506
3688551
3688700
3688995
3689085
3689178
3689265
3689865
3690080
3690260
3690368
3690458
3690544
3690799
3691074
3691244
3691384
3691475
3691553
3691729
3691899
3692529
3692706
3692822
3692918
3693099
3693323
3693356
3693366
3693486
3693515
3694468
3694562
3694600
3695092
3695205
3695289
3695384
3695565
3695763
3695937
3696086
3696268
3696797
3696933
3697015
3697449
3697653
3697794
3697988
3698248
3698345
3698405
3698586
3698645
3698673
3698698
3698719
3698914
3699017
3699146
3699245
3699438
3699634
3699731
3699834
3699923
3700001
3700086
3700194
3700295
3700487
3700584
3701088
3701187
3701217
3701430
3701512
3701689
3701820
3702037
3702148
3702429
3702525
3702639
3702741
3702953
3703052
3703149
3703361
3703471
3704016
3704273
3704478
3705112
3705218
3705322
3705424
3705554
3705652
3705748
3705852
3705945
3706047
3706152
3706242
3706343
3706442
3706654
3706862
3706872
3707338
3707622
3707864
3708067
3708336
3708438
3708754
3709218
3709678
3710115
3710265
3710376
3710605
3711000
3711221
3711739
3712020
3712158
3712427
3712740
3713005
3713100
3713193
3713305
3713427
3713794
3714029
3714162
3714195
3714551
3714802
3715175
3715589
3715711
3715813
3715913
3716202
3716640
3717221
3717660
3717959
3718662
3718793
3719056
3719296
3719682
3719928
3720375
3721001
3721278
3721471
3721577
3721812
3722309
3724624
3724653
3724777
3724895
3724914
3725020
3725197
3725316
3725438
3725600
3725718
3726079
3726099
3726214
3726221
3726531
3726781
3727040
3727184
3727607
3728325
3728892
3729257
3729393
3729651
3729779
3730045
3730171
3730259
3730365
3730558
3730679
3730711
3730834
3731039
3731049
3731248
3731352
3731560
3731810
3731938
3732160
3732347
3732545
3732604
3732698
3732816
3732837
3732958
3733080
3733086
3733215
3733281
3733340
3733459
3733576
3733693
3733702
3733818
3733941
3733969
3734085
3734222
3734274
3734379
3734991
3735244
3735368
3735621
3735833
3736159
3736416
3736582
3736914
3736924
3737168
3737276
3737312
3737564
3737673
3737681
3737933
3738184
3738364
3738523
3738755
3739031
3739414
3739666
3739897
3740136
3740447
3740654
3740836
3740933
3741002
3741215
3741288
3741345
3741382
3741582
3741785
3741850
3741874
3741894
3742011
3742042
3742708
3742957
3743216
3743310
3743647
3744179
3744329
3744536
3744786
3745345
3745635
3745729
3745960
3746175
3746439
3746822
3747156
3747275
3747383
3747489
3747596
3747689
3747889
3748090
3748244
3748344
3748448
3748673
3748785
3749071
3749534
3749926
3750170
3750920
3751185
3751441
3751689
3751814
3751941
3752054
3752392
3752423
3752596
3752840
3753060
3753721
3753843
3753971
3754090
3754207
3754318
3754428
3754560
3754680
3754795
3754913
3755029
3755150
3755273
3755407
3757438
3757812
3758060
3758307
3758554
3758804
3759068
3759233
3759402
3759626
3759866
3760103
3760206
3760347
3760629
3760959
3761192
3761419
3761645
3761892
3762135
3762391
3762618
3762888
3763126
3763506
3763636
3763752
3763778
3763804
3764131
3764411
3764663
3764796
3765048
3765249
3765501
3765763
3765888
3766015
3766261
3766634
3767023
3767869
3768198
3768225
3768249
3768570
3768709
3768825
3769070
3769159
3769240
3769364
3769654
3769881
3770047
3770497
3770739
3770988
3771237
3771589
3772255
3772571
3772726
3772889
3773010
3773131
3773254
3773382
3773519
3773665
3774104
3774229
3774230
3774254
3774283
3774396
3774834
3775171
3775266
3775407
3775653
3775894
3776005
3776127
3776240
3776495
3776860
3777117
3777226
3777624
3777754
3778041
3778282
3778455
3778577
3779180
3779967
3780096
3780504
3780743
3780872
3780978
3781408
3781930
3782433
3782677
3782839
3783087
3783329
3783583
3783846
3784079
3784305
3784410
3784544
3784776
3784812
3784831
3785139
3785470
3785786
3785938
3786047
3786160
3786312
3786549
3786664
3786916
3787177
3787711
3788029
3789080
3789984
3790242
3790368
3790783
3791056
3791066
3791362
3791572
3791833
3792111
3792448
3792537
3792647
3792766
3793764
3794015
3794162
3794498
3794693
3795117
3795202
3795444
3795584
3796507
3796947
3797204
3797340
3797591
3797873
3798016
3798249
3798418
3798685
3799051
3799234
3799491
3799626
3799751
3799886
3800120
3800309
3800442
3800668
3800962
3801208
3801464
3801725
3802278
3802501
3802742
3802884
3803266
3803502
3803770
3803990
3804178
3804428
3804679
3804875
3805013
3805133
3805232
3805269
3805294
3805421
3805622
3805819
3806097
3806239
3806495
3806752
3806884
3807113
3807250
3807502
3807752
3807982
3808026
3808148
3808269
3808384
3808602
3808723
3808975
3809361
3809609
3809849
3810019
3810132
3810254
3810462
3810526
3810572
3810767
3810972
3811093
3811140
3811219
3811242
3811264
3811486
3811633
3811884
3812140
3812504
3812873
3813126
3813778
3814032
3814330
3814626
3814763
3814897
3815024
3815161
3815290
3815368
3815494
3815566
3815702
3815831
3815873
3815892
3816007
3816075
3816202
3816254
3816342
3816537
3816781
3816985
3817303
3817558
3817681
3817894
3818138
3818358
3818524
3818647
3819025
3819147
3819571
3819973
3820098
3820218
3820519
3820717
3821159
3821321
3821574
3821827
3821909
3822163
3822433
3822685
3822976
3823276
3823520
3823705
3823820
3823930
3824035
3824074
3824202
3824311
3824345
3824835
3825170
3825428
3825686
3825805
3826062
3826311
3826592
3826807
3827039
3827068
3827386
3827734
3827969
3828370
3828482
3828534
3828890
3829134
3829179
3829431
3829545
3829633
3829880
3830144
3830328
3830554
3831209
3831376
3831624
3832301
3832753
3832959
3833074
3833190
3833212
3833410
3833536
3833643
3833751
3833854
3833963
3834078
3834174
3834296
3834496
3834730
3835165
3835376
3835749
3836268
3836666
3836913
3837193
3837344
3837507
3837734
3837939
3838160
3838297
3838654
3838842
3838980
3839400
3839655
3841002
3841140
3841273
3841388
3841526
3841651
3841792
3843069
3843321
3843577
3843823
3844068
3844200
3844287
3844416
3844542
3844664
3844885
3845110
3845247
3845505
3845636
3845685
3845818
3846007
3846269
3846497
3846789
3846916
3847147
3847284
3847500
3847637
3847840
3848081
3848297
3848506
3848700
3848944
3849281
3849442
3849927
3850171
3850324
3850557
3850755
3851111
3851359
3851482
3851843
3852107
3852244
3852499
3852824
3853150
3853285
3853479
3853662
3854042
3854309
3854549
3854808
3855049
3855363
3855562
3855808
3856040
3856172
3856322
3856452
3856535
3857019
3857517
3857694
3857946
3858193
3858278
3858545
3858800
3859196
3859397
3859649
3859909
3860132
3861420
3861574
3861828
3862085
3862204
3862412
3862630
3862772
3863028
3863615
3863871
3864061
3864250
3864676
3864921
3865052
3865238
3865485
3865731
3866015
3866266
3866519
3866759
3866932
3867202
3867523
3868855
3868877
3869118
3869256
3869408
3869533
3869750
3870174
3870428
3870683
3870921
3871205
3871482
3871863
3872148
3872607
3872874
3873307
3873498
3873737
3873938
3874115
3874362
3874707
3875084
3875238
3875496
3875631
3875833
3876038
3876179
3876310
3876437
3876683
3876783
3876879
3877126
3877382
3877525
3877723
3877855
3878058
3878226
3878358
3878494
3878739
3878857
3878981
3879255
3879493
3879744
3879937
3880079
3880239
3880496
3880744
3880979
3881273
3881492
3881778
3882026
3882205
3883018
3883249
3883431
3883564
3883752
3883878
3884120
3884280
3886309
3886558
3886812
3887062
3887315
3887465
3887716
3887948
3888084
3888225
3888522
3888797
3888942
3889056
3889170
3889334
3889457
3889646
3889820
3889918
3889934
3890178
3890426
3890692
3890953
3891333
3891680
3891953
3892220
3892474
3892766
3893020
3893392
3893906
3894217
3894413
3894548
3894690
3894932
3895030
3895314
3895674
3895823
3895944
3896080
3896209
3897187
3897416
3897542
3897671
3897803
3897829
3897987
3898125
3898305
3898557
3898984
3899228
3899468
3899710
3899867
3899992
3900134
3900262
3900657
3900904
3901161
3901297
3901535
3901767
3901880
3902077
3902421
3902596
3902988
3903244
3903416
3903700
3904203
3904651
3904825
3905091
3905937
3906154
3906565
3906808
3907126
3907253
3907502
3907683
3908169
3908569
3908838
3908953
3909393
3909508
3909944
3910126
3910438
3910648
3910897
3911195
3911811
3911993
3912312
3912421
3912537
3912646
3912871
3912972
3913217
3913494
3913724
3914339
3914586
3914739
3914857
3915305
3915506
3915879
3916050
3916167
3916321
3916441
3916568
3916724
3916845
3916959
3917072
3918307
3918559
3918803
3919211
3919834
3920166
3920406
3920677
3920826
3921027
3921199
3921456
3921472
3921592
3921987
3922188
3922409
3922531
3922783
3923206
3923481
3923676
3923775
3923991
3924248
3924358
3924597
3924703
3924822
3924939
3925060
3925163
3925295
3925420
3925513
3925630
3925746
3926050
3926346
3926703
3927014
3927304
3927452
3927673
3927840
3927903
3928060
3928231
3928566
3929054
3930119
3930245
3930499
3930722
3930846
3931095
3931198
3931328
3931571
3931675
3931922
3932045
3932289
3932407
3932665
3932820
3932996
3933397
3933630
3934234
3934539
3934545
3934662
3934907
3935317
3935450
3935752
3936086
3936407
3936801
3937225
3937552
3937927
3938175
3938310
3938550
3938793
3939093
3939345
3939697
3939935
3940161
3940367
3940491
3941146
3941334
3941477
3941746
3942038
3942279
3942839
3943101
3943360
3943613
3944162
3944380
3944766
3945381
3945523
3945688
3945915
3946203
3946340
3946475
3946603
3946853
3947132
3947434
3947679
3948054
3948297
3948799
3949048
3949290
3949530
3949759
3949889
3950128
3950402
3950610
3951149
3951292
3951412
3951552
3951801
3952058
3952469
3952644
3952941
3953268
3953635
3954001
3954661
3954902
3955362
3955608
3955797
3956049
3956403
3956661
3956913
3957164
3957386
3957824
3958352
3958489
3958627
3958940
3959180
3959309
3959590
3959833
3960194
3960619
3960862
3961334
3961750
3961985
3962224
3962480
3962765
3962833
3963177
3963295
3963548
3963838
3964120
3964371
3964608
3964851
3964968
3965166
3965302
3965368
3965700
3965808
3966079
3966288
3966389
3966480
3966743
3966992
3967241
3967354
3967472
3967722
3968325
3968823
3969069
3969150
3969538
3969873
3969998
3970255
3970376
3970807
3971162
3971427
3971664
3972102
3972242
3972389
3972665
3972914
3973250
3973348
3973475
3973592
3973841
3973968
3974082
3974331
3974564
3974811
3975062
3975198
3975314
3975653
3975781
3976011
3976172
3976427
3977046
3977291
3977552
3977907
3978157
3978419
3978857
3979126
3979278
3979392
3979525
3979685
3979808
3979929
3980026
3980047
3980103
3980219
3980386
3980497
3980745
3981092
3981337
3981576
3981963
3982068
3982201
3982441
3982748
3983037
3983248
3983647
3983813
3984041
3984114
3984136
3984511
3984800
3985281
3985420
3986554
3986952
3987277
3987526
3987776
3988022
3988411
3988763
3989009
3989220
3989520
3989729
3989898
3990140
3990290
3990546
3991370
3991602
3991910
3992035
3992281
3992431
3992891
3993266
3993532
3993645
3993894
3994360
3994520
3994706
3994850
3994994
3995109
3995299
3995442
3995590
3995762
3995943
3996094
3996241
3997642
3997911
3998305
3998557
3998866
3999121
3999637
4000366
4000664
4001142
4001442
4001745
4002104
4002755
4003218
4003466
4003748
4003974
4005034
4005187
4005628
4005827
4006233
4006547
4006903
4007212
4007464
4007682
4007871
4008085
4008333
4008580
4008843
4009143
4009575
4009676
4009787
4010090
4010426
4010683
4010934
4011270
4011908
4012266
4012508
4012753
4012903
4013056
4013294
4013609
4013952
4014102
4014244
4014385
4014718
4014975
4015420
4015671
4016298
4016671
4016877
4017381
4017845
4018213
4018491
4019994
4020146
4020174
4020205
4020246
4020279
4020371
4020600
4020775
4020965
4021270
4021536
4021969
4023088
4023443
4023903
4024729
4025039
4025381
4025625
4025661
4028200
4028512
4028739
4029227
4029587
4029850
4030045
4030355
4030506
4031134
4031458
4031745
4032047
4032280
4032539
4033032
4033410
4033953
4034603
4034907
4035248
4036029
4036362
4036795
4037080
4037349
4037833
4038077
4038441
4039068
4039248
4039455
4039700
4039986
4040324
4040512
4040695
4041537
4041886
4042129
4042530
4042784
4043061
4043425
4044170
4044596
4045019
4045366
4045790
4046871
4047522
4047776
4048055
4048230
4048619
4048913
4049271
4050313
4050558
4050693
4051006
4051311
4051412
4051953
4052286
4052502
4052558
4052989
4053328
4053642
4054078
4054587
4054867
4055145
4055399
4055455
4055617
4055862
4056095
4056469
4056599
4056632
4056974
4057370
4057637
4057864
4058022
4058181
4058408
4058566
4058801
4059107
4059347
4059492
4059973
4060282
4060424
4060550
4060665
4060859
4060988
4061147
4061278
4061493
4061780
4062030
4062316
4062629
4062882
4063262
4063416
4063724
4063971
4064420
4064582
4064859
4065204
4065474
4065830
4065979
4066153
4066283
4066422
4066532
4066794
4067151
4067401
4067810
4067960
4068188
4068439
4068686
4068917
4069213
4069428
4069561
4069690
4070232
4070617
4071105
4071357
4071640
4071804
4072085
4072331
4072606
4073083
4073273
4073553
4075535
4075674
4076087
4076354
4076605
4076746
4077020
4077362
4077588
4077829
4078109
4078499
4079064
4079301
4079679
4080091
4080335
4080664
4080912
4081160
4081405
4081725
4081974
4082428
4082573
4083345
4084017
4084317
4084495
4084759
4084909
4085015
4085266
4085782
4086010
4086271
4086473
4086720
4086910
4087175
4087395
4087531
4087767
4087999
4088111
4088305
4088470
4088715
4088829
4088938
4089012
4089260
4089505
4089867
4090220
4090383
4090632
4090746
4090980
4091098
4091217
4091598
4091747
4091866
4092579
4093235
4093962
4094214
4094332
4094698
4094901
4095195
4095310
4095427
4095436
4095684
4095993
4096437
4096539
4096755
4096988
4097147
4097393
4097724
4097845
4098137
4098531
4099164
4099406
4099549
4099799
4100223
4100355
4100422
4100643
4100768
4101185
4101433
4101559
4101816
4101943
4102175
4104340
4104702
4105054
4105325
4105673
4106052
4106217
4106464
4106791
4106948
4107220
4107479
4107622
4107866
4108001
4108138
4108534
4108874
4109080
4109219
4109493
4109880
4110133
4110623
4110872
4110959
4111076
4111190
4111288
4111387
4111473
4111688
4111769
4111860
4111953
4112052
4112476
4112781
4113003
4113630
4113879
4114020
4114138
4114461
4114701
4114813
4114913
4115203
4115312
4115410
4115526
4115682
4115920
4116041
4116152
4116259
4116361
4116489
4116703
4116795
4116891
4117049
4117278
4117528
4117640
4117753
4118231
4118906
4119082
4119304
4119418
4119633
4119741
4120088
4120231
4120482
4120804
4120911
4121025
4121169
4121424
4121527
4121636
4121876
4121998
4122095
4122130
4122373
4122618
4122857
4122981
4123082
4123317
4124775
4124883
4124963
4125070
4125156
4125329
4125439
4125544
4125634
4125804
4125919
4126019
4126117
4126217
4126279
4126290
4126523
4126659
4126925
4127185
4127479
4127734
4127971
4128087
4128189
4128267
4128330
4128406
4128780
4128926
4130475
4130586
4130835
4131035
4131142
4131291
4131407
4131503
4131755
4132008
4132864
4133113
4133259
4133396
4133581
4133712
4133812
4133904
4134075
4134306
4134455
4134709
4134950
4135056
4135311
4135572
4135698
4135875
4136195
4136579
4136823
4137137
4137443
4137766
4138158
4138399
4138505
4138810
4138939
4139191
4139330
4139446
4139573
4139825
4140068
4140653
4141230
4141388
4141710
4141827
4141945
4142182
4142475
4142757
4142996
4143092
4143346
4143611
4144716
4144965
4145121
4145233
4146171
4146348
4146601
4146835
4147062
4147175
4147412
4147662
4147916
4148036
4148198
4148437
4148562
4148818
4149311
4149428
4149543
4149792
4150309
4150899
4151334
4151521
4151606
4151978
4152217
4152356
4152601
4152740
4152851
4153097
4153339
4153505
4153683
4153803
4154146
4154284
4154648
4155043
4155315
4155565
4155905
4156619
4156813
4157107
4157355
4157809
4158052
4158297
4158645
4158877
4159009
4160074
4160360
4160599
4160837
4160971
4161207
4161518
4161643
4162108
4162242
4162482
4162772
4163417
4163659
4163897
4164171
4164403
4164738
4164931
4165171
4165279
4165391
4165736
4165913
4166207
4166365
4166540
4166745
4166912
4167154
4167771
4168005
4168226
4168415
4168547
4168757
4168904
4169128
4169641
4169709
4169845
4169942
4170192
4170495
4170717
4170937
4171208
4171322
4171570
4171780
4172190
4172477
4172690
4172915
4173132
4173261
4173522
4173738
4173940
4173959
4174021
4174342
4174521
4174752
4174965
4175185
4175405
4175534
4175750
4175987
4176185
4176536
4176924
4177132
4177334
4177654
4177779
4177895
4178192
4178952
4179212
4179414
4179758
4180059
4180273
3683106
3683183
3683245
3683429
3683597
3684912
3685171
3685426
3685548
3685724
3685890
3686162
3686374
3686901
3687002
3687091
3687152
3687240
3687604
3687698
3687818
3687942
3688469
3688531
3688703
3689017
3689133
3689223
3690312
3690427
3690530
3690635
3690855
3691034
3691232
3691407
3691498
3691590
3691766
3692557
3692739
3692857
3692955
3693058
3693364
3693494
3693579
3693671
3693773
3693847
3693959
3694106
3694504
3694631
3695089
3695237
3695322
3695411
3695599
3695797
3696007
3696307
3696461
3696586
3696674
3696755
3696961
3697047
3697497
3697694
3697834
3698272
3698283
3698410
3698511
3698622
3698660
3698686
3698733
3698928
3699175
3699276
3699467
3699665
3699766
3699870
3700067
3700074
3700174
3700270
3700371
3700562
3700715
3701124
3701242
3701331
3701389
3701477
3701662
3701786
3702052
3702289
3702772
3703171
3703370
3703587
3703659
3703780
3703795
3703977
3704098
3704421
3704529
3704641
3704748
3704856
3704965
3706487
3706699
3706928
3707049
3707160
3707370
3707526
3707717
3707913
3708086
3708290
3708450
3708575
3708782
3708900
3709012
3709049
3709265
3709360
3709472
3709935
3710412
3710654
3710772
3710816
3711038
3711336
3711513
3711624
3711778
3711894
3712211
3712438
3712582
3712806
3713465
3713664
3713802
3714215
3714349
3714570
3714832
3714936
3714971
3715204
3715332
3715394
3716005
3716266
3716421
3716667
3716804
3716932
3717029
3717249
3717255
3717459
3717691
3717870
3718050
3718213
3718429
3718592
3718848
3719096
3719331
3719473
3719714
3719950
3720096
3720230
3720447
3720580
3720654
3720784
3721026
3721201
3721596
3721834
3722059
3722283
3722517
3722737
3722986
3723196
3723374
3723505
3723683
3723792
3723828
3724175
3724298
3726263
3726412
3726660
3726904
3727155
3727313
3727439
3727480
3727730
3727858
3727924
3728024
3728146
3728276
3728777
3729015
3729143
3729531
3729937
3730443
3731015
3731439
3731685
3731962
3732220
3732475
3732677
3734566
3734617
3734758
3734894
3735117
3735173
3735498
3735747
3735864
3736016
3736151
3736408
3736481
3736724
3736843
3737051
3737439
3737805
3737953
3738202
3738434
3738678
3738870
3739003
3739153
3739285
3739541
3739786
3740026
3740221
3740345
3740573
3740718
3741108
3741446
3741668
3741810
3741836
3741879
3742144
3742279
3742353
3742462
3742582
3742702
3742939
3743086
3743341
3743485
3743731
3743873
3743973
3744112
3744343
3744603
3744902
3745039
3745160
3745297
3745468
3745725
3745972
3746262
3746507
3746726
3746998
3747768
3748013
3748543
3748983
3749158
3749403
3749675
3749808
3749839
3750070
3750544
3750686
3750797
3751074
3751341
3751589
3752231
3752524
3752780
3752987
3753240
3753378
3753511
3753641
3755586
3755721
3755857
3755987
3756115
3756250
3756387
3756483
3756625
3756752
3756877
3757017
3757200
3757339
3757599
3757757
3757898
3758217
3758474
3758720
3759016
3759319
3759782
3760017
3760371
3760559
3760761
3760885
3761108
3761347
3761584
3761826
3762086
3763425
3764361
3764582
3764960
3765003
3765422
3765681
3766162
3766414
3766536
3766783
3766894
3767169
3767278
3767396
3767574
3767689
3768043
3768296
3768421
3768985
3769194
3769544
3769772
3770124
3770244
3770361
3770589
3770839
3771014
3771091
3771334
3771446
3771687
3771807
3772024
3772145
3772449
3774510
3774646
3775506
3775915
3776019
3776110
3776203
3776449
3776791
3776911
3777158
3777553
3777671
3777783
3777891
3777989
3778213
3778385
3778511
3779111
3779412
3779646
3780027
3780259
3780434
3780677
3780814
3780905
3781153
3781341
3781547
3781861
3782358
3782612
3782774
3782893
3783136
3783515
3783777
3783930
3784123
3784341
3784474
3784709
3784798
3784818
3785125
3785374
3785614
3785846
3786091
3786244
3786481
3786594
3786852
3786956
3787204
3787419
3787831
3787991
3789036
3789912
3790266
3790365
3790716
3790923
3790983
3791238
3791499
3791757
3791879
3792051
3792159
3792327
3792874
3792988
3793100
3793200
3793271
3793369
3793476
3793568
3793678
3793918
3794299
3794938
3795087
3795221
3795375
3795741
3795858
3795961
3796058
3796169
3796282
3796402
3796639
3796743
3796833
3797090
3797497
3797726
3797836
3798231
3798403
3798713
3799078
3799283
3799538
3799675
3799810
3799929
3800133
3800322
3800488
3801202
3801256
3801511
3801771
3802327
3802546
3802786
3802925
3803311
3803547
3804033
3804227
3804473
3804727
3804923
3805058
3805194
3805268
3805301
3805443
3805667
3805862
3806143
3806286
3806536
3806798
3806933
3807246
3807381
3807628
3807860
3808044
3808172
3808299
3808415
3808638
3808764
3809014
3809401
3809651
3809890
3810059
3810172
3810294
3810516
3810578
3810847
3811475
3811672
3811925
3812180
3812205
3812541
3812907
3813170
3813820
3814076
3814375
3814652
3814790
3814925
3815055
3815188
3815314
3815670
3815729
3815901
3816028
3816100
3816225
3816263
3816347
3816568
3816954
3817269
3817366
3817581
3817700
3817914
3818155
3818380
3818544
3818664
3819042
3819166
3819587
3819989
3820115
3820443
3820886
3821078
3821364
3821683
3822055
3822297
3822594
3822799
3822936
3823178
3823405
3823658
3824515
3824761
3825012
3825270
3825603
3825975
3826226
3826509
3826764
3826994
3827093
3828566
3828808
3829073
3829316
3829794
3830063
3830440
3830978
3831128
3831212
3831287
3831531
3831737
3831857
3831993
3832106
3832230
3832443
3832496
3832514
3832619
3832674
3832902
3833264
3834256
3834536
3834766
3835205
3835415
3835791
3836310
3836709
3836961
3837243
3837388
3837546
3837742
3837948
3838204
3838451
3838697
3838883
3839020
3839439
3841045
3841182
3841363
3841434
3841571
3841697
3841835
3843115
3843363
3843619
3843864
3844109
3844258
3844432
3844567
3844833
3845137
3845308
3845550
3845717
3845850
3845921
3846306
3846583
3846825
3846960
3847188
3848861
3849120
3849331
3849486
3849968
3850433
3850688
3850912
3851086
3851301
3851669
3851788
3852045
3852438
3852644
3852915
3853033
3853426
3853601
3853836
3853960
3854231
3854480
3854733
3854927
3855298
3855518
3855772
3856005
3856684
3856839
3856956
3857214
3857324
3857465
3857873
3858153
3858269
3858431
3858765
3858969
3859258
3859597
3859884
3860148
3860304
3860444
3860563
3860674
3860767
3860873
3860994
3861109
3861227
3861341
3861754
3862000
3862348
3862545
3862860
3863112
3863298
3863409
3863526
3863787
3864157
3864443
3864581
3864836
3865151
3865401
3865643
3865906
3866187
3866432
3866672
3866887
3867134
3867429
3867691
3867807
3867922
3868132
3868350
3868482
3868608
3868810
3869057
3869663
3869912
3870095
3870352
3870596
3870956
3871161
3871420
3871549
3871807
3872054
3872268
3872372
3872483
3872731
3872883
3873131
3873537
3873793
3873968
3874150
3874392
3874734
3875110
3875269
3875524
3876066
3876265
3876466
3876749
3876856
3877130
3877329
3877560
3877754
3878060
3878189
3878321
3878466
3878762
3878893
3879010
3879260
3879521
3879845
3879973
3880098
3880270
3880526
3880772
3881048
3881413
3881497
3881784
3882031
3882212
3882454
3882767
3883074
3883322
3883584
3883778
3883904
3884146
3884403
3884834
3885010
3885134
3885259
3885366
3885491
3885670
3885796
3885947
3886013
3886137
3886437
3886681
3886941
3887187
3887522
3887768
3888319
3888610
3890002
3890274
3890501
3890762
3891028
3891270
3891522
3891860
3892076
3892495
3892620
3892837
3893087
3893583
3893662
3893778
3894022
3894276
3894757
3895013
3895152
3895399
3895791
3896378
3896583
3896695
3896811
3896910
3897009
3897254
3898395
3898641
3898762
3899000
3899195
3899289
3899490
3899723
3899846
3899928
3900068
3900198
3900591
3900841
3901094
3901220
3901458
3901691
3901824
3901937
3901997
3902026
3902323
3902474
3902614
3902931
3903180
3903304
3903401
3903656
3903782
3904248
3904585
3904759
3904855
3905033
3905874
3906088
3906500
3906629
3906872
3907068
3907188
3907429
3907664
3907784
3908109
3908509
3908778
3908908
3910128
3910427
3910625
3910632
3910868
3911132
3911777
3911965
3912284
3912396
3912508
3912614
3913059
3913307
3913466
3913696
3914307
3914441
3914676
3914814
3914933
3915364
3915471
3915844
3915960
3916017
3916133
3916256
3916431
3916536
3916651
3916760
3916886
3917032
3917048
3918270
3918836
3919175
3919798
3920135
3920472
3920656
3920812
3920998
3921165
3921572
3921951
3922151
3922374
3922494
3922749
3923169
3923291
3923579
3923735
3924490
3925965
3926212
3926606
3926895
3927230
3927656
3928035
3928471
3928709
3929429
3929545
3929672
3929791
3930007
3930438
3930970
3931593
3931835
3932210
3932603
3932976
3933135
3933282
3933518
3933753
3933965
3934105
3934227
3934374
3934580
3934826
3935121
3935363
3935786
3936125
3936442
3936838
3937264
3937589
3937961
3938211
3938508
3938593
3938857
3939121
3939381
3939736
3939965
3940201
3940405
3940655
3941246
3941373
3941512
3941880
3942267
3942880
3943141
3943216
3943406
3943745
3944420
3944808
3945424
3945576
3945730
3945957
3946243
3946379
3946514
3946677
3946973
3947347
3947615
3947993
3948305
3948813
3949057
3949332
3949797
3949937
3950203
3950453
3950647
3951279
3951431
3951569
3951846
3952098
3952510
3952593
3952766
3953018
3953314
3954038
3954697
3954939
3955163
3955247
3955493
3955918
3956068
3956293
3956513
3956754
3957000
3957213
3957275
3957481
3957604
3957714
3957955
3958065
3958173
3958772
3959000
3959380
3959641
3959879
3959990
3960229
3960368
3960440
3960545
3960783
3960894
3961139
3961386
3961470
3961498
3961621
3961864
3962112
3962274
3962605
3962787
3963135
3963257
3963508
3963800
3964060
3964178
3964429
3964620
3964812
3965123
3965326
3965578
3965680
3965762
3965820
3966098
3966312
3966421
3966657
3966782
3967033
3967264
3967326
3967444
3967694
3968279
3968797
3969046
3969114
3969504
3969833
3969958
3970213
3970333
3970455
3970856
3971121
3971389
3971621
3971739
3971962
3972152
3972274
3972349
3972358
3972622
3972866
3973207
3973431
3973554
3973797
3973911
3974024
3974273
3974520
3974776
3974896
3975122
3975259
3975478
3975673
3976050
3976216
3976531
3977034
3977280
3977539
3977891
3978138
3978384
3978842
3979112
3979264
3979379
3979492
3979607
3979668
3979794
3979911
3980019
3980055
3980147
3980270
3980374
3980484
3980732
3980750
3981078
3981325
3981562
3981950
3982056
3982184
3982429
3982736
3983024
3983236
3983633
3983798
3984031
3984105
3984130
3984439
3984570
3984688
3984909
3985110
3985471
3985659
3985748
3985855
3985928
3986037
3986238
3986378
3986636
3986781
3987179
3987428
3987675
3987905
3988149
3988267
3988496
3988904
3989067
3989320
3989602
3989712
3989918
3989975
3990379
3990676
3990789
3990890
3991020
3991122
3991233
3991244
3991474
3991694
3991857
3992124
3992524
3992712
3992986
3993109
3993378
3993604
3993743
3994062
3994198
3996347
3996458
3996609
3996743
3996848
3996985
3997089
3997143
3997248
3997412
3997505
3997761
3998028
3998133
3998412
3998659
3998831
3999012
3999176
3999268
3999374
3999491
3999693
3999805
3999913
4000020
4000118
4000255
4000524
4000775
4000893
4000999
4001258
4001556
4001661
4001850
4001988
4002209
4002350
4002448
4002543
4002611
4002857
4002936
4003072
4003327
4003576
4004136
4004274
4004360
4004459
4004541
4004601
4004683
4004763
4004859
4005288
4005484
4005824
4005990
4006154
4006411
4006648
4006752
4006995
4007318
4007569
4007577
4007835
4007934
4008187
4008402
4008656
4008890
4009091
4009214
4009328
4009437
4009729
4009936
4010179
4010278
4010534
4010802
4011036
4011646
4011734
4011821
4012050
4012140
4012427
4012572
4013144
4013383
4013475
4013720
4013820
4014290
4014542
4014842
4014895
4015140
4015281
4015556
4015813
4015999
4016103
4016356
4016481
4016744
4016892
4017255
4017689
4018095
4018325
4018809
4019214
4019442
4019668
4019872
4020039
4020179
4020212
4020242
4020276
4020453
4020607
4020678
4020836
4020982
4021120
4021399
4021850
4022947
4023307
4023771
4024022
4024273
4024418
4024909
4025253
4025485
4025633
4025665
4028063
4028369
4028589
4029083
4029428
4029693
4029879
4030139
4030222
4030376
4030527
4031144
4031408
4031473
4031695
4031929
4032143
4032291
4032532
4032886
4033092
4033272
4033799
4034057
4034737
4034797
4035098
4035351
4035895
4036220
4036468
4036807
4036926
4037193
4037606
4037866
4038004
4038298
4038829
4039086
4039258
4039327
4039558
4039712
4039850
4040091
4040181
4040365
4040529
4040642
4040792
4040888
4040997
4041033
4041218
4041229
4041394
4041562
4041737
4041989
4042382
4042557
4042800
4042989
4043287
4044142
4044570
4044995
4045340
4045765
4046023
4046436
4046745
4047061
4047590
4048031
4048205
4048449
4048736
4048888
4049247
4050291
4050536
4050871
4051024
4051290
4051388
4051930
4052257
4052472
4052605
4052964
4053302
4053485
4053743
4054052
4054560
4054733
4054890
4055168
4055422
4055587
4055836
4056119
4056490
4056609
4056878
4057127
4057395
4057663
4057888
4058047
4058205
4058428
4058584
4058821
4059125
4059366
4059508
4059991
4060304
4060444
4060567
4060866
4060997
4061121
4061252
4061383
4061529
4061800
4062050
4062297
4062648
4062900
4063282
4063431
4063752
4064031
4064443
4064602
4064879
4065222
4065492
4065955
4066112
4066241
4066371
4066550
4066941
4067558
4067824
4068094
4068230
4068593
4068937
4069187
4069448
4069663
4070250
4070637
4071124
4071378
4071661
4071826
4072109
4072318
4072457
4072690
4073061
4073193
4073443
4073546
4075516
4075615
4075775
4076045
4076333
4076584
4076735
4077014
4077341
4077565
4077808
4078089
4078220
4078477
4079026
4079270
4079655
4080065
4080310
4080637
4080888
4081138
4081379
4081613
4081710
4081959
4082092
4082200
4082330
4082688
4082912
4083428
4083616
4083740
4083880
4084186
4084618
4085205
4085451
4085924
4086170
4086493
4086739
4086889
4087161
4087438
4087640
4087836
4088185
4088525
4088649
4089123
4089141
4089370
4089607
4089752
4090154
4090505
4090845
4091315
4091454
4091698
4091958
4092136
4092307
4092435
4092715
4092840
4092938
4093077
4093345
4093474
4093602
4093702
4093886
4094086
4094433
4094571
4094828
4095074
4095520
4095753
4095881
4096124
4096253
4096616
4096996
4097243
4097484
4097611
4098047
4098311
4098436
4099223
4099447
4099587
4099838
4100266
4100399
4100663
4100784
4101224
4101472
4101674
4101937
4102220
4104503
4105581
4105969
4106123
4106269
4106524
4106840
4107127
4107518
4107661
4107951
4108088
4108448
4108671
4108807
4108985
4109131
4109380
4109588
4109832
4110096
4110322
4110464
4110791
4111663
4112244
4112403
4112636
4112881
4113130
4113297
4113434
4113588
4113835
4114345
4114646
4114916
4115133
4115661
4115904
4116641
4117037
4117240
4117489
4117942
4118084
4118409
4118577
4118750
4118908
4119255
4119579
4120056
4120362
4120696
4121339
4121859
4122325
4122578
4122821
4123237
4123507
4123667
4123879
4124033
4124214
4124400
4124588
4126340
4126739
4127130
4127366
4127685
4127935
4128614
4129077
4129284
4129438
4129706
4129854
4130063
4130214
4130359
4130735
4130976
4131690
4131933
4133002
4133067
4133210
4133320
4133418
4133544
4133614
4133696
4133793
4133901
4133993
4134086
4134265
4134408
4134659
4134905
4135007
4135264
4135527
4135656
4135866
4136148
4136391
4136644
4136922
4137166
4137404
4137716
4138085
4138355
4138461
4138771
4138891
4139147
4139260
4139363
4139462
4139532
4139783
4140029
4140233
4140609
4141180
4141271
4141392
4141700
4141765
4141878
4142125
4142424
4142682
4142953
4143052
4143153
4143397
4143660
4144185
4144411
4144649
4144913
4145057
4145158
4145430
4146127
4146300
4146574
4146782
4147018
4147130
4147370
4147615
4147865
4147975
4148083
4148159
4148392
4148514
4148767
4149015
4149272
4149378
4149495
4149740
4150255
4150843
4151287
4151482
4151616
4151923
4152052
4152299
4152646
4152763
4152882
4153126
4153386
4153627
4153744
4153916
4154098
4154713
4155070
4155344
4155594
4155932
4156649
4156843
4157136
4157383
4157838
4158080
4158327
4158675
4158905
4159039
4160154
4160456
4160764
4161000
4161237
4161549
4161673
4162136
4162269
4162509
4162798
4163447
4163688
4163922
4164200
4164428
4164764
4164959
4165196
4165393
4165739
4165971
4166321
4166566
4166787
4166936
4167178
4167799
4168027
4168428
4168561
4168783
4168931
4169172
4169666
4169768
4169899
4170214
4170519
4170800
4171065
4171249
4171470
4171799
4172215
4172503
4172721
4172941
4173207
4173545
4173763
4173944
4173968
4174028
4174364
4174543
4174771
4174999
4175342
4175471
4175607
4175925
4176215
4176596
4176721
4176952
4177158
4177359
4177685
4177810
4177930
4178226
4178447
4178672
4178807
4179024
4179244
4179446
4179788
4180091
4180307
4180516
4180720
4180932
4181179
3683345
3683657
3683750
3683843
3683937
3684066
3684157
3684274
3684414
3684418
3684516
3684613
3684702
3684800
3685012
3685136
3685307
3685611
3685827
3686004
3686091
3686312
3686486
3686571
3686654
3686662
3686781
3687339
3687466
3687748
3688076
3688253
3688392
3688522
3688572
3688884
3688972
3689381
3689493
3689586
3689674
3689817
3689958
3690141
3690622
3690790
3690975
3691185
3691633
3691829
3691983
3692064
3692179
3692265
3692343
3692453
3692669
3693062
3693214
3693294
3694038
3694171
3694256
3694286
3694302
3694327
3694347
3694753
3694863
3695015
3695517
3695718
3695869
3696047
3696204
3696386
3696868
3697170
3697304
3697413
3697611
3697945
3698057
3698180
3698816
3699091
3699396
3699588
3700447
3700668
3700828
3700915
3701063
3701069
3701599
3701978
3702314
3702853
3703254
3703552
3703754
3704060
3704184
3704401
3704619
3704727
3704835
3704947
3705022
3706575
3706832
3707029
3707256
3707461
3707787
3707997
3708180
3708533
3708666
3708880
3709000
3709120
3709336
3709455
3709567
3709868
3709978
3710506
3710750
3710909
3711130
3711349
3711526
3711644
3711872
3712305
3712562
3712865
3713564
3713769
3713903
3713920
3714316
3714448
3714692
3714705
3714940
3715074
3715310
3715487
3716110
3716375
3716537
3716777
3716907
3717107
3717365
3717568
3717850
3718113
3718289
3718606
3718919
3719163
3719443
3719580
3719820
3720018
3720162
3720436
3720623
3720768
3720885
3721127
3721365
3721700
3721932
3722161
3722393
3722707
3722928
3723171
3723456
3723760
3723904
3724262
3726342
3726492
3726741
3727006
3727397
3727569
3727821
3727976
3728111
3728234
3728481
3728866
3729103
3729232
3729438
3729690
3729820
3730087
3730212
3730335
3730430
3730563
3730684
3730747
3730882
3731133
3731284
3731400
3731598
3731854
3732119
3732382
3732579
3732737
3732872
3732996
3733128
3733254
3733377
3733499
3733617
3733741
3733861
3734002
3734119
3734229
3734312
3734415
3735029
3735278
3735406
3735662
3736197
3736258
3736619
3736956
3737205
3737346
3737601
3737715
3738107
3738334
3738554
3738783
3739066
3739446
3739696
3739926
3740168
3740479
3740686
3740869
3740961
3741049
3741243
3741314
3741403
3741611
3741855
3741907
3742026
3742065
3742737
3742990
3743247
3743638
3744167
3744529
3744880
3745382
3745629
3745886
3746136
3746247
3746437
3746815
3747151
3747270
3747340
3747442
3747565
3747678
3747887
3748051
3748239
3748339
3748444
3748669
3748780
3748891
3749251
3749529
3749915
3750165
3750379
3750508
3750552
3750687
3750735
3750868
3751010
3751273
3751525
3752164
3752462
3752611
3752871
3753048
3753295
3753372
3753475
3753581
3755515
3755658
3755791
3755926
3756033
3756161
3756281
3756427
3756569
3756701
3756802
3756908
3757007
3757135
3757272
3757533
3757695
3757797
3757910
3758159
3758364
3758625
3758954
3759256
3759493
3759722
3759960
3760315
3760508
3760707
3760830
3761053
3761384
3761665
3762021
3762253
3762476
3762713
3762841
3763076
3763250
3763378
3763825
3763934
3764162
3764280
3764516
3764894
3765147
3765362
3765618
3766095
3766353
3766416
3766532
3766749
3766846
3766951
3768221
3768363
3768926
3769182
3769531
3769761
3770064
3770174
3770270
3770541
3771119
3771695
3771766
3771896
3771901
3772037
3772288
3772346
3774446
3774584
3774712
3775443
3775691
3776316
3776771
3776890
3777134
3777252
3777534
3778266
3778360
3778486
3778604
3779085
3779343
3780149
3780407
3780653
3780769
3780880
3781135
3781318
3781472
3781836
3782235
3782586
3782750
3782867
3783112
3783489
3783755
3783909
3784097
3785381
3785696
3785851
3785949
3786030
3786076
3786152
3786223
3786463
3786576
3786832
3786941
3787169
3787405
3787816
3787979
3789018
3789891
3790154
3790271
3790387
3790699
3790906
3790961
3791241
3791475
3791736
3791857
3792031
3792142
3792308
3792638
3792962
3793040
3793151
3793250
3793349
3793452
3793549
3793627
3793663
3793904
3794279
3794396
3794620
3794784
3794896
3794999
3795192
3795325
3795406
3795716
3795837
3795935
3796038
3796149
3796258
3796374
3796495
3796693
3796788
3796794
3796903
3797157
3797478
3797679
3797795
3798146
3798391
3798575
3798927
3799156
3799338
3800124
3800336
3800535
3800875
3801307
3801562
3801820
3802375
3802595
3802835
3803333
3803638
3803882
3804274
3804521
3804870
3805015
3805152
3805259
3805281
3805428
3805716
3805908
3806196
3806339
3806706
3806879
3807126
3807346
3807598
3807846
3808093
3808229
3808348
3808459
3808679
3808815
3809056
3809450
3809700
3809937
3810104
3810229
3810490
3810540
3810832
3811060
3811180
3811305
3811579
3811723
3811976
3812590
3812963
3813218
3813872
3814132
3814423
3814703
3814840
3814974
3815104
3815238
3815413
3815418
3815641
3815778
3815951
3816149
3816270
3816494
3816741
3817043
3817401
3817636
3817941
3818186
3818590
3818852
3819093
3819215
3819639
3820048
3820164
3820583
3820778
3821226
3821335
3821588
3821834
3821973
3822224
3822496
3823027
3823340
3823584
3823767
3823881
3824499
3824640
3824729
3824979
3825070
3825349
3825584
3825957
3826223
3826490
3826746
3826978
3827088
3827200
3827473
3827601
3827853
3828056
3828209
3828504
3828737
3829056
3829299
3829776
3830044
3830291
3830960
3831113
3831270
3831514
3831723
3831842
3831976
3832090
3832214
3832424
3832490
3832595
3832659
3832887
3833247
3834244
3834522
3834749
3835187
3835397
3835768
3836290
3836688
3836934
3837221
3837369
3837528
3837736
3837941
3838186
3838318
3838675
3838862
3839001
3839422
3841027
3841163
3841295
3841413
3841552
3841677
3841770
3841904
3843094
3843343
3843600
3843846
3844092
3844222
3844310
3844438
3844562
3844818
3844955
3845225
3845740
3846025
3846406
3846584
3846819
3846939
3847165
3847306
3847518
3847655
3847857
3848096
3848313
3848521
3848716
3848961
3849041
3849306
3849464
3849996
3850236
3850386
3850725
3851179
3851426
3851562
3851912
3852175
3852314
3852564
3852794
3853218
3853359
3853730
3854110
3854376
3854617
3854983
3855425
3855622
3855875
3856101
3856240
3856392
3856560
3856571
3857082
3857581
3857756
3858012
3858238
3858321
3858588
3858836
3859076
3859326
3859458
3859707
3859994
3860083
3861460
3861623
3861884
3862131
3862209
3862422
3862674
3862935
3863012
3863661
3863918
3864103
3864289
3864719
3864963
3865285
3865532
3865793
3866062
3866314
3866565
3866803
3866947
3867298
3867567
3868025
3868227
3868685
3868922
3869164
3869298
3869450
3869785
3870220
3870472
3870759
3871064
3871298
3871658
3871906
3872152
3872650
3872900
3873351
3873552
3873796
3873983
3874225
3874748
3875123
3875285
3875537
3875868
3876080
3876221
3876349
3876481
3876763
3876873
3877232
3877611
3877964
3878659
3879128
3879377
3879672
3880429
3880625
3880868
3881186
3881356
3881507
3881640
3881893
3882377
3882644
3882987
3883205
3883525
3884007
3884258
3886298
3886763
3887011
3887284
3887434
3887706
3887938
3888073
3888214
3888509
3888546
3888549
3888931
3889046
3889158
3889263
3889366
3889528
3889684
3889810
3889915
3890166
3890416
3890680
3890939
3891334
3891675
3891836
3892192
3892460
3892753
3893008
3893252
3893491
3894004
3894256
3894445
3894601
3894923
3895026
3895309
3895665
3895740
3896100
3896257
3897175
3897406
3897538
3897665
3897778
3897910
3898044
3898175
3898296
3898547
3898974
3899220
3899460
3899700
3899859
3899983
3900123
3900254
3900648
3900896
3901159
3901293
3901527
3901759
3901871
3902067
3902411
3902585
3902979
3903234
3903352
3903471
3903717
3904408
3904664
3904766
3905039
3905880
3906086
3906507
3906634
3906875
3907073
3907194
3907435
3907628
3907752
3908115
3908515
3908787
3908915
3909029
3909435
3909547
3909982
3910092
3910304
3910550
3910792
3911000
3911780
3911968
3912288
3912400
3912511
3912618
3912838
3912947
3913194
3913470
3913701
3914312
3914445
3914694
3914826
3914937
3915368
3915477
3915850
3916020
3916137
3916267
3916377
3916541
3916658
3916817
3916932
3917039
3918276
3918530
3918774
3919181
3919803
3920138
3920320
3920526
3920805
3921004
3921170
3921424
3921547
3921957
3922159
3922380
3922500
3922889
3923174
3923296
3923620
3924277
3924507
3924684
3924805
3924912
3925040
3925142
3925268
3925393
3925488
3925608
3925726
3926024
3926321
3926673
3926987
3927278
3927427
3927685
3927823
3927897
3928052
3928284
3928539
3929061
3929294
3930132
3930257
3930510
3930618
3930627
3930854
3931101
3931212
3931332
3931576
3931687
3931955
3932302
3932419
3932667
3932833
3933000
3933400
3933633
3934238
3934699
3934978
3935229
3935567
3935676
3936032
3936299
3936553
3936680
3936931
3937104
3937356
3937681
3937807
3938056
3938425
3938718
3938958
3939232
3939468
3939589
3939878
3940065
3940511
3940717
3940831
3940942
3941083
3941683
3941926
3942079
3942365
3942502
3942608
3942719
3942980
3943236
3943493
3943716
3943923
3943940
3944135
3944253
3944509
3944659
3944901
3945016
3945050
3945138
3945265
3946078
3946771
3947065
3947276
3947529
3947811
3947937
3948184
3948331
3948529
3948657
3948902
3949162
3949418
3949653
3950058
3950335
3950688
3950893
3951057
3951691
3951967
3952190
3952305
3952582
3952862
3953248
3953420
3953733
3953868
3954113
3954316
3954432
3954589
3954804
3955081
3955184
3955409
3955675
3956006
3956126
3956563
3956816
3957066
3957267
3957547
3957661
3957777
3958012
3958119
3958226
3958828
3959052
3959431
3959697
3959934
3960047
3960291
3960427
3960626
3960833
3960947
3961193
3961483
3961602
3961847
3962138
3962409
3962667
3962856
3963254
3963566
3963924
3964136
3964389
3964629
3964869
3965186
3965388
3965720
3965812
3966080
3966289
3966392
3966493
3966756
3967221
3967366
3967654
3968345
3968844
3969166
3969555
3969894
3970020
3970276
3970395
3970890
3971185
3971442
3971683
3971918
3972171
3972299
3972409
3972685
3972928
3973268
3973379
3973494
3973611
3973857
3974007
3974093
3974336
3974583
3974828
3975072
3975208
3975323
3975657
3975785
3976015
3976180
3976436
3977062
3977312
3977565
3977828
3978080
3978345
3978590
3978769
3979047
3980661
3980942
3981267
3981504
3981735
3981866
3982336
3982595
3982847
3983110
3983421
3983562
3983917
3984214
3984374
3984838
3985289
3986580
3986975
3987301
3987547
3987800
3988033
3988446
3988793
3989043
3989247
3989550
3989853
3990173
3990321
3990579
3991407
3991635
3992016
3992315
3992465
3992927
3993303
3993572
3993653
3994000
3994403
3994559
3994747
3994942
3995132
3995323
3995468
3995625
3995797
3995980
3996132
3996275
3997674
3997950
3998345
3998594
3999233
4000206
4000426
4000703
4001181
4001482
4001778
4002136
4002795
4003257
4003505
4003764
4004050
4005052
4005227
4005667
4005919
4006348
4006797
4007057
4007252
4007716
4008121
4008527
4008770
4009004
4009546
4009682
4010101
4010461
4010722
4010974
4011302
4011946
4012303
4012721
4013155
4013395
4013485
4013732
4013832
4014500
4014854
4015102
4015205
4015294
4015565
4015814
4016010
4016117
4016369
4016492
4017006
4017163
4017437
4017546
4017653
4017968
4018069
4018285
4018524
4018634
4018724
4018883
4018977
4019081
4019175
4019402
4019625
4019822
4021340
4021594
4021708
4021804
4022047
4022140
4022232
4022324
4022428
4022526
4022618
4022709
4022803
4022902
4023155
4023253
4023510
4023618
4023725
4023977
4024223
4024554
4024911
4025250
4025543
4025735
4026023
4026120
4026208
4026313
4026402
4026525
4026608
4026783
4026935
4027033
4027124
4027219
4027287
4027382
4027488
4027581
4027728
4027825
4027900
4027993
4028245
4028338
4028767
4028867
4028947
4029036
4029284
4029374
4029380
4029652
4030083
4030598
4030815
4030910
4031001
4031085
4031332
4031386
4031567
4031829
4032172
4032412
4032929
4033125
4033318
4033849
4034102
4034503
4034756
4035148
4035403
4035944
4036239
4036711
4036977
4037078
4037294
4037658
4037921
4038284
4038854
4039114
4039286
4039355
4039595
4039891
4040125
4040229
4040411
4040574
4040729
4040899
4041007
4041190
4041332
4041444
4041611
4041787
4042040
4042434
4042719
4042877
4043147
4043334
4044078
4044321
4044512
4044935
4045267
4045525
4045706
4045955
4046315
4046992
4047516
4047770
4047971
4048139
4048387
4048671
4048821
4049183
4050227
4051117
4051233
4051340
4051867
4052195
4052408
4052900
4053240
4053400
4053558
4053815
4054496
4054671
4054825
4055103
4055359
4055523
4055774
4055929
4056423
4056595
4056630
4056971
4057324
4057593
4057821
4057978
4058138
4058367
4058529
4058757
4058995
4059062
4059303
4059447
4059685
4059935
4060235
4060376
4060506
4060607
4060814
4060971
4061051
4061187
4061314
4061449
4061725
4061974
4062225
4062572
4063050
4063215
4063368
4063671
4063917
4064367
4064525
4064802
4065122
4065423
4065558
4065897
4066030
4066172
4066312
4066438
4066522
4066732
4067102
4067352
4067756
4067904
4068136
4068385
4068640
4068879
4069118
4069253
4069505
4069601
4070180
4070563
4071053
4071306
4071441
4071690
4071759
4072407
4072638
4073026
4073137
4073412
4073514
4075480
4075612
4075740
4075902
4076145
4076303
4076554
4076729
4076938
4077312
4077536
4077780
4078058
4078451
4078990
4079240
4079625
4080037
4080278
4080605
4080853
4081099
4081346
4081586
4081705
4081954
4082096
4082287
4082657
4082846
4082980
4083097
4083220
4083453
4083589
4083744
4084155
4084555
4085105
4085353
4085487
4085546
4085673
4086058
4086270
4086475
4086723
4086912
4087023
4087287
4087533
4087770
4088001
4088113
4088307
4088474
4088717
4088831
4089015
4089263
4089509
4089872
4089989
4090231
4090385
4090633
4090748
4090982
4091102
4091219
4091600
4091749
4091867
4092582
4093238
4093965
4094220
4094334
4094701
4094904
4095198
4095313
4095430
4095675
4095995
4096440
4096545
4096758
4096866
4097148
4097389
4097719
4097847
4098141
4098534
4099166
4099409
4099553
4099803
4100228
4100358
4100475
4100714
4101187
4101436
4101637
4101898
4102227
4104342
4104704
4105056
4105328
4105676
4106056
4106222
4106468
4106795
4106950
4107223
4107486
4107626
4107870
4108005
4108141
4108543
4108879
4109085
4109223
4109487
4109795
4110054
4110280
4110408
4110534
4110775
4111615
4112192
4112356
4112586
4112725
4112945
4113088
4113250
4113800
4113991
4114087
4114200
4114490
4114726
4114836
4115144
4115262
4115374
4115456
4115731
4116076
4116186
4116308
4116408
4116663
4116810
4117070
4117317
4117564
4117666
4117774
4118253
4118944
4119267
4119412
4119656
4119774
4119868
4120114
4120451
4120763
4120872
4120946
4121067
4121195
4121453
4121558
4121660
4121918
4122036
4122150
4122396
4122642
4122884
4123007
4123108
4123340
4124804
4124914
4124992
4125104
4125219
4125330
4125441
4125540
4125660
4125837
4125944
4126044
4126145
4126239
4126284
4126298
4126303
4126547
4126682
4126950
4127208
4127506
4127751
4127993
4128092
4128179
4128271
4128348
4128430
4128677
4128828
4130381
4130490
4130554
4130797
4131011
4131098
4131194
4131327
4131429
4131529
4131804
4132034
4132824
4133071
4133214
4133321
4133420
4133519
4133618
4133701
4134359
4134608
4134806
4135156
4135453
4135797
4136041
4136291
4136572
4136816
4137060
4137303
4137487
4137681
4137889
4138019
4138250
4138664
4139049
4139689
4139933
4140173
4140418
4140745
4140886
4141022
4141261
4141498
4142034
4142286
4142586
4142860
4143275
4143518
4143789
4143914
4144073
4144322
4144559
4144812
4145320
4145547
4145688
4145825
4145963
4146207
4146253
4146525
4146735
4146927
4147275
4147527
4147782
4148308
4148677
4148926
4149130
4149606
4149908
4150039
4150169
4150426
4150577
4150758
4151004
4151210
4151464
4151720
4151846
4152122
4152466
4152979
4153295
4153544
4153585
4154014
4154672
4155066
4155337
4155588
4155927
4156644
4156840
4157131
4157378
4157833
4158075
4158324
4158671
4158902
4159036
4160151
4160454
4160761
4160998
4161233
4161543
4161668
4162132
4162268
4162656
4162887
4162981
4163081
4163181
4163283
4163571
4163799
4164025
4164254
4164500
4164599
4164841
4165039
4165324
4165424
4165637
4165748
4165976
4166197
4166407
4166641
4167061
4167270
4167374
4167478
4167637
4167863
4168090
4168262
4168645
4169029
4169242
4169339
4169438
4169532
4170016
4170108
4170308
4170407
4170443
4170694
4170902
4171025
4171368
4171483
4171685
4171864
4171961
4172061
4172279
4172416
4172632
4172848
4173055
4173297
4173384
4173599
4173804
4173952
4173976
4174107
4174231
4174443
4174628
4174839
4175063
4175236
4175667
4175820
4176043
4176265
4176385
4176479
4176680
4176776
4176986
4177194
4177438
4177527
4177966
4178062
4178319
4178514
4178878
4179077
4179304
4179488
4179573
4179678
4179852
4179936
4180156
4180368
4180577
4180753
4180982
4181076
4181251
4181453
3683331
3683643
3683735
3683827
3683918
3684013
3684105
3684110
3684198
3684257
3684393
3684496
3684592
3684685
3684781
3684946
3685116
3685290
3685591
3685805
3685981
3686069
3686292
3686467
3686598
3686707
3686824
3687404
3687522
3687978
3688126
3688209
3688305
3688444
3688518
3688713
3688868
3688956
3689364
3689475
3689568
3689654
3689745
3689836
3689967
3690134
3690614
3690774
3690956
3691168
3691526
3691702
3691873
3691970
3692049
3692173
3692249
3692325
3692398
3692486
3692651
3693044
3693955
3694122
3694244
3694279
3694316
3694831
3694946
3695036
3695497
3695697
3695849
3696031
3696186
3696372
3696849
3697145
3697237
3697327
3697389
3697586
3697887
3698013
3698087
3698158
3698790
3699067
3699371
3699558
3700420
3700643
3700799
3700887
3700966
3701053
3701573
3701952
3702273
3702821
3703376
3703599
3703702
3703815
3704027
3704152
3704356
3704586
3704694
3704805
3704915
3705020
3706544
3706754
3706993
3707113
3707227
3707431
3707758
3707966
3708149
3708506
3708637
3708850
3708964
3709093
3709308
3709837
3709954
3710473
3710716
3710875
3711098
3711317
3711491
3711604
3711837
3712270
3712524
3712643
3712915
3713527
3713724
3713866
3714279
3714410
3714654
3714898
3715035
3715270
3715445
3716071
3716334
3716496
3716738
3716872
3717002
3717240
3717450
3717686
3717876
3718076
3718243
3718465
3718800
3718940
3719186
3719398
3719541
3719783
3720008
3720152
3720394
3720614
3720710
3720850
3721091
3721331
3721662
3721895
3722120
3722341
3722576
3722807
3723022
3723243
3723425
3723546
3723733
3723874
3724225
3724352
3726375
3726511
3726759
3726987
3727362
3727534
3727785
3727912
3728161
3729634
3730026
3730542
3731116
3731542
3731781
3732067
3732324
3734536
3734706
3734864
3735222
3735605
3735971
3736131
3736390
3736553
3736811
3737146
3737539
3737913
3738058
3738414
3738666
3738974
3739246
3739388
3739647
3739889
3740126
3740325
3740554
3740794
3741200
3741542
3741766
3741826
3741889
3742220
3742393
3742557
3742680
3742946
3743198
3743445
3743589
3743841
3744056
3744296
3744451
3744728
3745011
3745247
3745584
3745831
3746079
3746373
3746610
3746767
3747031
3747812
3748165
3748579
3749023
3749200
3749484
3749740
3750116
3750369
3750500
3750655
3750845
3751121
3751383
3751633
3752280
3752572
3752846
3753028
3753278
3753418
3753548
3755619
3755754
3755889
3756018
3756147
3756350
3756512
3756650
3756777
3756958
3757078
3757255
3757375
3757637
3757791
3757905
3758224
3759247
3759473
3759609
3759883
3760122
3760226
3760419
3760648
3760986
3761214
3761446
3761682
3761947
3762182
3762413
3762643
3762912
3763148
3763532
3763660
3763766
3763794
3764135
3764438
3764688
3764821
3765072
3765275
3765525
3765785
3765908
3766035
3766287
3766662
3766764
3767051
3767898
3768157
3768529
3768654
3768790
3769038
3769152
3769233
3769354
3769620
3769872
3769978
3770463
3771244
3771560
3772223
3772526
3772653
3772776
3772883
3772977
3773103
3773226
3773352
3773489
3773632
3773759
3773909
3774028
3774173
3774242
3774268
3774282
3774366
3774803
3774953
3775069
3775177
3775298
3775378
3775632
3775868
3775980
3776085
3776217
3776472
3776835
3777095
3777201
3777601
3777716
3778079
3778256
3778432
3778558
3779156
3779455
3779693
3780077
3780482
3780722
3780837
3780954
3781385
3781613
3781753
3782006
3782140
3782272
3782522
3782965
3783190
3783408
3783653
3783885
3784217
3784609
3784877
3784936
3784940
3785188
3785534
3785671
3786372
3786753
3787054
3787294
3787534
3787727
3787956
3788105
3788247
3788356
3788494
3788632
3788756
3788926
3789152
3789325
3789339
3789472
3789607
3789731
3789798
3790049
3790445
3790594
3790842
3791152
3791407
3791668
3791938
3792263
3793236
3793810
3794061
3794202
3794539
3794736
3795182
3795485
3795626
3796549
3796993
3797244
3797379
3797630
3797918
3798060
3798315
3798559
3798795
3799135
3799277
3799531
3799670
3799801
3799923
3800131
3800321
3800483
3800706
3800999
3801249
3801506
3801767
3802319
3802538
3802782
3802924
3803304
3803541
3803808
3804219
3804468
3804719
3804917
3805052
3805188
3805273
3805432
3805658
3805855
3806138
3806883
3806998
3807387
3807639
3807884
3808490
3808849
3809074
3809204
3809333
3809489
3809733
3809971
3810356
3810547
3810663
3810898
3811355
3811612
3811760
3812015
3812214
3812261
3812389
3812631
3812756
3813010
3813022
3813255
3813378
3813409
3813498
3813621
3813661
3813914
3814165
3814284
3814482
3814738
3816360
3816626
3816828
3816978
3817197
3817414
3817724
3817971
3818220
3818427
3818752
3818878
3819126
3819273
3819421
3819683
3819823
3820227
3820366
3820392
3820642
3820818
3820951
3821017
3821263
3821341
3821593
3821869
3822122
3822359
3822535
3822740
3822875
3823087
3823188
3823372
3823623
3824469
3824688
3824936
3825006
3825266
3825538
3825904
3826160
3826391
3826453
3826708
3826945
3827083
3827180
3827426
3827553
3827677
3827833
3828085
3828152
3828249
3828625
3828754
3829013
3829397
3829523
3829654
3829900
3830166
3830351
3830568
3830675
3830777
3830872
3831396
3831644
3832528
3832551
3832785
3832979
3833103
3833331
3833429
3833562
3833676
3833793
3833876
3833981
3834091
3834189
3834406
3834669
3834880
3834985
3835067
3835313
3835612
3835855
3836000
3836573
3836832
3837097
3837662
3837784
3838033
3838343
3838579
3839099
3839253
3839308
3839523
3839706
3839811
3839938
3840064
3840194
3840289
3840407
3840591
3840710
3840761
3840873
3841961
3842078
3842198
3842309
3842447
3842559
3842661
3842728
3842760
3842827
3842982
3843236
3843484
3843733
3843909
3844716
3844997
3845413
3845908
3846167
3846416
3846666
3847022
3847412
3847749
3847964
3848051
3848207
3848427
3848794
3849045
3849190
3849599
3849714
3849794
3849900
3850093
3850955
3851073
3851270
3851638
3851760
3852089
3852228
3852483
3852708
3852834
3853130
3853268
3853455
3853642
3854022
3854290
3854528
3854778
3855027
3855343
3855541
3855667
3855839
3856063
3856155
3856301
3856432
3856510
3856997
3857443
3857672
3857922
3857927
3858063
3858247
3858540
3858794
3859009
3859277
3859409
3859623
3860366
3861502
3861544
3861798
3862051
3862194
3862401
3862603
3862747
3863002
3863585
3863832
3864007
3864226
3864342
3864653
3864898
3865030
3865210
3865459
3865706
3865988
3866242
3866494
3866734
3866915
3867194
3867495
3869351
3869378
3869507
3869771
3870145
3870399
3870641
3870725
3871026
3871261
3871597
3871840
3872082
3872576
3872819
3873075
3873303
3873473
3874104
3874311
3874675
3875057
3875204
3875465
3875602
3875802
3876005
3876150
3876282
3876406
3876650
3876774
3876863
3877120
3877268
3877491
3877798
3878110
3879194
3879444
3879567
3879897
3880028
3880168
3880315
3880786
3881062
3881457
3881770
3882051
3882239
3882505
3882816
3883265
3883447
3883635
3883828
3884079
3884352
3884490
3884634
3884818
3884940
3885065
3885214
3885418
3885566
3885725
3885850
3885998
3886115
3886487
3886730
3886976
3887224
3887421
3887647
3887920
3888369
3888666
3890056
3890312
3890556
3890818
3891087
3891327
3891576
3891918
3892138
3892607
3892890
3893139
3893364
3893592
3893718
3893871
3894125
3894817
3895023
3895158
3895448
3896361
3896610
3896752
3896820
3896934
3897071
3898457
3898755
3898866
3899117
3899441
3899604
3900401
3900538
3900788
3901045
3901420
3901973
3902209
3902736
3902872
3903122
3903603
3903754
3903981
3904147
3904392
3904528
3904958
3905229
3905362
3905503
3905679
3905809
3906278
3906481
3906609
3906868
3907048
3907169
3907408
3907600
3907723
3908088
3908487
3908756
3908896
3909023
3909410
3909520
3909935
3910048
3910280
3910538
3910779
3910992
3911739
3911944
3912264
3912373
3912477
3912579
3912815
3912922
3913170
3913439
3913671
3914281
3914418
3914663
3914797
3914893
3915338
3915447
3915821
3916005
3916046
3916161
3916318
3916413
3916514
3916630
3916689
3916792
3916899
3917007
3918246
3918499
3918745
3919151
3919826
3920112
3920296
3920505
3921744
3921926
3922126
3922349
3922468
3922721
3923139
3923265
3923589
3923712
3923800
3924012
3924268
3924500
3924656
3924778
3924884
3925013
3925112
3925234
3925355
3925453
3925568
3925675
3925789
3925991
3926239
3926450
3926638
3926874
3927066
3927254
3927402
3927661
3927802
3927896
3928048
3928260
3928507
3928990
3929225
3929555
3929677
3929757
3929902
3930334
3930544
3930874
3931355
3931730
3932098
3932498
3932869
3932982
3933106
3933229
3933467
3933703
3933877
3933990
3934114
3934260
3934382
3934469
3934725
3934980
3935270
3935410
3935708
3935736
3936041
3936149
3936349
3936729
3936977
3937157
3937482
3937857
3938105
3938234
3938470
3938581
3938826
3939048
3939282
3939563
3939744
3939976
3940207
3940408
3940626
3941172
3941273
3941398
3941523
3941768
3942172
3942774
3943033
3943272
3943532
3943772
3944307
3945310
3945459
3945619
3945759
3945849
3945988
3946142
3946276
3946419
3946531
3946643
3946886
3947114
3947369
3947606
3947981
3948233
3948727
3948975
3949220
3949464
3949692
3949825
3949953
3950166
3950376
3950571
3950782
3951196
3951331
3951468
3951525
3951762
3951999
3952414
3952610
3952893
3953188
3954035
3954696
3954940
3955396
3955651
3955827
3956278
3956472
3956727
3956979
3957243
3957419
3957938
3958384
3958537
3958741
3958980
3959207
3959345
3959614
3959862
3960221
3960703
3961122
3961642
3962013
3962254
3962507
3962759
3963024
3963480
3963741
3964033
3964307
3964553
3964794
3965100
3965553
3965803
3966057
3966646
3966941
3967204
3967607
3967857
3967867
3967882
3968131
3968397
3968647
3968787
3969044
3969336
3969474
3969730
3970189
3970601
3970738
3970838
3971051
3971342
3971603
3971866
3972093
3972593
3972850
3973061
3973773
3974257
3974501
3974761
3975059
3975461
3975577
3975862
3976113
3976405
3976652
3976785
3976986
3977264
3977519
3977836
3978088
3978357
3978599
3978778
3979056
3980684
3980951
3981276
3981513
3981752
3982128
3982379
3982607
3982851
3983117
3983433
3983575
3984160
3984228
3984394
3984754
3985003
3985226
3985357
3986496
3986809
3987213
3987467
3988010
3988355
3988701
3988836
3989049
3989172
3989947
3990085
3990451
3990496
3991314
3991545
3991771
3991948
3992226
3992835
3993207
3993480
3993615
3993887
3994298
3994457
3994613
3994762
3994887
3995031
3995178
3995344
3995476
3995536
3995680
3995842
3995894
3996038
3996188
3997592
3997852
3998249
3998499
3998745
3998960
3999167
4000182
4000402
4000607
4001087
4001338
4001394
4001646
4001695
4002055
4002705
4003161
4003412
4003662
4003907
4004952
4005130
4005382
4005574
4005773
4006072
4006290
4006498
4006842
4007018
4007144
4007401
4007614
4007985
4008269
4008490
4008735
4009355
4009562
4009649
4009785
4010088
4010365
4010626
4010880
4011214
4011435
4011859
4012090
4012215
4012370
4012656
4012817
4013022
4013236
4013575
4013916
4014085
4014224
4014353
4014632
4014785
4014940
4015378
4015637
4015880
4016222
4016578
4016785
4017287
4017720
4018127
4018358
4018798
4019903
4020069
4020186
4020226
4020254
4020440
4020515
4020683
4020870
4021023
4021166
4021440
4021872
4022992
4023348
4023812
4024065
4024313
4024457
4024949
4025293
4025536
4025670
4028109
4028415
4028639
4029128
4029479
4029737
4029922
4030162
4030262
4030416
4030671
4031190
4031436
4031721
4031953
4032180
4032419
4032925
4033120
4033315
4033846
4034107
4034500
4034753
4035145
4035401
4035940
4036276
4036707
4036974
4037229
4037655
4037916
4038108
4038345
4038976
4039148
4039353
4039594
4039889
4040123
4040227
4040409
4040571
4040727
4040898
4041003
4041089
4041251
4041441
4041609
4041785
4042037
4042433
4042716
4042875
4043338
4044082
4044328
4044517
4044939
4045272
4045534
4045712
4045960
4046319
4046996
4047521
4047910
4048071
4048145
4048393
4048675
4048825
4049187
4050232
4050479
4050743
4050933
4051237
4051344
4051873
4052200
4052412
4052904
4053244
4053405
4053562
4053823
4053994
4054500
4054673
4054828
4055109
4055363
4055528
4055778
4055934
4056428
4056603
4056623
4056819
4057065
4057329
4057598
4057824
4057982
4058141
4058369
4058532
4058762
4059063
4059306
4059449
4059687
4059938
4060250
4060393
4060400
4060524
4060766
4060904
4061068
4061203
4061271
4061413
4061645
4061940
4062243
4062589
4062721
4063223
4063376
4063688
4063968
4064386
4064546
4064824
4065169
4065442
4065573
4065918
4066066
4066075
4066207
4066331
4066456
4066742
4067122
4067373
4067778
4067926
4068158
4068414
4068659
4068890
4069393
4069819
4069947
4070073
4070366
4070496
4070763
4070886
4071007
4071260
4071562
4071937
4072219
4072552
4072806
4072930
4072948
4073358
4073717
4073851
4073987
4074118
4074254
4074402
4074584
4074733
4074915
4075035
4075169
4075314
4075428
4075876
4076080
4076237
4076500
4076785
4077044
4077272
4077664
4077984
4078242
4078360
4078601
4078738
4078848
4079003
4079180
4079419
4079538
4079804
4079964
4080208
4080467
4080819
4081110
4081400
4081627
4081683
4081773
4082450
4082594
4083363
4084103
4084340
4084516
4084783
4084931
4085036
4085288
4085803
4086033
4086289
4086538
4086837
4086929
4087178
4087399
4087552
4087895
4088044
4088326
4088492
4088734
4088846
4089028
4089276
4089527
4089891
4090005
4090251
4090314
4090403
4090651
4090763
4090998
4091118
4091236
4091618
4091836
4092603
4092793
4092913
4093162
4093316
4093447
4093577
4093678
4093806
4094060
4094406
4094545
4094794
4094974
4095106
4095500
4095731
4095857
4096102
4096196
4096299
4096599
4096944
4097216
4097461
4097581
4098020
4098286
4098413
4098624
4098757
4098882
4099004
4099254
4099690
4100064
4100524
4100823
4100946
4101067
4101315
4101390
4101708
4102042
4102267
4102396
4102521
4102664
4102780
4102889
4103011
4103163
4103279
4103406
4103523
4103579
4103703
4103814
4103929
4104035
4104142
4104394
4104527
4104776
4104902
4105159
4105404
4105509
4105585
4105749
4105865
4106305
4106547
4106646
4106970
4107157
4107281
4107771
4108248
4108361
4108606
4108786
4109273
4109637
4109884
4110138
4110627
4110874
4111023
4111132
4111226
4111294
4111396
4111476
4111690
4111772
4111864
4111959
4112058
4112481
4112785
4113145
4113225
4113343
4113491
4113713
4114224
4114403
4114679
4114964
4115099
4115552
4115788
4115967
4116533
4116926
4117131
4117378
4117832
4117976
4118110
4118313
4118458
4118618
4118791
4119016
4119181
4119485
4119945
4120243
4120500
4120720
4121253
4121751
4122216
4122463
4122670
4122931
4123257
4123414
4123563
4123713
4123770
4123919
4124068
4124101
4124249
4124360
4124450
4124544
4124687
4126407
4126764
4127024
4127245
4127392
4127575
4127828
4128504
4128746
4128968
4129119
4129170
4129325
4129472
4129599
4129745
4129882
4129890
4129954
4130098
4130241
4130620
4130870
4131583
4131845
4132075
4132207
4132347
4132481
4132622
4132751
4132894
4133159
4134338
4134485
4134744
4135087
4135388
4135732
4136102
4136351
4136600
4136848
4137105
4137326
4137626
4137833
4137987
4138191
4138576
4138845
4139202
4139610
4139854
4140096
4140305
4140405
4140436
4140675
4140816
4140923
4141043
4141278
4141421
4141569
4141957
4142208
4142345
4142505
4142783
4143194
4143436
4143690
4143850
4143962
4144039
4144250
4144483
4144728
4144870
4145242
4145467
4145611
4145750
4145893
4146004
4146218
4146522
4146732
4146856
4147194
4147438
4147683
4148220
4148593
4148839
4149049
4149182
4149632
4149824
4149964
4150093
4150349
4150519
4150558
4150588
4150711
4150932
4151107
4151239
4151638
4151762
4152001
4152375
4152896
4153209
4153923
4154590
4154984
4155259
4155506
4155843
4156081
4156563
4156739
4157041
4157186
4157751
4157994
4158132
4158371
4158611
4158769
4158942
4159062
4160099
4160308
4160545
4160733
4160920
4161157
4161462
4161593
4162057
4162191
4162416
4162551
4162717
4162852
4163363
4164001
4164097
4164306
4164380
4164478
4164576
4164815
4165013
4165291
4165382
4165569
4165673
4165879
4166101
4166215
4166468
4167017
4167243
4167349
4167446
4167537
4167639
4167852
4168081
4168241
4168621
4168983
4169216
4169321
4169414
4169511
4169570
4169996
4170258
4170358
4170552
4170741
4170963
4171153
4171400
4171625
4171841
4171941
4172034
4172261
4172396
4172615
4172823
4173026
4173278
4173370
4173586
4173789
4173951
4173964
4173975
4174087
4174213
4174427
4174611
4174822
4175058
4175226
4175648
4175802
4176024
4176124
4176360
4176461
4176662
4176728
4176783
4177020
4177205
4177420
4177512
4177948
4178045
4178300
4178513
4178858
4179057
4179285
4179469
4179555
4179659
4179833
4179916
4180135
4180348
4180557
4180730
4180962
4181055
4181232
4181437
4181667
4181759
4181850
4182185
3683295
3683518
3683696
3683789
3683884
3683975
3684038
3684131
3684224
3684318
3684364
3684464
3684558
3684651
3684742
3684824
3684966
3685083
3685258
3685347
3685501
3685651
3685777
3685951
3686038
3686255
3686431
3686529
3686614
3686689
3686758
3686808
3687290
3687367
3687415
3687494
3687953
3688102
3688186
3688276
3688415
3688511
3688604
3688834
3688929
3689333
3689442
3689534
3689624
3689713
3689780
3689920
3690007
3690164
3690351
3690680
3690739
3690923
3691125
3691299
3691667
3691821
3691935
3692022
3692097
3692136
3692215
3692298
3692371
3692429
3692618
3692991
3693163
3693250
3693422
3694009
3694195
3694263
3694282
3694311
3694367
3694706
3694794
3694885
3694904
3694994
3695128
3695470
3695670
3695817
3696199
3696344
3696820
3697117
3697207
3697257
3697355
3697555
3697754
3697907
3698077
3698132
3698763
3699035
3699343
3699530
3700387
3700611
3700765
3700855
3700936
3701015
3701541
3701922
3702243
3702785
3703185
3703384
3703639
3703645
3703757
3703989
3704294
3704543
3704655
3704762
3704872
3705002
3706502
3706711
3706945
3707065
3707133
3707179
3707385
3707543
3707732
3707928
3708102
3708306
3708464
3708592
3708799
3708916
3709029
3709244
3709372
3709482
3709584
3709811
3709927
3710427
3710670
3710784
3710832
3711058
3711276
3711447
3711562
3711790
3711907
3712226
3712479
3712601
3712820
3713480
3713677
3713821
3714232
3714365
3714607
3714852
3714988
3715225
3715348
3715413
3716023
3716284
3716442
3716686
3716821
3716950
3717047
3717268
3717479
3717710
3717888
3718065
3718230
3718449
3718611
3718871
3719117
3719355
3719494
3719740
3719838
3720022
3720249
3720462
3721019
3721184
3721667
3721900
3722132
3722361
3722584
3722811
3723353
3723474
3723761
3723877
3724230
3726312
3726463
3726709
3726974
3727367
3727539
3727792
3727945
3728081
3728204
3728450
3728836
3729381
3729590
3729985
3730502
3731077
3731500
3731744
3732027
3732283
3732533
3734502
3734671
3734820
3734954
3735182
3735561
3735809
3735931
3736091
3736348
3736516
3736772
3736907
3737113
3737498
3737871
3738016
3738260
3738494
3738735
3738936
3739210
3739353
3739601
3739846
3740086
3740286
3740416
3740631
3740802
3741162
3741501
3741724
3741823
3741844
3742193
3742329
3742449
3742532
3742646
3742908
3743157
3743405
3743546
3743799
3744346
3744686
3744972
3745109
3745710
3745999
3746332
3746572
3746727
3746992
3747769
3748015
3748541
3748982
3749159
3749406
3749676
3749810
3750073
3750327
3750718
3750816
3751096
3751361
3751610
3752253
3752547
3752801
3753007
3753258
3753396
3753528
3753659
3755606
3755741
3755876
3756008
3756137
3756330
3756493
3756632
3756760
3756885
3757024
3757215
3757357
3757616
3757779
3757901
3758220
3758478
3758734
3759032
3759336
3759720
3760039
3760389
3760575
3760814
3761039
3761137
3761507
3761796
3762102
3762326
3762551
3762786
3763047
3763296
3763442
3763888
3763999
3764226
3764327
3764751
3765011
3765439
3765697
3766181
3766434
3766556
3766798
3766910
3767185
3767294
3767416
3767594
3767785
3768061
3768318
3768439
3769006
3769197
3769547
3769775
3770143
3770309
3770609
3770859
3771110
3771367
3771488
3771728
3771854
3771979
3772114
3772418
3774534
3774668
3775307
3775529
3775771
3776400
3776638
3777031
3777357
3777488
3778174
3778719
3778855
3779243
3779410
3779729
3780026
3780256
3780432
3780674
3780786
3780902
3781152
3781339
3781529
3781857
3782355
3782611
3782773
3782891
3783133
3783254
3783513
3783778
3784011
3784127
3784340
3784473
3784706
3784797
3784824
3785122
3785284
3785401
3785717
3785870
3785967
3786089
3786242
3786482
3786679
3786850
3786955
3787200
3787418
3787828
3787989
3789033
3789910
3790170
3790288
3790404
3790715
3790922
3790982
3791242
3791497
3791755
3791877
3792048
3792158
3792324
3792870
3792991
3793097
3793197
3793268
3793366
3793469
3793567
3793677
3793916
3794297
3794411
3794640
3794798
3794912
3795084
3795220
3795347
3795739
3795856
3795955
3796055
3796166
3796279
3796398
3796635
3796740
3796831
3796943
3797201
3797495
3797542
3797743
3797853
3798162
3798472
3798607
3798834
3798961
3798975
3799394
3799713
3800108
3800338
3800540
3800877
3801314
3801566
3801827
3802380
3802600
3802840
3802848
3803359
3803642
3803885
3804277
3804642
3804974
3805112
3805242
3805282
3805429
3805717
3805913
3806198
3806341
3806707
3806880
3807127
3807348
3807600
3807848
3808095
3808233
3808350
3808462
3808681
3808816
3809057
3809452
3809701
3809938
3810105
3810230
3810492
3810542
3810833
3810954
3811181
3811308
3811580
3811724
3811975
3812593
3812964
3813219
3813873
3814130
3814425
3814704
3814842
3814975
3815105
3815239
3815414
3815541
3815671
3815779
3815952
3816150
3816269
3816493
3816617
3817044
3817382
3817638
3817942
3818185
3818591
3818853
3819094
3819218
3819260
3819642
3820046
3820168
3820585
3820779
3821230
3821336
3821589
3821839
3821976
3822411
3822656
3823029
3823342
3823585
3823769
3823884
3824068
3824179
3824285
3824337
3824828
3825162
3825419
3825677
3825796
3826053
3826300
3826583
3826798
3827034
3827375
3827725
3827961
3828363
3828475
3828525
3828879
3828995
3829171
3829423
3829537
3829625
3829874
3830136
3830322
3830553
3830965
3831365
3831613
3832288
3832737
3832944
3833063
3833173
3833395
3833551
3833657
3833763
3833844
3833952
3834063
3834164
3834378
3834615
3834853
3834959
3835038
3835284
3835507
3835615
3835853
3835978
3836091
3836197
3836439
3836547
3836782
3836997
3837154
3837163
3837636
3837760
3838007
3838335
3838533
3838792
3839121
3839232
3839281
3839492
3839676
3839793
3839911
3839965
3840083
3840205
3840258
3840378
3840494
3840608
3840729
3840844
3840952
3841930
3842044
3842171
3842285
3842385
3842463
3842583
3842703
3842743
3842764
3842772
3842798
3842915
3843189
3843404
3843599
3843845
3844089
3844221
3844308
3844437
3844560
3844816
3844952
3845223
3845290
3845530
3845656
3845794
3846022
3846287
3846516
3846804
3846935
3847163
3847303
3847515
3847652
3847855
3848095
3848310
3848520
3848713
3848959
3849303
3849462
3849947
3850193
3850342
3850576
3850773
3851130
3851378
3851502
3851864
3852127
3852267
3852520
3852746
3852838
3853170
3853304
3853511
3853683
3854063
3854330
3854572
3854827
3855066
3855383
3855581
3855833
3856066
3856193
3856344
3856479
3856561
3857040
3857537
3857713
3857966
3858457
3858681
3858927
3859179
3859402
3859664
3859922
3860165
3861508
3861586
3861840
3862097
3862210
3862414
3862641
3862783
3863036
3863628
3863888
3864074
3865393
3865578
3865804
3866030
3866282
3866535
3866773
3866940
3867206
3867537
3868367
3868657
3868979
3869671
3869918
3870003
3870104
3870359
3870604
3870888
3871170
3871430
3871557
3871727
3872011
3872271
3872382
3872498
3872793
3873017
3873224
3873606
3873856
3874218
3874508
3874622
3874884
3874901
3874911
3875010
3875424
3875728
3875958
3876609
3876841
3877090
3877231
3877607
3877962
3878658
3879126
3879375
3879688
3880426
3880622
3880864
3881184
3881353
3881506
3881639
3881892
3882376
3882641
3882984
3883022
3883276
3883692
3884004
3884253
3886293
3886543
3886789
3887040
3887280
3887430
3887702
3887934
3888070
3888211
3888506
3888784
3888928
3889043
3889154
3889259
3889363
3889525
3889682
3889806
3889914
3890162
3890413
3890677
3890936
3891191
3891436
3891743
3891960
3892212
3892458
3892750
3893004
3893248
3893489
3894002
3894253
3894441
3894596
3894919
3894970
3895543
3895660
3896366
3896544
3896656
3896763
3896869
3896970
3897216
3898347
3898597
3898659
3898777
3899013
3899346
3899514
3900301
3900437
3900689
3900937
3901324
3901562
3902112
3902351
3902637
3902758
3903003
3903495
3903736
3904004
3904110
3904318
3904422
3904483
3904876
3905119
3905254
3905375
3905514
3905615
3905704
3905959
3906207
3906339
3906659
3906901
3907280
3907529
3907822
3907951
3908199
3908324
3908445
3908627
3909106
3909238
3909362
3909583
3909770
3909887
3910193
3910420
3910661
3910889
3911148
3911263
3911384
3911498
3911610
3911701
3912042
3912720
3913013
3913277
3913399
3913763
3913915
3914051
3914174
3914476
3914971
3915101
3915560
3915687
3917125
3917267
3917402
3917494
3917630
3917763
3917812
3917914
3918046
3918112
3918357
3918611
3918861
3919026
3919271
3919389
3919515
3919639
3919962
3920239
3920481
3920732
3920925
3921267
3921685
3921829
3922087
3922564
3922803
3922993
3923031
3923096
3923436
3923899
3924111
3924433
3925913
3926162
3926401
3926579
3926831
3927179
3927605
3927988
3928420
3928653
3928779
3928910
3929156
3929370
3929492
3929660
3929956
3930388
3930596
3930930
3931420
3931785
3932154
3932551
3932929
3933023
3933150
3933257
3933494
3933730
3933922
3934039
3934168
3934327
3934526
3934776
3935039
3935305
3935439
3935740
3936071
3936201
3936457
3936786
3937208
3937537
3937914
3938162
3938293
3938537
3938753
3939023
3939331
3939683
3939919
3940149
3940347
3940479
3941134
3941322
3941448
3941580
3941819
3942224
3942826
3942886
3943086
3943346
3943599
3943848
3944363
3944686
3945676
3945817
3945904
3946189
3946327
3946462
3946589
3946841
3947021
3947420
3947996
3948239
3948732
3948979
3949224
3949468
3949696
3949828
3949958
3950170
3950422
3950574
3950785
3951201
3951335
3951474
3951720
3951937
3952388
3952611
3952894
3953193
3953930
3954174
3954588
3954839
3955295
3955480
3955719
3955851
3956188
3956360
3956616
3956866
3957114
3957306
3957441
3957879
3958269
3958412
3958546
3958671
3958883
3959115
3959237
3959478
3959579
3959774
3960122
3960562
3960695
3961024
3961259
3961674
3961913
3962201
3962454
3962589
3962917
3963051
3963400
3963642
3963781
3963926
3964199
3964449
3964687
3964912
3965300
3965449
3965609
3965768
3966110
3966540
3966703
3966854
3967101
3967437
3967502
3967752
3967888
3968030
3968239
3968439
3968569
3968687
3968872
3969342
3969452
3969684
3969940
3970196
3970503
3970636
3970763
3970948
3971075
3971297
3971531
3971773
3972210
3972328
3972626
3972875
3973212
3973310
3973403
3973440
3974006
3974072
3974287
3974525
3974770
3974886
3975135
3975260
3975483
3975677
3975798
3976046
3976209
3976458
3977008
3977224
3977458
3977696
3977858
3978111
3978294
3978409
3978834
3978897
3979083
3979201
3979241
3979395
3979505
3979584
3979642
3979767
3979883
3979999
3980036
3980056
3980135
3980264
3980343
3980457
3980703
3980903
3981298
3981537
3981925
3982035
3982159
3982404
3982711
3982997
3983211
3983606
3983772
3984005
3984097
3984123
3984145
3984499
3984545
3984661
3984885
3985129
3985451
3985564
3985689
3985729
3986024
3986161
3986259
3986360
3986613
3986758
3986994
3987094
3987347
3987593
3987841
3988057
3988134
3988247
3988475
3988882
3989060
3989318
3989564
3989691
3989950
3990356
3990652
3990768
3990987
3991103
3991431
3991648
3992019
3992321
3992633
3992935
3993309
3993575
3993655
3993903
3994407
3994563
3994750
3994946
3995135
3995326
3995360
3995511
3995655
3995801
3995983
3996141
3996279
3997677
3997953
3998347
3998599
3998905
3999155
4000286
4000565
4001186
4001485
4001783
4002142
4002799
4003261
4003509
4003767
4004051
4005054
4005229
4005669
4005921
4006351
4006798
4007056
4007253
4007720
4008123
4008531
4008826
4009043
4009548
4009684
4009833
4010100
4010463
4010723
4010979
4011304
4011310
4011947
4012306
4012725
4013431
4014180
4014424
4014760
4015016
4015463
4015719
4016285
4016654
4016857
4017359
4017811
4018194
4018431
4019328
4019549
4019967
4020130
4020199
4020224
4020262
4020281
4020463
4020657
4020830
4021089
4021281
4021515
4021949
4023067
4023422
4023882
4024135
4024380
4025015
4025555
4025652
4028037
4028343
4028683
4029174
4029526
4029802
4030004
4030305
4030459
4030712
4031237
4031446
4031733
4032036
4032215
4032453
4032973
4033251
4033891
4034142
4034547
4034845
4035325
4035377
4035985
4036318
4036750
4037023
4037277
4037785
4038024
4038385
4039016
4039187
4039391
4039632
4040270
4040452
4040616
4040766
4040935
4041013
4041129
4041287
4041484
4041650
4041846
4042077
4042475
4042735
4043014
4043373
4044120
4044547
4044974
4045312
4045739
4045996
4046411
4047037
4047565
4048005
4048180
4048424
4048709
4048859
4049221
4050264
4050513
4050616
4050961
4051269
4051368
4051905
4052233
4052453
4052941
4053277
4053432
4053596
4054025
4054537
4054709
4054868
4055146
4055400
4055565
4055815
4056097
4056470
4056605
4056857
4057106
4057372
4057653
4057866
4058024
4058184
4058705
4058845
4059134
4059375
4059514
4059997
4060309
4060451
4060642
4060875
4061012
4061138
4061260
4061392
4061652
4061943
4062301
4062652
4062905
4063288
4063438
4063750
4064033
4064448
4064608
4064885
4065229
4065501
4065961
4066115
4066167
4066375
4066554
4066943
4067317
4067833
4068211
4068592
4068942
4069193
4069454
4069670
4070259
4070649
4071131
4071383
4071668
4071835
4072117
4072338
4072583
4073107
4073240
4073485
4075559
4075698
4076127
4076381
4076630
4076751
4077025
4077389
4077615
4077854
4078766
4079088
4079324
4079706
4080117
4080362
4080690
4080939
4081187
4081439
4081751
4082001
4082141
4082306
4082736
4082961
4083082
4083268
4083512
4083663
4083793
4083814
4083946
4084239
4084673
4084695
4085186
4085434
4085613
4085884
4086137
4086385
4086645
4086870
4087166
4087454
4087709
4087969
4088235
4088602
4089151
4089398
4089639
4091396
4091641
4091986
4092166
4092338
4092472
4092740
4092866
4092968
4093107
4093374
4093502
4093629
4093757
4094022
4094463
4094601
4095025
4095542
4095782
4095911
4096533
4096644
4097026
4097273
4097514
4097912
4098084
4098341
4098464
4098678
4098812
4098934
4099055
4099303
4099742
4099920
4100077
4100577
4100875
4100999
4101122
4101403
4101761
4102032
4102372
4102471
4102597
4102714
4102830
4102952
4103066
4103174
4103290
4103455
4103615
4103743
4103855
4103971
4104080
4104201
4104482
4104596
4104842
4104941
4105181
4105438
4105558
4105736
4105905
4106347
4106582
4106678
4107000
4107317
4107813
4108293
4108409
4108679
4108833
4109313
4109679
4109924
4110553
4110840
4110963
4111066
4111177
4111316
4111424
4111502
4111714
4111803
4112113
4112280
4112413
4112647
4112854
4113015
4113147
4113209
4113324
4113462
4113697
4114221
4114385
4114541
4114948
4115082
4115535
4115774
4115951
4116513
4116855
4117111
4117363
4117817
4117961
4118093
4118300
4118422
4118502
4118640
4118772
4119007
4119171
4119475
4119935
4120227
4120484
4120704
4121238
4121737
4122201
4122448
4122649
4122789
4123008
4123247
4123287
4123516
4123674
4123752
4123900
4124049
4124083
4124232
4124342
4124599
4124746
4126388
4126743
4127006
4127230
4127377
4127801
4128483
4128728
4128951
4129101
4129151
4129307
4129461
4129580
4129729
4129866
4129938
4130084
4130229
4130372
4130606
4130858
4131566
4131818
4132046
4132204
4132327
4132462
4132606
4132737
4132877
4133143
4134321
4134473
4134726
4135066
4135368
4135710
4135856
4135971
4136215
4136458
4136706
4137664
4137815
4137986
4138437
4138591
4138970
4139607
4139850
4140093
4140304
4140438
4140672
4140855
4140922
4141042
4141276
4141419
4141566
4141955
4142203
4142343
4142504
4142780
4143190
4143431
4143686
4143750
4143866
4143993
4144037
4144246
4144480
4144724
4144869
4145239
4145487
4145608
4145746
4146242
4146436
4146617
4146852
4147189
4147441
4147688
4148223
4148589
4148836
4149044
4149178
4149627
4149821
4149960
4150089
4150699
4150926
4151103
4151235
4151635
4151777
4152050
4152382
4152892
4153206
4153461
4153930
4154586
4154979
4155255
4155503
4155842
4156079
4156560
4156733
4157036
4157182
4157745
4157988
4158126
4158368
4158602
4158820
4158954
4159058
4160096
4160304
4160541
4160730
4160916
4161154
4161457
4161588
4162054
4162185
4162411
4162547
4162712
4162851
4163358
4163497
4163766
4163998
4164094
4164303
4164475
4164573
4164811
4165009
4165288
4165380
4165570
4165669
4165876
4166093
4166212
4166467
4167015
4167240
4167348
4167445
4167536
4167625
4167851
4168080
4168238
4168597
4168979
4169140
4169214
4169313
4169411
4169443
4169522
4169573
4170078
4170285
4170383
4170606
4170740
4170960
4171150
4171397
4171623
4171837
4171938
4172033
4172257
4172393
4172611
4172820
4173022
4173274
4173361
4173366
4173583
4173786
4173950
4173971
4174083
4174210
4174424
4174608
4174819
4175036
4175215
4175640
4175799
4176028
4176250
4176374
4176470
4176660
4176731
4176810
4177534
4177943
4178039
4178294
4178512
4178853
4179053
4179280
4179463
4179550
4179654
4179829
4179910
4180132
4180344
4180558
4180751
4180956
4181050
4181228
4181419
4181662
4181752
4181847
4182181
4182398
3683350
3683663
3683757
3683848
3683940
3684070
3684181
3684280
3684422
3684520
3684617
3684729
3684853
3685017
3685141
3685313
3685616
3685833
3686008
3686097
3686317
3686491
3686575
3686681
3686783
3687345
3687457
3687542
3687999
3688149
3688247
3688393
3688525
3688800
3688893
3688978
3689422
3689532
3689658
3689758
3689850
3689978
3690225
3690711
3690893
3691049
3691192
3691640
3691836
3691991
3692071
3692187
3692272
3692348
3692458
3692675
3693069
3693221
3693411
3694046
3694178
3694261
3694304
3694333
3694761
3694873
3694978
3695137
3695529
3695730
3696140
3696775
3696885
3697178
3697315
3697423
3697622
3697954
3698097
3698191
3698273
3698827
3699103
3699409
3699597
3700459
3700678
3700837
3700981
3701607
3701987
3702326
3702861
3703263
3703571
3703738
3703845
3704062
3704185
3704390
3704504
3705097
3705200
3705308
3705410
3705491
3705634
3705736
3705838
3705929
3706014
3706119
3706226
3706328
3706427
3706641
3706846
3707325
3707610
3707851
3708054
3708260
3708408
3708416
3708741
3709204
3709666
3710100
3710290
3710365
3710484
3710594
3711004
3711235
3711553
3711729
3712001
3712145
3712414
3712726
3712992
3713087
3713178
3713292
3713415
3713635
3713993
3714097
3714158
3714199
3714338
3714583
3714790
3715163
3715576
3715705
3715804
3715902
3716192
3716559
3717211
3717651
3717952
3718183
3718408
3718695
3719045
3719284
3719670
3719916
3720366
3720988
3721269
3721461
3721564
3721802
3724609
3724737
3724880
3725004
3725181
3725301
3725422
3725583
3725619
3725736
3725822
3725936
3726050
3726179
3726611
3726860
3727134
3727270
3727688
3728378
3728594
3728730
3728965
3729336
3729399
3729658
3729785
3729791
3729801
3730051
3730178
3730265
3730370
3730559
3730682
3730717
3730836
3730964
3731143
3731255
3731369
3731566
3731820
3732085
3732348
3732546
3732702
3732819
3732841
3732962
3733085
3733213
3733286
3733346
3733465
3733589
3733707
3733826
3733956
3733974
3734090
3734267
3734385
3734998
3735249
3735375
3735628
3736164
3736422
3736699
3736922
3737174
3737282
3737317
3737575
3737685
3738077
3738307
3738527
3738757
3739037
3739419
3739670
3739917
3740156
3740450
3740658
3740841
3740936
3740978
3742043
3742695
3742958
3743219
3743607
3744095
3744494
3744747
3744858
3745352
3745448
3745597
3745853
3746099
3746146
3746403
3746784
3747117
3747238
3747352
3747457
3747571
3747670
3747876
3748020
3748202
3748306
3748371
3748637
3748746
3748807
3749219
3749494
3749880
3750217
3750973
3751238
3751492
3751766
3751869
3751994
3752106
3752354
3752446
3752609
3752883
3753670
3753778
3753897
3754026
3754156
3754273
3754481
3754616
3754777
3754892
3755010
3755187
3755328
3755462
3757496
3757869
3758118
3758417
3758671
3758861
3759102
3759217
3759676
3759912
3760161
3760274
3760478
3760678
3761020
3761248
3761479
3761716
3761981
3762218
3762366
3762678
3762828
3762949
3763183
3763568
3763694
3763774
3763802
3764142
3764476
3764726
3764853
3765105
3765322
3765566
3765834
3765962
3766320
3766697
3767082
3767934
3768193
3768565
3768683
3768821
3769068
3769158
3769239
3769363
3769648
3769877
3770001
3770491
3770732
3770984
3771233
3771585
3772252
3772554
3772679
3772800
3773003
3773126
3773249
3773378
3773518
3773659
3773785
3774197
3774248
3774287
3774390
3774830
3775211
3775333
3775581
3775820
3775936
3776044
3776112
3776205
3776452
3776795
3777066
3777128
3777246
3777555
3777674
3777784
3778585
3779113
3779413
3779648
3780030
3780260
3780436
3780679
3780790
3781240
3781485
3781862
3782359
3783800
3784021
3784129
3784343
3784448
3784478
3784712
3784799
3784829
3785302
3785331
3785406
3785721
3785873
3785970
3786092
3786245
3786485
3786595
3786855
3786961
3787207
3787423
3787832
3787992
3789037
3789914
3790173
3790719
3790925
3790985
3791240
3791500
3791760
3791878
3792052
3792161
3792328
3792875
3792990
3793101
3793201
3793272
3793370
3793471
3793569
3793679
3793917
3794301
3794414
3794705
3794802
3794915
3795089
3795222
3795351
3795397
3795400
3795743
3795860
3795959
3796061
3796170
3796284
3796401
3796638
3796744
3796836
3797095
3797499
3797698
3797934
3798075
3798331
3798570
3798808
3799148
3799301
3799546
3799683
3799818
3799876
3800121
3800324
3800498
3800721
3801014
3801268
3801523
3801783
3802336
3802554
3802799
3802935
3803320
3803555
3803822
3804235
3804499
3804735
3804935
3805070
3805202
3805271
3805314
3805453
3805677
3805872
3806155
3806298
3806671
3806713
3806869
3807115
3807306
3807558
3807803
3808054
3808181
3808306
3808425
3808646
3808772
3809020
3809200
3809411
3809659
3809901
3810068
3810176
3810301
3810515
3810580
3810801
3811017
3811137
3811263
3811533
3811679
3811934
3812185
3812547
3812913
3813176
3813827
3814085
3814381
3814659
3814797
3814930
3815061
3815195
3815322
3815449
3815598
3815734
3815906
3816033
3816108
3816230
3816261
3816348
3816532
3816955
3817327
3817586
3817706
3817918
3818161
3818383
3818552
3818827
3818903
3819281
3819446
3819706
3819856
3820264
3820400
3820841
3820973
3821041
3821286
3821344
3821597
3821888
3822141
3822383
3822660
3822861
3823107
3823209
3823458
3824452
3824596
3824708
3824958
3825050
3825309
3825562
3825934
3826187
3826423
3826678
3826898
3827074
3827193
3827452
3827579
3827707
3827938
3828130
3828268
3829195
3829756
3830024
3830272
3830506
3830942
3831091
3831192
3831250
3831494
3831703
3831826
3831846
3831974
3832074
3832183
3832414
3832489
3832536
3832652
3832880
3833232
3834230
3834498
3834732
3835167
3835378
3835750
3836272
3836668
3836914
3837195
3837346
3837509
3837735
3837940
3838161
3838298
3838655
3838844
3838982
3839403
3839659
3841006
3841144
3841279
3841391
3841529
3841655
3841796
3843074
3843324
3843580
3843828
3844072
3844203
3844292
3844421
3844745
3845027
3845442
3845936
3846192
3846440
3846690
3847045
3847437
3847774
3847990
3848054
3848212
3848429
3848816
3849084
3849219
3849626
3849741
3849848
3850112
3850492
3850677
3850903
3851024
3851293
3851660
3851780
3852034
3852427
3852633
3852904
3853024
3853417
3853592
3853828
3853948
3854223
3854470
3854723
3854918
3855289
3855509
3855761
3856672
3856827
3856858
3856945
3857202
3857312
3857453
3857746
3857859
3858140
3858343
3858621
3858877
3859128
3859501
3859841
3860094
3860291
3860439
3860550
3860661
3860757
3860863
3860984
3861100
3861214
3861329
3861743
3861995
3862336
3862531
3862850
3863101
3863286
3863396
3863513
3863775
3864146
3864432
3864566
3864825
3865141
3865385
3865635
3865885
3866176
3866421
3866661
3866876
3867121
3867415
3867679
3867797
3867913
3868122
3868314
3868649
3868872
3869108
3869234
3869375
3869504
3869722
3869978
3870142
3870398
3870640
3870723
3871025
3871266
3871593
3871836
3872079
3872297
3872572
3872814
3873071
3873272
3873522
3873752
3873906
3873987
3874672
3875053
3875201
3875461
3875600
3875801
3876003
3876120
3876146
3876279
3876402
3876646
3876772
3876861
3877119
3877264
3877492
3877689
3877820
3878004
3878137
3878202
3878332
3878454
3878689
3878827
3878950
3879201
3879459
3879501
3879717
3879907
3880032
3880139
3880205
3880462
3880713
3880952
3881242
3881460
3881676
3881925
3882065
3882184
3882430
3882706
3882876
3883236
3883417
3883542
3883736
3883848
3884096
3884297
3884422
3884516
3884647
3884720
3884830
3884956
3885079
3885188
3885314
3885436
3885533
3885617
3885742
3885864
3885894
3886001
3886120
3886382
3886628
3886872
3887357
3887624
3887862
3888050
3888193
3888484
3888760
3888907
3889338
3889444
3889552
3889677
3889790
3889910
3889944
3890248
3890653
3890915
3891168
3891413
3891655
3891690
3891957
3892208
3892443
3892733
3892985
3893245
3893469
3893986
3894237
3894423
3894529
3894669
3894903
3894967
3895233
3895639
3895771
3895905
3896030
3896150
3896402
3897154
3897640
3897758
3897890
3898024
3898156
3898278
3898530
3898953
3899199
3899323
3899496
3899728
3899855
3899962
3900101
3900232
3900622
3900872
3901125
3901252
3901502
3901736
3901852
3902045
3902389
3902512
3902957
3903212
3903330
3903450
3903683
3903806
3904274
3904617
3904791
3905063
3905906
3906111
3906528
3906779
3907094
3907220
3907470
3907650
3907775
3908138
3908538
3908807
3908924
3909388
3909505
3909749
3910003
3910112
3910433
3910631
3910899
3911134
3911837
3912019
3912335
3912440
3912555
3912664
3912889
3912990
3913237
3913519
3913747
3914364
3914609
3914784
3914911
3915401
3915535
3915908
3916075
3916195
3916324
3916463
3916470
3916593
3916748
3916919
3917095
3918329
3918580
3918824
3919230
3919859
3920189
3920437
3920702
3920852
3921115
3921221
3921474
3921600
3922011
3922211
3922437
3922555
3922832
3923230
3923501
3923699
3924011
3924261
3924525
3924725
3924846
3924992
3925188
3925323
3925537
3925704
3925819
3926077
3926372
3926727
3927037
3927326
3927475
3927730
3927875
3927909
3928064
3928236
3928588
3929068
3930021
3930152
3930308
3930747
3930995
3931228
3931487
3931700
3931950
3932071
3932314
3932432
3932694
3932845
3933004
3933404
3933639
3934243
3934704
3934944
3935192
3935489
3935604
3935904
3936015
3936319
3936796
3937215
3937542
3937563
3937920
3938501
3938592
3938842
3939087
3939337
3939688
3939926
3940154
3940353
3940486
3941140
3941331
3941473
3941743
3942032
3942277
3942834
3943098
3943355
3943609
3943859
3944374
3944760
3945376
3945519
3945684
3945912
3946199
3946339
3946473
3946600
3946849
3947089
3947428
3947674
3948050
3948294
3948796
3949047
3949287
3949529
3949756
3949888
3950125
3950399
3950604
3950852
3951265
3951406
3951545
3951793
3952046
3952460
3952642
3952932
3953257
3953994
3954652
3954894
3955111
3955400
3955646
3955794
3956046
3956400
3956653
3956912
3957154
3957375
3957812
3958338
3958476
3958615
3960870
3960935
3961325
3961740
3961975
3962214
3962470
3962719
3962984
3963111
3963467
3963711
3963992
3964266
3964514
3964754
3964999
3965283
3965512
3965792
3966005
3966258
3966698
3966950
3967213
3967346
3967463
3967712
3968311
3968811
3969067
3969140
3969526
3969857
3969982
3970238
3970360
3970793
3971144
3971409
3971647
3971887
3972122
3972230
3972335
3972649
3972897
3973230
3973329
3973459
3973576
3973823
3973932
3974049
3974300
3974545
3974792
3974907
3975162
3975299
3975502
3975696
3975878
3976124
3976241
3976490
3977026
3977273
3977536
3977883
3978131
3978376
3978681
3978929
3979104
3979256
3979371
3979486
3979602
3979663
3979787
3979905
3980018
3980043
3980069
3980213
3980363
3980476
3980723
3980967
3981318
3981555
3981943
3982054
3982179
3982420
3982857
3983124
3983310
3983337
3983625
3983791
3984023
3984101
3984128
3984430
3984562
3984685
3984901
3985103
3985461
3985580
3985697
3985811
3985917
3986025
3986133
3986235
3986335
3986440
3986454
3986625
3987170
3987322
3987559
3987807
3988092
3988436
3988799
3989041
3989252
3989555
3989878
3990178
3990327
3990586
3990953
3991414
3991640
3992021
3992323
3992634
3992933
3993311
3993577
3993654
3993904
3994410
3994565
3994753
3994949
3995136
3995327
3995471
3995628
3995667
3995813
3995986
3996139
3996281
3997681
3997956
3998352
3998602
3998908
3999158
4000212
4000433
4000711
4001193
4001225
4001489
4001786
4002146
4002803
4003264
4003513
4003771
4004055
4005058
4005233
4005673
4005926
4006355
4006802
4007075
4007257
4007725
4008129
4008536
4008829
4009163
4009600
4009686
4009871
4010139
4010227
4010470
4010729
4010983
4011309
4011955
4012312
4012732
4012949
4013279
4013657
4013998
4014144
4014306
4014554
4014766
4015396
4015656
4015908
4016289
4016663
4016864
4017370
4017832
4018202
4018439
4019261
4019489
4019756
4020010
4020164
4020189
4020234
4020265
4020417
4020526
4020692
4020879
4021036
4021178
4021450
4021591
4021882
4023004
4023359
4023823
4024077
4024323
4024467
4024961
4025307
4025548
4025648
4025669
4028120
4028428
4028651
4029141
4029494
4029581
4030037
4030272
4030428
4030684
4031201
4031439
4031724
4031955
4032520
4032941
4033141
4033329
4033860
4034110
4034511
4034765
4035158
4035414
4035954
4036288
4036720
4036990
4037247
4037669
4037928
4038352
4038982
4039152
4039180
4039358
4039602
4039899
4040133
4040152
4040238
4040419
4040582
4040737
4041016
4041201
4041334
4041452
4041619
4041799
4042046
4042440
4042720
4042878
4043154
4043341
4044086
4044330
4044522
4044943
4045276
4045535
4045715
4045964
4046323
4047001
4047530
4048478
4048680
4048829
4049191
4049457
4050399
4050647
4050947
4051251
4051351
4051889
4052216
4052430
4052920
4053260
4053479
4053578
4054007
4054518
4054770
4055015
4055126
4055381
4055547
4055794
4056076
4056446
4056613
4056835
4057083
4057348
4057617
4057844
4058003
4058162
4058498
4058785
4059088
4059331
4059477
4059715
4059963
4060273
4060414
4060540
4060659
4060845
4060974
4061089
4061223
4061354
4061480
4061767
4062263
4062609
4062866
4063245
4063398
4063708
4063955
4064406
4064566
4064842
4065186
4065458
4065827
4065978
4066152
4066282
4066421
4066526
4066758
4067138
4067386
4067793
4067944
4068173
4068426
4068675
4068904
4069154
4069287
4069540
4069633
4070215
4070598
4071086
4071342
4071627
4071790
4072071
4072323
4072462
4072694
4073065
4073195
4073446
4073547
4075518
4075649
4075780
4076053
4076337
4076588
4076738
4077027
4077391
4077617
4077858
4078140
4078528
4078743
4079094
4079327
4079708
4080122
4080366
4080693
4080778
4081037
4081288
4081501
4081755
4082003
4082127
4082307
4082739
4082762
4082965
4083163
4083412
4083544
4083681
4083806
4083932
4084240
4084674
4085188
4085437
4085616
4085888
4086141
4086389
4086648
4086869
4087168
4087446
4087695
4087890
4088265
4088633
4089182
4089428
4089666
4090045
4090291
4090559
4090899
4091035
4091371
4091515
4092013
4092194
4092365
4092499
4092769
4092991
4093142
4093156
4093404
4093545
4093738
4093867
4094128
4094494
4094748
4095057
4095573
4095813
4096082
4096228
4096351
4096672
4097054
4097300
4097540
4097936
4098103
4098106
4098365
4098488
4098706
4098834
4098976
4099215
4099769
4099944
4100102
4100605
4100904
4101047
4101350
4101790
4101975
4102098
4104307
4104669
4105022
4105295
4105645
4106023
4106092
4106191
4106438
4106763
4106917
4107191
4107449
4107592
4107728
4107959
4108082
4108205
4108503
4108523
4108857
4108993
4109053
4109192
4109423
4109552
4109764
4110023
4110279
4110382
4110510
4110752
4111580
4111749
4112160
4112329
4112555
4112694
4112910
4113057
4113184
4113311
4113442
4113515
4113757
4114264
4114554
4114599
4114985
4115120
4115576
4115816
4115996
4116559
4116959
4117157
4117402
4117858
4117998
4118131
4118335
4118465
4118619
4118718
4118801
4119035
4119390
4119918
4120270
4120524
4120741
4121275
4121774
4122238
4122486
4122717
4122951
4123278
4123425
4123585
4123734
4123792
4123939
4124122
4124268
4124376
4124516
4124616
4126313
4126602
4126784
4127042
4127264
4127411
4127802
4128517
4128767
4128989
4129144
4129302
4129570
4129575
4129716
4129892
4130038
4130188
4130332
4130709
4130961
4131672
4131916
4132174
4132314
4132448
4132559
4132693
4132954
4134180
4134534
4134828
4135171
4135480
4135821
4136066
4136313
4136570
4136824
4137067
4137298
4137541
4137809
4137975
4138267
4138683
4139067
4139708
4139953
4140180
4140426
4140769
4140909
4141093
4141345
4141516
4142056
4142305
4142607
4142877
4143293
4143538
4143805
4143933
4144106
4144341
4144579
4144832
4145344
4145574
4145708
4145845
4145991
4146223
4146527
4146737
4146945
4147292
4147545
4147801
4148328
4148698
4148945
4149151
4149676
4149930
4150072
4150187
4150444
4150595
4150774
4151022
4151215
4151468
4152247
4152487
4152998
4153316
4153588
4154031
4154688
4155085
4155357
4155365
4155606
4155946
4156663
4156855
4157152
4157631
4157875
4158094
4158594
4158884
4159017
4160080
4160366
4160605
4160845
4160983
4161216
4161528
4161653
4162118
4162252
4162492
4162780
4163430
4163670
4163907
4164181
4164412
4164748
4164943
4165181
4165281
4165392
4165737
4165914
4166208
4166366
4166553
4166758
4166924
4167167
4167784
4168332
4168468
4168617
4168828
4168916
4169158
4169654
4169711
4169847
4169944
4170203
4170508
4170525
4170799
4171056
4171241
4171461
4171711
4172202
4172490
4172703
4172928
4173193
4173532
4173750
4173943
4173967
4174025
4174347
4174527
4174756
4174975
4175192
4175414
4175544
4175776
4175997
4176199
4176576
4176935
4177143
4177346
4177666
4177789
4177908
4178206
4178429
4178648
4178789
4179008
4179225
4179429
4179771
4180072
4180286
4180494
4180704
4180916
4181162
4181379
4181571
4181934
4182104
4182336
4182626
4182685
3683318
3683538
3683718
3683818
3683867
3683960
3684055
3684146
3684244
3684335
3684385
3684484
3684580
3684674
3684772
3684845
3684987
3685105
3685278
3685367
3685531
3685671
3685797
3685972
3686056
3686273
3686453
3686549
3686634
3686746
3686820
3687307
3687387
3687475
3687741
3688067
3688155
3688235
3688300
3688438
3688516
3688710
3688859
3688948
3689354
3689463
3689556
3689644
3689735
3689805
3689947
3690124
3690605
3690762
3690948
3690989
3691158
3691350
3691691
3691862
3691958
3692038
3692153
3692237
3692316
3692389
3692472
3692695
3693031
3693186
3693268
3693984
3694119
3694233
3694274
3694300
3694329
3694405
3694727
3694832
3694936
3695026
3695485
3695489
3695686
3695836
3696021
3696176
3696183
3696361
3696840
3697134
3697225
3697275
3697376
3697575
3697771
3697927
3698037
3698146
3698757
3699027
3699336
3699524
3699708
3700380
3700603
3700757
3700849
3700930
3701009
3701915
3702236
3702777
3703174
3703375
3703592
3703663
3703771
3703981
3704101
3704309
3704533
3704646
3704755
3704861
3704969
3706492
3706705
3706933
3707055
3707168
3707173
3707376
3707531
3707723
3707919
3708093
3708297
3708454
3708581
3708788
3708907
3709017
3709055
3709270
3709365
3709475
3709580
3709807
3709923
3710417
3710660
3710666
3710778
3710823
3711045
3711266
3711435
3711552
3711781
3712069
3712322
3712469
3712590
3712812
3713470
3713668
3713808
3714221
3714353
3714593
3714839
3714977
3715210
3715338
3715484
3716011
3716278
3716428
3716673
3716810
3716939
3717034
3717254
3717465
3717698
3717877
3718053
3718219
3718437
3718598
3718856
3719104
3719340
3719482
3719720
3719957
3720103
3720237
3720571
3720692
3720828
3721070
3721306
3721641
3721875
3722100
3722379
3722594
3722787
3723003
3723216
3723933
3724205
3724329
3726292
3726444
3726690
3726933
3727290
3727595
3727764
3727894
3728056
3728178
3728426
3728810
3729049
3729176
3729564
3729959
3730476
3731050
3731472
3731720
3732000
3732256
3732511
3734475
3734646
3734794
3734925
3735152
3735363
3735535
3735782
3735902
3736064
3736321
3736488
3736747
3736884
3737341
3737561
3737842
3737990
3738238
3738469
3738712
3738910
3739183
3739328
3739577
3739823
3740062
3740262
3740391
3740607
3740749
3740988
3741577
3741701
3741815
3741839
3741883
3742175
3742309
3742433
3742511
3742625
3742880
3743130
3743380
3743524
3743772
3743915
3744018
3744198
3744388
3744659
3744947
3745084
3745199
3745449
3745707
3745998
3746306
3746547
3746803
3747163
3747281
3747388
3747619
3747894
3748182
3748295
3748386
3748618
3748679
3748788
3749072
3749539
3749927
3750175
3750925
3751190
3751445
3751697
3751818
3751946
3752059
3752311
3752428
3752598
3752850
3753147
3753725
3753845
3753975
3754065
3754183
3754300
3754433
3754563
3754682
3754797
3754914
3755031
3755153
3755276
3755410
3757453
3757816
3758066
3758325
3758568
3759318
3759582
3759697
3759935
3760134
3760241
3760453
3760634
3760966
3761211
3761427
3761672
3761928
3763426
3763599
3763734
3763763
3763791
3764132
3764418
3764667
3764803
3765053
3765255
3765330
3765573
3765805
3765922
3766045
3766265
3766641
3767030
3767876
3768135
3768507
3768640
3768772
3768898
3769139
3769172
3769324
3769601
3769831
3769959
3770441
3770687
3770936
3771186
3771189
3771539
3772200
3772503
3772632
3774559
3774695
3775557
3775567
3776434
3776666
3777062
3777387
3777530
3778333
3778751
3778764
3778900
3778955
3779218
3779365
3779617
3779855
3779992
3780230
3780386
3780642
3781120
3781313
3781719
3782076
3782227
3782485
3782723
3783036
3783261
3783479
3783726
3784008
3784281
3784680
3784890
3785115
3785365
3785612
3786218
3786823
3787140
3787388
3787638
3787809
3788174
3788423
3788579
3788715
3788905
3789204
3789407
3789548
3789685
3789876
3790124
3790551
3790689
3791109
3791357
3791638
3792923
3793897
3794155
3794286
3794772
3795185
3795567
3795708
3796627
3797082
3797329
3797470
3798003
3798275
3798455
3798776
3799181
3799370
3799640
3799767
3799989
3800363
3800565
3800899
3801340
3801596
3801852
3802053
3802409
3802656
3802873
3803387
3803665
3803910
3804302
3804666
3804998
3805143
3805267
3805426
3805696
3805890
3806173
3806316
3806565
3806823
3806958
3807212
3807323
3807573
3807819
3808068
3808207
3808324
3808437
3808660
3808790
3809599
3809679
3809915
3810082
3810197
3810316
3810545
3810621
3810859
3811035
3811154
3811278
3811342
3811551
3811696
3811950
3812207
3812565
3812938
3813195
3813846
3814102
3814400
3814677
3814816
3814949
3815077
3815211
3815339
3815473
3815617
3815754
3815925
3816125
3816246
3816267
3816351
3816570
3816962
3817347
3817608
3817856
3818104
3818401
3818569
3818743
3819065
3819256
3819615
3820018
3820138
3820555
3820754
3821197
3821331
3821583
3821832
3821947
3822198
3822471
3822720
3823013
3823315
3823558
3823744
3823857
3823967
3824108
3824237
3824379
3824871
3825208
3825461
3825720
3825847
3826098
3826349
3826630
3826841
3827374
3827771
3828065
3828191
3828506
3828740
3829072
3829315
3829793
3830062
3830441
3830980
3831129
3831285
3831529
3831736
3831859
3831992
3832105
3832231
3832442
3832495
3832604
3832675
3832903
3833265
3834257
3834537
3834802
3835208
3835417
3835792
3836311
3836708
3836960
3837244
3837389
3837547
3837741
3837946
3838205
3838452
3838696
3838882
3839019
3839440
3841047
3841183
3841314
3841435
3841699
3841836
3843114
3843362
3843618
3843825
3844107
3844256
3844390
3844495
3844623
3844835
3845102
3845248
3845507
3845646
3845795
3846047
3846307
3846582
3846827
3846959
3847186
3847321
3847536
3847670
3847873
3848109
3848321
3848530
3848725
3848979
3849325
3849484
3849966
3850211
3850360
3850591
3850602
3851152
3851403
3851523
3851888
3852148
3852287
3852539
3852768
3853192
3853331
3853703
3854084
3854351
3854885
3855208
3855454
3855732
3855967
3856640
3856795
3856910
3857166
3857280
3857402
3857655
3857829
3858105
3858255
3858418
3858751
3858953
3859231
3859566
3859810
3860064
3860260
3860388
3860514
3860626
3860721
3860919
3861040
3861181
3861294
3861710
3861957
3862304
3862498
3862816
3863070
3863257
3863363
3863484
3863773
3864114
3864399
3864510
3864623
3864792
3865101
3865351
3865603
3865852
3865965
3866140
3866388
3866625
3866843
3866974
3867168
3867388
3867644
3867761
3867877
3868092
3868283
3868398
3868526
3868569
3868768
3869009
3869617
3869901
3870050
3870308
3870553
3870843
3870994
3871374
3871602
3871767
3871991
3872235
3872326
3872439
3872686
3872942
3873168
3873202
3873599
3873852
3874191
3874449
3874569
3874824
3874952
3875364
3875669
3875784
3876554
3876737
3876831
3876878
3877368
3877630
3877791
3877877
3878098
3878268
3878401
3878551
3878799
3878929
3879557
3879885
3880016
3880156
3880302
3880704
3881542
3881917
3882085
3882227
3882499
3882807
3883110
3883400
3883623
3883833
3884066
3884493
3884632
3884780
3884929
3885056
3885203
3885406
3885554
3885711
3885838
3885987
3886106
3886475
3886719
3886974
3887213
3887561
3887814
3888358
3888656
3890045
3890286
3890543
3890806
3891075
3891314
3891564
3891905
3892124
3892594
3892877
3893126
3893351
3893584
3893707
3893818
3894114
3894805
3895018
3895155
3895402
3895795
3896384
3896609
3896745
3896854
3897305
3898446
3898744
3899149
3899429
3899443
3900155
3900404
3900529
3900778
3901028
3901412
3901965
3902730
3902866
3903116
3903593
3903752
3903978
3904144
3904388
3904519
3904951
3905220
3905356
3905495
3905671
3905734
3905987
3906238
3906367
3906688
3906934
3907307
3907558
3907851
3907980
3908226
3908353
3908451
3908652
3909136
3909267
3909616
3909800
3909920
3910224
3910480
3910720
3911063
3911208
3911325
3911415
3911524
3911639
3911870
3912091
3912191
3912748
3913072
3913322
3913407
3913773
3913944
3914073
3914199
3914510
3914991
3915123
3915252
3915591
3915722
3917155
3917304
3917443
3917526
3917665
3917834
3917923
3918054
3918142
3918391
3918643
3918894
3919058
3919303
3919421
3919548
3919672
3919915
3920083
3920371
3920606
3920905
3921251
3921663
3921810
3922062
3922319
3922646
3922891
3922986
3923026
3923049
3923317
3923736
3924487
3925891
3926141
3926380
3926556
3926808
3927158
3927514
3927767
3927966
3928409
3928647
3928768
3928896
3929131
3929351
3929475
3929606
3929725
3929839
3929935
3930211
3930457
3930680
3930808
3931057
3931160
3931285
3931525
3931636
3931884
3932006
3932853
3933006
3933386
3933774
3934627
3934870
3935108
3935241
3935533
3935657
3935843
3935951
3936249
3936505
3936631
3936887
3937054
3937304
3937406
3937639
3937763
3938008
3938377
3938669
3938909
3939154
3939425
3939542
3939834
3940019
3940255
3940579
3940774
3940885
3941129
3941636
3941876
3941996
3942119
3942320
3942442
3942556
3942675
3942932
3943188
3943471
3943807
3943991
3944088
3944204
3944460
3944614
3944852
3944986
3945091
3945218
3946029
3946719
3947026
3947236
3947492
3947760
3947872
3948119
3948208
3948322
3948482
3948585
3948835
3949111
3949359
3949603
3950009
3950247
3950492
3950743
3950947
3951010
3951125
3951639
3951887
3952136
3952254
3952364
3952628
3952806
3953057
3953164
3953402
3954121
3954667
3954908
3955367
3955611
3955800
3956054
3956408
3956666
3956946
3957198
3957391
3957829
3958356
3958491
3958632
3958944
3959182
3959318
3959593
3959836
3960197
3960627
3961093
3961339
3961755
3961990
3962231
3962485
3962792
3962999
3963361
3963615
3963754
3964005
3964281
3964529
3964768
3965074
3965527
3965800
3966113
3966619
3966914
3967178
3967664
3967861
3968006
3968137
3968395
3968630
3968756
3968944
3969306
3969443
3969700
3970158
3970571
3970708
3970835
3971048
3971339
3971583
3971842
3972068
3972563
3972812
3973023
3973154
3973747
3974227
3974489
3974747
3975033
3975434
3975573
3975858
3976107
3976397
3976641
3976774
3976962
3977241
3977495
3977810
3978059
3978335
3978588
3978753
3979031
3980644
3980923
3981248
3981486
3981719
3981846
3982318
3982658
3982904
3983185
3983455
3983707
3983941
3984153
3984221
3984328
3984731
3985364
3986883
3987190
3987441
3987690
3987718
3988680
3988819
3989054
3989282
3989436
3989766
3989900
3990073
3990220
3990466
3990604
3991294
3991526
3991752
3991933
3992201
3992343
3992591
3992813
3993187
3993460
3993610
3993879
3994281
3994439
3994587
3994640
3994780
3994869
3995014
3995159
3995254
3995375
3995378
3995520
3995647
3995698
3995831
3995874
3996020
3996168
3997573
3998865
3999077
3999556
4000302
4000582
4001062
4001314
4001372
4001614
4001674
4001925
4002664
4003135
4003508
4003753
4004034
4004925
4005080
4005104
4005358
4005548
4005746
4006044
4006263
4006470
4006483
4006816
4007105
4007266
4007589
4007596
4007761
4008000
4008244
4008463
4008943
4009468
4009625
4009778
4010076
4010339
4010597
4010856
4011190
4011407
4011927
4012286
4012776
4012925
4013076
4013314
4013632
4013975
4014126
4014268
4014407
4014742
4014999
4015443
4015694
4015941
4016279
4016636
4016838
4017344
4017794
4018177
4018414
4019312
4019580
4019948
4020112
4020193
4020238
4020260
4020302
4020460
4020615
4020742
4020928
4021084
4021228
4021498
4021931
4023053
4023408
4023869
4024123
4024366
4025001
4025350
4025597
4025658
4028162
4028475
4028699
4029191
4029545
4029817
4030006
4030320
4030470
4030725
4031249
4031448
4031731
4032038
4032229
4032477
4032586
4032991
4033368
4033905
4034270
4034560
4034857
4035203
4035879
4036229
4036478
4036823
4037036
4037289
4037297
4037796
4038036
4038400
4039029
4039202
4039403
4039645
4039943
4040282
4040465
4040628
4040779
4040949
4041021
4041202
4041380
4041543
4041666
4041843
4042092
4042488
4043141
4043328
4044073
4044346
4044509
4044930
4045260
4045520
4045701
4045949
4046200
4046385
4046990
4047511
4047906
4048066
4048133
4048381
4048663
4048814
4049174
4050217
4050466
4050864
4051015
4051228
4051334
4051858
4052188
4052398
4052891
4053230
4053393
4053549
4053807
4053985
4054489
4054662
4054816
4055097
4055352
4055515
4055769
4055923
4056416
4056594
4056808
4057058
4057319
4057588
4057814
4057972
4058130
4058270
4058490
4058749
4059052
4059293
4059433
4059676
4059925
4060240
4060381
4060512
4060763
4060901
4061057
4061191
4061320
4061453
4061732
4061982
4062234
4062579
4062711
4063214
4063364
4063677
4063923
4064374
4064531
4064809
4065124
4065425
4065560
4065903
4066036
4066177
4066316
4066442
4066573
4067108
4067360
4067764
4067911
4068144
4068396
4068644
4068875
4069214
4069747
4069877
4070004
4070127
4070299
4070430
4070693
4070812
4070917
4071167
4071491
4071869
4072152
4072480
4072736
4072862
4073254
4073643
4073774
4073910
4074041
4074168
4074292
4074432
4074508
4074632
4074662
4074782
4074857
4074980
4075086
4075179
4075248
4075366
4075803
4075965
4076168
4076415
4076652
4076768
4076898
4077067
4077262
4077447
4077689
4077913
4078169
4078296
4078408
4078649
4078763
4078880
4079120
4079356
4079557
4079732
4079848
4079898
4080150
4080396
4080508
4080761
4080801
4081044
4081295
4081505
4081673
4081783
4082379
4082488
4082547
4082797
4083297
4083968
4084083
4084278
4084442
4084692
4085214
4085729
4085956
4086213
4086419
4086666
4086875
4086905
4087173
4087392
4087480
4087722
4087912
4088029
4088199
4088419
4088667
4088776
4088882
4088959
4089209
4089459
4089794
4090198
4090562
4090903
4091374
4091518
4092017
4092199
4092368
4092503
4092800
4093011
4093303
4093437
4093550
4094131
4094498
4094751
4095062
4095577
4095817
4096087
4096230
4096355
4096676
4097057
4097302
4097542
4097937
4098115
4098369
4098584
4098723
4098733
4098965
4099221
4099773
4099958
4100105
4100609
4100908
4101050
4101354
4101795
4102063
4102351
4102494
4102622
4102754
4102914
4103048
4103184
4103298
4103475
4103642
4103769
4103881
4104001
4104104
4104252
4104491
4104606
4104863
4105158
4105464
4105573
4105598
4105823
4105928
4106369
4106605
4106701
4107046
4107340
4107534
4108218
4108379
4108646
4108831
4109338
4109702
4109948
4110559
4110844
4110967
4111394
4111510
4111728
4111815
4111915
4112030
4112273
4112540
4112837
4113690
4113937
4114129
4114379
4114536
4114767
4115137
4115242
4115358
4115430
4115701
4116033
4116145
4116258
4116356
4116433
4116655
4117054
4117289
4117520
4117632
4117746
4118200
4118889
4119073
4119300
4119407
4119626
4119768
4119847
4120082
4120188
4120416
4120605
4120796
4120903
4121015
4121161
4121417
4121524
4121635
4121865
4121970
4122013
4122124
4122369
4122765
4122973
4123072
4123311
4124768
4124877
4124955
4125062
4125230
4125328
4125436
4125536
4125631
4125732
4125844
4125912
4126013
4126115
4126210
4126277
4126289
4126517
4126652
4126918
4127201
4127473
4127732
4127963
4128058
4128171
4128220
4128316
4128399
4128650
4128801
4128898
4130404
4130508
4130758
4130854
4130984
4131084
4131182
4131239
4131341
4131438
4131693
4131956
4132799
4133043
4133187
4133289
4133373
4133474
4133571
4133668
4133768
4134011
4134016
4134237
4134623
4134869
4135126
4135432
4135778
4136022
4136272
4136567
4136805
4137061
4137302
4137565
4137868
4138007
4138227
4138646
4139029
4139668
4139914
4140153
4140411
4140557
4140807
4140962
4141082
4141328
4141481
4142014
4142245
4142565
4142842
4143257
4143500
4143733
4143857
4143985
4144139
4144471
4144730
4144983
4145303
4145529
4145671
4145810
4145950
4146197
4146454
4146606
4146914
4147259
4147512
4147765
4148291
4148660
4148909
4149114
4149325
4149667
4149893
4150032
4150158
4150415
4150564
4150694
4150967
4151163
4151419
4151707
4151835
4152111
4152452
4152965
4153281
4153532
4154002
4154656
4155052
4155324
4155575
4155914
4156629
4156822
4157118
4157364
4157818
4158062
4158308
4158656
4158887
4159024
4160082
4160368
4160607
4160847
4160849
4160982
4161218
4161529
4161706
4162200
4162462
4162730
4163373
4163510
4163733
4163880
4164129
4164355
4164693
4164886
4165127
4165254
4165384
4165528
4165775
4166015
4166253
4166387
4166613
4166772
4166864
4166993
4167217
4167750
4167980
4168205
4168370
4168489
4168716
4168846
4168968
4169148
4169594
4169703
4169818
4169915
4170152
4170451
4170670
4170892
4171115
4171283
4171453
4171612
4171733
4172142
4172327
4172554
4172750
4172971
4173156
4173473
4173690
4173911
4173949
4173963
4173993
4174313
4174492
4174693
4174925
4175146
4175324
4175455
4175580
4175886
4176109
4176329
4176558
4176877
4177098
4177299
4177614
4177735
4177857
4178150
4178279
4178500
4178706
4178740
4178975
4179171
4179376
4179719
4180015
4180230
4180441
4180646
4180829
4180950
4181104
4181377
4181620
4181890
4182052
4182271
4182475
4182677
4182690
4182704
3683286
3683379
3683509
3683687
3683781
3683876
3683968
3684031
3684124
3684214
3684307
3684355
3684453
3684547
3684641
3684716
3684804
3684957
3685072
3685250
3685337
3685474
3685638
3685769
3685942
3686027
3686244
3686419
3686508
3686612
3686727
3686800
3687279
3687360
3687407
3687486
3687731
3688010
3688091
3688175
3688265
3688404
3688505
3688560
3688820
3688913
3689319
3689409
3689430
3689520
3689607
3689687
3689771
3689909
3689997
3690153
3690340
3690669
3690730
3690910
3691062
3691133
3691311
3691656
3691812
3691925
3692009
3692089
3692126
3692207
3692286
3692361
3692420
3692608
3692767
3693003
3693155
3693239
3694307
3694323
3694696
3694785
3694817
3694909
3694999
3695150
3695461
3695666
3695812
3695994
3696149
3696337
3696813
3697110
3697200
3697251
3697348
3697550
3697749
3697903
3698279
3698387
3698515
3698626
3698663
3698685
3698736
3698932
3699176
3699280
3699470
3699669
3699770
3699875
3699957
3700032
3700123
3700228
3700328
3700518
3700719
3701127
3701245
3701337
3701392
3701480
3701663
3701788
3701886
3702088
3702197
3702384
3702474
3702567
3702575
3702714
3702924
3703024
3703123
3703337
3703446
3703927
3704246
3704454
3705088
3705192
3705295
3705401
3705453
3705530
3705628
3705726
3705831
3705920
3706005
3706110
3706215
3706320
3706417
3706619
3707017
3707041
3707314
3707569
3707696
3707891
3708198
3708397
3708731
3709194
3709543
3709655
3709757
3710088
3710243
3710355
3710583
3710978
3711197
3711409
3711715
3711990
3712134
3712399
3712714
3712981
3713076
3713170
3713282
3713404
3713628
3713982
3714087
3714155
3714332
3714582
3714778
3715152
3715565
3715684
3715977
3716189
3716556
3716561
3717207
3717647
3718395
3718693
3719040
3719280
3719677
3719911
3720356
3720983
3721261
3721455
3721560
3721799
3722028
3722249
3722483
3722670
3722896
3723113
3723327
3723644
3724011
3724124
3724439
3724602
3724658
3724776
3724917
3725038
3725175
3725295
3725416
3725577
3725695
3725816
3725931
3726045
3726173
3726605
3726857
3727131
3727264
3727682
3728373
3728590
3728723
3728957
3729331
3729481
3729731
3729869
3730130
3730255
3730399
3730575
3730704
3730813
3730913
3731207
3731321
3731635
3731896
3732155
3732422
3732616
3732775
3732911
3733038
3733168
3733295
3733413
3733531
3733650
3733773
3733892
3734037
3734153
3734264
3734269
3734422
3735061
3735312
3735440
3735693
3736232
3736661
3736991
3737235
3737383
3737634
3737744
3738140
3738370
3738584
3738812
3739201
3739343
3739594
3739840
3740078
3740280
3740408
3740624
3740767
3741154
3741493
3741716
3741821
3741843
3741895
3742237
3742366
3742525
3742639
3742884
3743067
3743148
3743396
3743537
3743788
3743933
3744032
3744224
3744404
3744677
3744963
3745100
3745214
3745526
3745782
3746033
3746323
3746561
3746717
3746982
3747757
3747837
3748121
3748533
3748972
3749148
3749346
3749663
3749799
3750061
3750316
3750448
3750602
3750787
3751064
3751331
3751579
3751685
3752222
3752515
3752770
3752978
3753228
3753363
3753503
3753633
3755581
3755718
3755851
3755980
3756111
3756246
3756383
3756475
3756617
3756746
3756869
3756971
3757093
3757196
3757245
3757333
3757591
3757752
3757897
3758213
3758471
3758714
3759011
3759313
3759703
3759944
3760069
3760369
3760558
3760762
3760881
3761104
3761504
3761797
3762126
3762354
3762575
3762810
3763069
3763316
3763468
3763908
3764365
3764621
3765007
3765464
3765720
3766205
3766459
3766594
3766836
3766992
3767212
3767333
3767501
3767614
3767822
3768082
3768341
3768457
3769027
3769204
3769555
3770044
3770193
3770329
3770632
3770881
3771138
3771480
3771722
3771869
3771997
3772138
3772442
3774562
3774698
3775561
3775803
3776431
3776669
3777065
3777390
3777533
3778336
3778766
3778901
3778954
3779219
3779368
3779985
3780231
3780390
3780646
3781124
3781316
3781691
3781827
3782082
3782231
3782489
3782725
3783040
3783266
3783483
3783728
3784010
3784284
3784683
3784891
3785123
3785369
3785615
3786220
3786828
3787144
3787392
3787641
3787812
3788178
3788427
3788583
3788719
3788908
3789210
3789412
3789550
3789689
3789878
3790125
3790554
3790692
3791112
3791361
3791821
3792128
3792371
3792954
3793077
3793181
3793316
3793431
3793546
3793643
3793745
3793986
3794377
3794491
3794766
3794882
3795005
3795194
3795326
3795828
3795976
3796102
3796229
3796352
3796382
3796506
3796775
3796893
3797149
3797579
3797782
3798222
3798531
3798675
3798934
3799190
3799481
3800093
3800216
3800649
3800859
3801137
3801419
3801709
3801962
3802155
3802270
3802628
3803053
3803176
3803489
3803760
3804026
3804165
3804416
3804627
3805610
3805958
3806089
3806449
3806688
3807100
3807490
3807736
3808476
3808960
3809319
3809580
3809834
3810448
3810564
3811464
3811871
3812127
3812364
3812628
3812853
3813112
3813354
3813476
3813655
3813908
3814246
3814516
3816332
3816732
3816940
3817199
3817511
3817836
3818086
3818330
3818734
3818994
3819377
3819543
3819808
3819944
3820355
3820492
3820905
3821095
3821369
3821702
3822075
3822319
3822615
3822819
3822953
3823233
3823483
3824529
3824772
3825103
3825379
3825627
3825997
3826246
3826532
3826785
3827070
3827218
3827508
3827633
3827887
3828092
3828211
3828511
3828743
3829095
3829337
3829818
3830088
3830465
3831005
3831208
3831311
3831554
3831763
3831886
3832017
3832128
3832251
3832455
3832501
3832605
3832695
3832922
3832933
3833285
3834275
3834566
3834795
3835234
3835441
3836064
3836338
3836737
3836986
3837270
3837417
3837576
3837962
3838231
3838477
3838720
3838910
3839047
3839463
3841074
3841209
3841341
3841460
3841595
3841727
3841861
3843141
3843387
3843645
3843977
3844152
3844328
3844458
3844593
3844854
3845162
3845331
3845574
3845744
3846065
3846332
3846611
3846850
3846981
3847211
3847367
3847621
3847884
3848107
3848322
3848712
3848958
3849302
3849461
3849948
3850192
3850340
3850575
3850774
3851131
3851379
3851503
3851862
3852129
3852266
3852519
3852745
3852839
3853171
3853305
3853512
3853682
3854062
3854329
3854574
3854828
3855065
3855382
3855580
3855831
3856058
3856192
3856342
3856478
3856737
3857043
3857539
3857714
3857967
3858222
3858298
3858564
3858816
3859037
3859290
3859425
3859665
3859924
3860169
3861429
3861587
3861614
3861852
3862098
3862205
3862415
3862642
3862784
3863038
3863629
3863973
3864211
3864352
3864690
3864933
3864996
3865252
3865497
3865748
3866029
3866281
3866533
3866772
3866939
3867205
3867536
3868417
3868654
3868892
3869133
3869268
3869444
3869765
3869837
3870190
3870441
3870697
3870937
3871225
3871630
3871880
3872165
3872624
3872867
3873121
3873324
3873529
3873762
3873956
3874129
3874781
3875159
3875320
3875568
3875899
3876108
3876248
3876387
3876635
3876812
3877003
3877371
3877637
3877796
3878102
3878271
3878404
3878555
3878806
3878934
3879181
3879440
3879563
3879891
3880022
3880162
3880307
3880686
3880927
3881108
3881452
3881765
3882046
3882231
3882498
3882810
3883113
3883401
3883629
3883822
3884070
3884344
3884481
3884611
3884783
3884932
3885059
3885208
3885411
3885559
3885719
3885842
3885991
3886110
3886480
3886724
3886969
3887218
3887567
3887819
3888363
3888661
3890050
3890246
3890548
3890812
3891079
3891319
3891568
3891911
3892130
3892599
3892884
3893133
3893356
3893588
3893772
3894121
3894810
3895019
3895285
3895477
3896354
3896525
3896651
3896792
3896900
3897116
3898450
3898749
3898863
3899112
3899434
3899598
3900395
3900531
3900780
3901031
3901414
3901966
3902239
3902479
3902575
3902935
3903182
3903307
3903404
3903659
3903785
3904251
3904588
3904762
3905036
3905877
3906082
3906503
3906631
3906873
3907070
3907191
3907431
3907626
3907750
3908111
3908512
3908781
3908910
3909032
3909433
3909544
3909981
3910091
3910429
3910626
3910867
3911048
3911779
3911967
3912287
3912399
3912509
3912619
3912837
3912946
3913197
3913468
3913698
3914310
3914446
3914682
3914825
3914935
3915366
3915474
3915847
3915966
3916089
3916244
3916376
3916539
3916655
3916814
3916928
3917037
3918386
3918592
3918771
3919179
3919802
3920133
3920315
3920524
3920796
3921003
3921171
3921423
3921546
3921956
3922156
3922379
3922498
3922753
3923176
3923294
3923618
3924279
3924506
3924683
3924845
3924913
3924932
3925038
3925141
3925267
3925392
3925486
3925604
3925722
3926026
3926319
3926740
3926942
3927142
3927498
3927752
3927945
3928113
3928387
3928593
3928741
3928873
3929708
3929824
3929915
3930347
3930557
3930887
3931380
3931745
3932111
3932441
3932702
3932919
3933021
3933137
3933239
3933477
3933999
3934126
3934286
3934424
3934483
3934736
3934984
3935281
3935422
3935719
3936050
3936156
3936358
3936739
3936987
3937169
3937494
3937869
3938118
3938247
3938482
3938584
3938835
3939060
3939291
3939644
3939770
3940111
3940309
3940436
3940675
3941179
3941281
3941409
3941531
3941775
3942179
3942782
3943040
3943280
3943540
3943780
3944324
3944550
3944710
3945322
3945470
3945629
3945768
3945860
3945999
3946152
3946287
3946424
3946541
3946652
3946894
3947122
3947379
3947627
3948001
3948241
3948736
3948984
3949229
3949472
3949701
3949868
3950080
3950276
3950517
3950793
3951205
3951499
3951741
3952000
3952117
3952415
3952615
3952898
3953207
3953944
3954186
3954602
3954851
3955310
3955542
3955733
3955865
3956199
3956371
3956420
3956672
3956918
3957160
3957320
3957453
3957892
3958284
3958422
3958558
3958684
3958896
3959127
3959252
3959501
3959772
3960133
3960560
3960772
3961034
3961481
3961688
3961927
3962173
3962398
3962543
3962929
3963067
3963412
3963655
3963936
3964212
3964460
3964703
3964925
3965041
3965256
3965462
3965618
3965772
3965932
3966188
3966550
3966843
3967109
3967512
3967762
3967906
3968041
3968168
3968448
3968577
3968693
3968879
3969239
3969375
3969621
3969759
3970090
3970524
3970641
3970769
3970955
3971081
3971304
3971532
3971779
3972011
3972499
3972880
3973091
3973678
3974158
3974404
3974652
3974964
3975371
3975557
3975835
3976083
3976365
3976610
3977110
3977335
3977579
3977737
3977993
3978239
3978505
3978627
3978708
3978961
3980571
3980824
3981000
3981180
3981418
3981653
3981782
3982262
3982489
3982616
3982811
3982956
3983320
3983466
3983722
3983955
3984157
3984226
3984331
3984748
3984997
3985220
3985351
3986488
3986727
3986899
3987208
3987458
3987704
3987953
3988352
3988696
3989056
3989171
3989451
3990151
3990234
3990494
3991307
3991539
3991766
3992059
3992223
3992369
3992640
3992829
3993200
3993473
3993612
3993659
3993886
3994294
3994452
3994603
3994651
3994804
3994881
3995025
3995172
3995342
3995474
3995533
3995672
3995817
3995887
3996034
3996182
3997586
3997845
3998242
3998493
3998743
3998955
3999082
3999577
4000315
4000600
4001079
4001331
4001386
4001645
4001659
4001902
4002668
4003152
4003404
4003654
4003899
4004941
4005120
4005345
4005519
4005865
4006026
4006186
4006443
4006680
4007032
4007352
4007785
4007965
4008219
4008433
4008679
4008920
4009121
4009271
4009388
4009760
4010078
4010310
4010566
4010826
4011065
4011167
4011389
4011527
4011623
4011717
4011813
4012043
4012168
4012453
4012603
4013176
4013416
4013506
4013812
4014520
4014875
4015122
4015311
4015583
4015844
4016027
4016133
4016386
4016511
4016991
4017099
4017219
4017465
4017475
4017572
4017667
4017987
4018220
4018482
4018612
4018728
4018904
4018995
4019098
4019191
4019424
4019642
4019837
4021358
4021628
4021730
4021975
4022101
4022212
4022330
4022438
4022540
4022634
4022731
4022818
4022918
4023172
4023270
4023527
4023635
4023742
4023995
4024240
4024573
4024747
4024867
4025123
4025219
4025249
4025545
4025750
4025901
4026040
4026130
4026220
4026327
4028100
4028414
4028629
4029119
4029470
4029726
4029921
4030154
4030255
4030409
4030662
4031182
4031434
4031718
4031957
4032165
4032322
4032869
4033086
4033305
4033835
4034092
4034493
4034754
4035141
4035393
4035932
4036270
4036697
4037048
4037293
4037645
4037906
4038099
4038337
4038966
4039572
4039834
4040081
4040219
4040402
4040572
4040724
4040870
4041000
4041036
4041191
4041331
4041436
4041600
4041774
4042029
4042424
4042639
4042840
4043138
4043326
4044070
4044318
4044505
4044925
4045256
4045513
4045695
4046300
4046383
4046986
4047507
4047774
4047837
4048129
4048376
4048660
4048809
4049172
4050216
4050464
4050740
4050922
4051225
4051331
4051854
4052185
4052394
4052887
4053227
4053390
4053545
4053802
4053984
4054485
4054658
4054814
4055093
4055347
4055453
4055616
4055859
4056073
4056264
4056463
4056604
4056627
4056851
4057100
4057366
4057633
4057920
4058071
4058228
4058501
4058795
4059100
4059340
4059485
4059877
4060096
4060331
4060469
4060634
4060852
4061006
4061100
4061361
4061408
4061649
4061888
4062068
4062272
4062621
4062875
4063255
4063408
4063718
4063965
4064416
4064575
4064853
4065197
4065468
4065595
4065941
4066092
4066223
4066354
4066527
4066772
4067044
4067394
4067802
4067953
4068182
4068214
4068585
4068914
4069163
4069294
4069548
4069642
4070223
4070611
4071096
4071349
4071634
4071798
4072081
4072329
4072467
4072697
4073076
4073207
4073456
4073606
4075530
4075664
4076072
4076348
4076598
4076741
4076846
4077039
4077353
4077580
4077856
4078490
4079056
4079292
4079672
4080081
4080327
4080655
4080905
4081152
4081394
4081718
4081966
4082100
4082284
4082703
4082927
4084031
4084332
4084509
4084775
4084923
4085029
4085281
4085797
4086025
4086281
4086532
4086829
4086921
4087032
4087229
4087255
4087543
4087559
4087600
4087925
4088042
4088320
4088489
4088730
4088842
4089023
4089270
4089520
4089883
4089998
4090243
4090395
4090679
4090788
4091022
4091112
4091229
4091611
4091829
4092593
4093251
4093982
4094232
4094349
4094715
4094917
4095212
4095327
4095442
4095685
4096009
4096455
4096543
4096759
4096877
4097166
4097407
4097776
4097895
4098156
4098547
4099182
4099425
4099568
4099819
4100242
4100374
4100490
4100803
4101203
4101452
4101651
4101913
4102189
4104359
4104723
4105074
4105345
4105693
4106073
4106239
4106486
4106815
4107095
4107495
4107637
4107878
4108017
4108157
4108557
4108901
4109107
4109356
4109717
4110073
4110298
4110438
4110589
4110827
4111638
4112194
4112354
4112582
4112719
4112939
4113167
4113249
4113386
4113545
4113782
4114290
4114585
4115016
4115603
4115845
4116582
4116981
4117182
4117432
4117885
4118029
4118159
4118364
4118499
4118647
4118825
4119155
4119525
4119991
4120300
4120552
4121147
4121804
4122268
4122518
4122764
4123183
4123453
4123614
4123821
4123893
4123979
4124156
4124299
4124421
4124571
4124711
4126437
4126817
4127075
4127296
4127444
4127805
4128552
4128946
4129096
4129221
4129377
4129522
4129653
4129804
4130003
4130153
4130298
4130675
4130928
4131640
4132342
4132533
4132789
4133022
4134152
4134509
4134798
4135139
4135446
4135545
4135791
4136035
4136286
4136569
4136806
4137120
4137360
4137655
4137883
4138013
4138243
4138657
4139043
4139683
4139928
4140167
4140417
4140558
4140809
4140963
4141085
4141335
4141491
4141714
4141823
4141920
4142170
4142466
4142581
4142752
4142988
4143339
4143603
4144226
4144454
4144694
4144958
4145111
4145223
4146162
4146339
4146594
4146827
4147054
4147167
4147403
4147653
4147908
4148029
4148189
4148427
4148554
4148808
4148817
4149300
4149418
4149535
4149783
4150298
4150886
4151321
4151511
4151602
4151752
4151997
4152240
4152343
4152589
4152731
4152874
4153119
4153427
4153671
4153786
4153885
4154138
4154254
4154365
4154478
4154777
4154929
4155174
4155426
4155667
4155782
4155788
4156016
4156183
4156294
4156468
4156550
4156706
4156939
4157281
4157465
4157573
4157685
4157926
4158217
4158454
4158712
4159137
4159314
4159421
4159540
4159670
4159775
4159928
4160032
4160269
4160511
4160694
4161070
4161304
4161415
4161796
4161918
4162021
4162370
4162628
4162928
4163028
4163122
4163348
4163627
4163992
4164104
4164323
4164556
4164659
4165093
4165370
4165601
4165711
4165958
4166183
4166453
4166683
4167103
4167327
4167430
4167529
4167633
4167871
4168105
4168230
4168334
4168349
4168507
4168699
4169061
4169298
4169392
4169494
4170084
4170345
4170581
4170775
4171002
4171192
4171443
4171681
4171923
4172022
4172115
4172382
4172601
4172811
4173037
4173346
4173436
4173653
4173864
4173955
4173965
4174164
4174287
4174664
4174878
4175100
4175291
4175720
4175873
4176099
4176319
4176439
4176710
4176851
4177085
4177290
4177491
4177584
4178023
4178113
4178366
4178583
4178932
4179143
4179352
4179869
4179961
4180201
4180417
4180625
4180801
4181034
4181290
4181497
4181728
4181821
4182034
4182262
4182274
4182468
4182569
4182731
4182938
4183171
4183396
4183566
4183665
4183762
4183963
3683085
3683163
3683255
3683436
3683607
3684922
3685217
3685436
3685558
3685620
3685735
3685900
3686172
3686385
3686913
3687005
3687094
3687163
3687251
3687614
3687706
3687819
3687935
3688479
3688544
3688691
3688777
3689056
3689146
3689235
3690041
3690183
3690322
3690434
3690520
3690644
3690868
3691076
3691246
3691417
3691507
3691600
3691776
3692567
3692754
3692867
3692967
3693299
3693456
3693589
3693681
3693688
3693781
3693905
3694104
3694515
3694642
3695102
3695248
3695331
3695422
3695609
3695895
3696127
3696315
3696654
3696659
3696736
3696970
3697059
3697507
3697704
3697845
3698290
3698419
3698525
3698632
3698662
3698684
3698710
3698748
3698942
3699184
3699288
3699477
3699677
3699778
3699882
3699967
3700053
3700128
3700238
3700339
3700527
3700728
3701137
3701255
3701397
3701485
3701670
3702107
3702304
3702844
3703244
3703541
3703717
3703829
3704041
3704167
3704373
3704600
3704710
3704818
3704933
3706559
3706769
3707009
3707124
3707241
3707445
3707772
3707981
3708161
3708517
3708648
3708864
3709040
3709264
3709383
3709497
3709589
3709849
3709966
3710489
3710731
3710889
3711112
3711328
3711507
3711616
3711850
3712285
3712540
3712658
3712931
3713544
3713741
3713882
3714295
3714423
3714669
3714914
3715050
3715285
3715460
3716086
3716348
3716511
3716752
3716884
3717014
3717337
3717542
3717826
3718089
3718257
3718484
3718818
3718955
3719198
3719209
3719419
3719559
3719799
3720014
3720158
3720170
3720432
3720619
3720727
3720867
3721108
3721348
3721889
3722133
3722370
3724245
3726323
3726473
3726720
3726996
3727378
3727550
3727804
3727956
3728091
3728214
3728462
3728846
3729370
3729777
3730043
3730544
3731117
3731545
3731788
3732071
3732328
3734537
3734708
3734866
3735223
3735607
3735973
3736133
3736392
3737359
3737911
3738059
3738415
3738668
3738977
3739390
3739650
3739891
3740127
3740327
3740558
3740796
3741202
3741545
3741768
3741827
3741848
3742222
3742395
3742559
3742679
3742928
3743200
3743446
3743592
3743844
3744058
3744299
3744453
3744730
3745013
3745249
3745577
3745833
3746081
3746374
3746616
3746768
3747033
3747817
3748164
3748581
3749027
3749203
3749447
3749718
3749872
3750118
3750368
3750503
3750656
3750843
3751124
3751386
3751636
3752283
3752576
3752847
3753030
3753280
3753420
3753552
3755621
3755755
3755891
3756074
3756210
3756440
3756652
3756782
3756960
3757080
3757236
3757378
3757639
3757792
3757906
3758225
3758480
3758749
3759050
3759355
3759818
3760856
3761080
3761315
3761552
3761812
3762053
3762282
3762509
3762743
3763000
3763231
3763394
3763851
3763962
3764186
3764286
3764549
3764931
3765180
3765392
3765648
3766129
3766387
3766509
3766757
3766873
3767146
3767257
3767375
3767486
3767553
3767664
3767746
3768016
3768271
3768395
3768958
3769188
3769538
3769771
3770098
3770217
3770335
3770558
3770809
3771063
3771306
3771417
3771660
3771783
3771868
3771932
3772070
3772325
3772443
3774482
3774621
3775480
3775720
3776348
3776584
3776758
3776985
3777305
3777438
3778125
3778663
3778804
3778933
3779075
3779263
3779513
3779779
3780607
3781035
3781222
3781477
3781602
3781739
3781992
3782127
3782258
3782508
3782951
3783425
3783644
3783875
3784206
3784598
3784865
3784926
3785177
3785520
3785658
3786357
3786729
3787040
3787277
3787520
3787712
3788118
3788260
3788373
3788509
3788644
3788770
3788940
3789168
3789340
3789474
3789609
3789733
3789811
3790062
3790457
3790608
3790858
3791170
3791426
3791686
3791956
3792282
3792522
3792692
3792814
3793829
3794080
3794220
3794555
3795033
3795200
3795589
3796564
3797011
3797279
3797420
3797672
3797939
3798079
3798350
3798718
3799083
3799305
3799549
3799686
3799822
3799940
3800134
3800222
3800325
3800501
3800723
3801019
3801271
3801528
3801787
3802340
3802557
3802801
3802939
3803325
3803564
3803826
3804240
3804486
3804739
3804938
3805082
3805207
3805274
3805319
3805457
3805681
3805877
3806159
3806303
3806556
3806810
3806945
3807199
3807313
3807562
3807806
3808058
3808185
3808312
3808428
3808650
3808776
3809023
3809415
3809664
3809905
3810070
3810211
3810303
3810517
3810570
3810804
3811021
3811474
3811881
3812136
3812375
3812497
3812743
3812999
3813121
3813362
3813488
3813647
3813770
3814025
3814278
3814525
3816341
3816740
3816948
3817200
3817520
3817848
3818094
3818338
3818742
3819001
3819387
3819550
3819815
3819952
3820364
3820500
3820945
3821134
3821375
3821740
3822114
3822386
3822669
3822866
3823138
3823428
3823685
3824568
3824808
3825149
3825420
3825664
3826034
3826286
3826570
3826940
3827082
3827232
3827527
3827671
3827920
3828144
3828318
3828727
3828862
3829135
3829146
3829390
3829855
3830127
3830502
3831055
3831194
3831350
3831600
3831609
3831801
3831934
3832052
3832162
3832396
3832486
3832597
3832726
3833313
3834352
3834705
3835271
3835481
3835534
3835849
3836372
3836780
3837074
3837307
3837452
3837617
3838001
3838273
3838516
3838759
3838952
3839088
3839637
3841120
3841938
3842051
3842172
3842296
3842409
3842469
3842584
3842707
3842744
3842773
3842804
3842921
3842957
3843211
3843457
3843711
3843885
3844675
3844976
3845084
3845391
3845885
3846144
3846391
3846563
3846750
3847000
3847332
3847564
3847574
3847726
3847943
3848046
3848125
3848338
3848515
3848782
3849034
3849164
3849575
3849688
3849773
3849880
3850070
3850443
3850632
3850858
3850975
3851243
3851609
3851731
3851983
3852375
3852589
3852851
3852968
3853093
3853395
3853573
3853807
3853925
3854160
3854268
3854515
3854672
3854791
3855090
3855243
3855466
3855713
3856550
3856780
3856896
3857148
3857259
3857383
3857636
3857810
3858088
3858253
3858414
3858738
3858942
3859213
3859547
3859794
3860049
3860245
3860373
3860497
3860610
3860702
3860808
3860906
3860978
3861083
3861163
3861274
3861692
3861939
3862190
3862435
3862694
3863332
3863683
3863992
3864303
3864739
3864982
3865305
3865552
3865808
3866088
3866337
3866574
3866809
3866948
3867307
3867589
3868048
3868250
3868704
3868942
3869186
3869320
3869470
3869796
3870238
3870491
3870781
3871087
3871321
3871676
3871923
3872171
3872667
3873046
3873370
3873570
3873813
3874064
3874338
3874768
3875139
3875306
3875556
3875886
3876097
3876236
3876365
3876501
3876800
3876876
3877133
3877358
3877398
3877613
3877782
3878089
3878261
3878393
3878543
3878791
3878922
3879168
3879428
3879551
3879874
3880001
3880126
3880296
3880677
3880919
3881091
3881441
3881754
3881995
3882142
3882299
3882546
3882797
3883100
3883345
3883614
3883809
3884058
3884333
3884456
3884601
3884771
3884895
3885044
3885167
3885290
3885428
3885605
3885704
3885830
3885978
3886097
3886352
3886619
3886879
3887114
3887375
3887626
3887865
3888065
3888205
3888501
3888776
3888921
3889036
3889153
3889256
3889355
3889519
3889687
3889802
3889913
3889947
3890405
3890670
3890930
3891187
3891431
3891688
3891958
3892211
3892454
3892745
3892999
3893244
3893482
3893601
3894000
3894251
3894437
3894593
3894914
3894969
3895245
3895654
3895886
3896042
3896192
3896954
3897200
3897516
3897635
3897697
3897825
3897982
3898135
3898284
3898539
3898962
3899208
3899447
3899689
3899819
3899971
3900112
3900241
3900636
3900883
3901137
3901157
3901290
3901525
3901751
3901863
3902057
3902402
3902525
3902969
3903222
3903341
3903462
3903693
3904179
3904629
3904801
3905073
3905917
3906121
3906538
3906784
3907103
3907230
3907480
3907666
3907788
3908149
3908549
3908819
3908935
3909075
3909463
3909711
3910034
3910347
3910593
3910830
3911060
3911834
3912015
3912333
3913056
3913256
3913369
3913515
3913745
3914360
3914606
3914781
3914909
3915396
3915527
3915901
3916071
3916192
3916323
3916459
3916588
3916743
3916862
3916976
3917089
3918324
3918574
3918818
3919229
3919854
3920184
3920427
3920696
3920841
3921110
3921364
3921513
3921750
3922005
3922206
3922427
3922547
3922828
3923223
3923495
3923690
3923734
3924273
3924523
3924717
3924835
3924954
3925078
3925181
3925314
3925529
3925646
3925763
3926067
3926362
3926718
3927031
3927319
3927466
3927722
3927868
3927907
3928061
3928347
3928964
3929298
3929422
3930137
3930262
3930514
3930739
3930987
3931217
3931337
3931582
3931694
3931939
3932063
3932308
3932425
3932677
3932835
3933002
3933402
3933635
3934240
3934701
3934974
3935231
3935566
3935677
3936267
3936522
3936660
3936691
3936742
3937072
3937425
3937657
3937782
3938028
3938394
3938687
3938927
3939171
3939441
3939558
3939852
3940038
3940274
3940598
3940795
3940907
3941017
3941655
3941899
3942016
3942138
3942339
3942460
3942576
3942689
3942952
3943205
3943464
3943692
3943917
3944038
3944311
3944479
3944628
3944867
3944982
3945104
3945233
3946043
3946734
3947033
3947240
3947495
3947776
3947885
3948132
3948212
3948325
3948500
3948611
3948855
3949127
3949374
3949618
3950024
3950261
3950656
3950858
3951022
3951138
3951654
3951903
3952465
3952636
3952822
3953071
3953318
3953432
3953539
3953674
3953847
3954094
3954300
3954416
3954509
3954784
3955032
3955146
3955252
3955509
3956034
3956107
3956521
3956776
3957026
3957261
3957278
3957527
3957643
3957760
3957994
3958100
3958205
3958811
3959210
3959242
3959476
3959561
3959743
3960103
3960556
3960693
3961001
3961240
3961653
3961895
3962144
3962369
3962513
3962748
3962905
3963032
3963381
3963624
3963761
3963909
3964180
3964431
3964671
3964895
3965012
3965228
3965429
3965588
3965766
3965898
3965991
3966251
3966517
3966814
3967062
3967481
3967730
3967865
3967999
3968014
3968144
3968390
3968548
3968667
3968852
3969073
3969214
3969347
3969593
3969734
3970064
3970484
3970616
3970784
3971019
3971221
3971345
3971509
3971753
3971987
3972468
3972474
3972726
3972940
3973065
3973650
3974128
3974375
3974622
3974933
3975178
3975345
3975555
3975807
3976058
3976338
3976596
3976659
3976762
3976863
3977118
3977331
3977350
3977626
3977709
3977965
3978212
3978480
3978605
3979103
3980545
3980686
3982130
3982341
3982547
3982688
3982918
3983155
3983603
3983769
3984002
3984095
3984122
3984144
3984500
3984542
3984658
3984880
3985082
3985445
3985562
3985676
3985726
3985837
3985903
3986011
3986127
3986226
3986324
3986357
3986610
3986752
3986945
3987087
3987343
3987589
3987843
3988055
3988131
3988244
3988473
3988586
3988879
3989059
3989317
3989563
3989624
3989688
3990027
3990352
3990643
3990765
3990856
3990977
3991078
3991189
3991424
3991669
3991834
3992045
3992093
3992496
3992686
3992792
3993044
3993081
3993350
3993598
3993634
3993721
3994036
3994141
3994182
3996321
3996431
3996519
3996581
3996693
3996802
3996897
3997003
3997117
3997226
3997329
3997429
3997478
3997731
3997994
3998116
3998383
3998628
3998800
3998984
3999232
3999347
3999466
3999670
3999827
3999936
4000042
4000093
4000229
4000498
4000743
4000861
4000969
4001224
4001524
4001912
4002661
4003132
4003385
4003636
4003874
4004923
4005076
4005101
4005355
4005545
4005742
4006042
4006258
4006467
4006814
4007066
4007120
4007379
4007586
4007753
4007998
4008014
4008241
4008461
4008707
4008941
4009466
4009622
4009777
4010089
4010338
4010595
4010851
4012506
4012758
4012829
4012978
4013200
4013538
4013877
4014065
4014195
4014313
4014557
4014650
4014902
4015336
4015534
4015765
4016183
4016538
4016750
4016893
4017256
4017690
4018094
4018326
4018812
4019215
4019443
4019670
4019873
4020040
4020180
4020213
4020245
4020273
4020346
4020474
4020627
4020679
4020837
4020984
4021121
4021401
4021833
4022949
4023309
4023772
4024024
4024275
4024419
4024912
4025257
4025557
4025649
4025673
4028066
4028372
4028592
4029085
4029430
4029692
4029881
4030140
4030221
4030513
4030637
4031146
4031393
4031574
4031824
4032080
4032408
4032670
4032769
4032864
4033220
4033493
4033627
4033766
4034038
4034246
4034353
4034365
4034610
4034992
4035082
4035336
4035535
4035669
4035765
4035867
4036051
4036158
4036454
4036561
4036652
4036908
4037186
4037440
4037531
4037778
4038194
4038275
4038521
4038611
4038709
4038790
4038941
4039544
4039802
4040063
4041968
4042221
4042331
4042704
4042976
4043235
4043492
4043609
4043704
4043804
4043919
4044013
4044286
4044452
4044692
4044870
4045197
4045471
4045638
4045888
4046381
4046553
4046710
4046811
4046907
4047159
4047280
4047455
4047707
4047870
4047975
4048370
4048569
4049023
4049119
4049365
4049463
4049561
4049656
4049743
4049833
4050003
4050131
4050394
4050634
4050858
4051104
4051166
4051428
4051584
4051706
4052032
4052739
4052832
4053076
4053170
4053444
4053622
4054056
4054586
4054762
4054894
4055171
4055425
4055590
4055837
4056123
4056494
4056615
4056882
4057130
4057396
4057666
4057892
4058050
4058208
4058504
4058824
4059128
4059372
4059512
4059993
4060308
4060447
4060570
4060871
4061010
4061136
4061255
4061387
4061530
4061803
4062054
4062300
4062651
4062902
4063285
4063434
4063746
4064004
4064446
4064606
4064882
4065225
4065497
4065959
4066116
4066245
4066376
4066553
4066942
4067316
4067828
4068208
4068590
4068939
4069189
4069451
4069666
4070255
4070644
4070661
4071128
4071380
4071664
4071829
4072114
4072335
4072602
4073122
4073198
4073604
4075557
4075694
4076124
4076376
4076959
4077384
4077610
4077851
4078133
4078523
4079575
4079702
4080112
4080358
4080686
4080935
4081185
4081436
4081747
4081998
4082123
4082325
4082733
4082962
4083533
4083599
4083722
4083864
4084168
4084173
4084603
4085118
4085367
4085821
4086098
4086350
4086408
4086605
4086800
4086886
4087156
4087433
4087491
4087707
4087968
4088173
4088396
4088568
4089107
4089357
4089507
4089738
4090490
4090832
4091302
4091442
4091684
4091943
4092124
4092295
4092425
4092703
4092824
4092927
4093063
4093330
4093506
4093889
4094074
4094422
4094560
4094808
4094988
4095119
4095513
4095744
4095871
4096115
4096243
4096563
4096960
4097232
4097475
4097598
4098621
4098771
4098895
4098960
4099016
4099267
4099704
4099884
4100009
4100130
4100539
4100837
4100957
4101078
4101327
4101724
4101996
4102284
4102414
4102536
4102680
4102796
4102902
4103026
4103132
4103273
4103425
4103544
4103656
4103718
4103832
4103946
4104055
4104174
4104477
4104592
4104841
4105148
4105417
4105553
4105834
4105941
4106380
4106617
4106867
4107063
4107350
4107846
4108328
4108439
4108711
4109346
4109710
4109956
4110574
4110947
4111052
4111169
4111335
4111441
4111525
4111744
4111830
4111930
4112034
4112275
4112548
4112845
4113696
4113944
4114136
4114384
4114538
4114772
4114880
4115174
4115291
4115413
4115532
4115937
4116123
4116237
4116353
4116463
4116753
4116867
4117307
4117557
4117714
4118222
4118995
4119279
4119414
4119696
4119811
4119914
4120164
4120480
4120868
4120944
4121055
4121231
4121498
4121625
4121734
4121966
4122078
4122194
4122435
4122721
4122920
4123046
4123145
4123291
4124749
4124857
4125039
4125234
4125352
4125464
4125568
4125810
4125988
4126091
4126188
4126267
4126300
4126593
4126730
4126998
4127553
4127728
4128070
4128307
4128476
4128723
4128877
4130487
4130602
4130848
4131688
4131927
4132176
4132319
4132452
4132584
4132716
4132982
4134206
4134561
4134854
4135195
4135500
4135841
4136090
4136335
4136594
4136843
4137122
4137362
4137660
4137927
4138061
4138282
4138704
4139091
4139733
4139975
4140294
4140534
4140794
4140981
4141112
4141362
4141537
4142074
4142326
4142629
4142899
4143314
4143557
4143824
4143956
4144126
4144359
4144598
4144854
4145361
4145589
4145737
4145886
4146059
4146226
4146529
4146739
4146971
4147310
4147563
4147815
4148349
4148715
4148962
4149168
4149699
4149949
4150082
4150344
4150493
4150627
4150792
4151035
4151226
4151745
4152013
4152500
4153012
4153328
4153575
4154047
4154706
4155102
4155376
4155622
4155962
4156679
4156872
4157170
4157866
4158112
4158357
4158705
4158937
4159093
4160188
4160490
4160793
4161033
4161282
4161568
4161697
4162141
4162273
4162514
4162804
4163452
4163698
4163928
4164202
4164432
4164766
4164961
4165197
4165396
4165741
4165979
4166324
4166423
4166618
4166836
4166972
4167182
4167295
4167803
4168062
4168432
4168564
4168785
4168976
4169176
4169670
4169795
4169948
4170218
4170523
4170803
4171069
4171254
4171473
4171802
4172219
4172506
4172779
4173000
4173209
4173548
4173765
4173946
4173969
4174029
4174596
4174811
4175031
4175343
4175473
4175608
4175927
4176217
4176598
4176953
4177161
4177363
4177687
4177812
4177938
4178227
4178449
4178666
4178808
4179025
4179245
4179448
4179790
4180094
4180309
4180341
4180530
4180851
4181183
4181385
4181593
4181954
4182127
4182359
4182651
4182689
4182703
4182717
4182842
4183030
4183560
4183850
4184184
4184299
4184486
4184572
4184767
4184876
4185057
4185165
4185274
3683104
3683173
3683553
3683627
3683637
3685027
3685177
3685416
3685535
3685689
3685839
3686106
3686199
3686328
3686851
3686966
3687043
3687107
3687195
3687553
3687645
3687758
3687836
3687944
3688358
3688482
3688535
3688716
3688989
3689077
3689162
3689250
3689849
3690067
3690247
3690353
3690414
3690493
3690573
3690817
3690980
3691099
3691270
3691374
3691463
3691540
3691716
3691887
3692514
3692690
3692808
3692902
3693081
3693313
3693430
3693521
3693540
3693623
3693650
3693720
3693750
3693830
3693853
3693937
3694073
3694449
3694522
3694581
3695448
3695543
3695742
3695916
3696067
3696249
3696389
3696487
3696547
3696620
3696702
3696896
3696994
3697095
3697460
3697634
3697647
3697775
3697968
3698229
3698327
3698391
3698469
3698565
3698639
3698667
3698716
3698911
3699116
3699227
3699416
3699617
3700417
3700639
3700798
3700884
3700964
3700977
3701571
3701950
3702272
3702819
3703221
3703518
3703637
3703701
3703811
3704020
3704146
3704351
3704579
3704686
3704797
3704908
3705015
3706727
3706986
3707104
3707219
3707422
3707601
3707959
3708142
3708498
3708628
3708841
3708955
3709084
3709124
3709338
3709444
3709532
3709827
3709943
3710464
3710707
3710864
3711088
3711308
3711540
3711774
3711934
3712260
3712514
3712636
3712903
3713518
3713714
3713859
3714270
3714401
3714643
3714888
3715025
3715259
3715441
3716059
3716321
3716485
3716725
3716862
3716991
3717083
3717310
3717516
3717744
3717924
3718165
3718317
3718638
3718905
3719152
3719390
3719530
3719772
3720004
3720150
3720390
3720611
3720701
3720840
3721083
3721322
3721652
3721890
3722113
3722350
3722570
3722799
3722838
3723048
3723272
3723648
3724016
3724128
3724442
3724608
3724735
3724875
3725000
3725179
3725299
3725421
3725582
3725700
3725819
3725935
3726049
3726175
3726608
3726858
3727132
3727266
3727685
3728377
3728595
3728728
3728961
3729335
3729485
3729737
3729875
3730134
3730287
3730403
3730577
3730706
3730846
3730957
3731213
3731330
3731638
3731900
3732165
3732426
3732622
3732780
3732792
3732919
3733043
3733172
3733300
3733418
3733536
3733657
3733779
3733952
3734042
3734159
3734271
3734424
3735067
3735321
3735447
3735698
3736237
3736664
3736996
3737420
3737640
3737748
3738144
3738374
3738588
3738815
3739097
3739478
3739732
3739959
3740201
3740513
3740830
3740975
3741079
3741271
3741359
3741567
3741641
3741863
3741997
3742097
3742770
3743026
3743285
3743677
3744238
3744563
3744814
3745408
3745666
3745921
3746205
3746608
3746740
3747006
3747784
3748134
3748554
3748995
3749170
3749417
3749689
3749825
3750086
3750340
3750470
3750627
3750811
3751090
3751355
3751604
3752249
3752543
3752795
3753000
3753252
3753390
3753525
3753655
3755601
3755738
3755871
3756000
3756132
3756326
3756488
3756872
3756990
3757211
3757353
3757612
3757771
3757902
3758218
3758476
3758731
3759028
3759332
3759796
3760034
3760386
3760571
3760770
3760895
3761117
3761505
3761744
3762098
3762322
3762543
3762782
3763043
3763292
3763437
3763885
3763996
3764223
3764325
3764592
3764977
3765434
3765692
3766176
3766428
3766551
3766793
3768084
3768317
3768436
3769001
3769199
3769548
3769773
3770138
3770256
3770386
3770637
3770855
3771354
3771460
3771703
3771821
3771975
3772110
3772413
3774527
3774573
3774730
3775521
3775764
3776391
3776629
3776992
3777310
3777442
3778132
3778671
3778814
3778936
3779269
3780094
3780312
3780566
3781038
3781230
3781744
3781998
3782132
3782264
3782514
3782958
3783183
3783400
3784107
3784607
3784874
3784932
3785183
3785527
3785663
3786363
3786738
3786770
3787064
3787327
3787569
3787720
3787949
3788097
3788238
3788346
3788482
3788619
3788747
3788915
3789142
3789314
3789452
3789581
3789705
3789788
3789996
3790146
3790658
3790834
3791143
3791398
3791663
3791926
3792252
3792494
3792945
3793799
3794050
3794192
3794529
3794727
3795156
3795476
3795615
3796538
3796983
3797236
3797371
3797621
3797906
3798047
3798306
3798548
3798786
3799125
3799266
3799906
3800127
3800318
3800475
3800697
3800989
3801253
3801497
3801758
3802311
3802529
3802772
3802913
3803295
3803535
3803798
3804208
3804458
3804711
3804908
3805585
3805631
3806014
3806420
3806655
3807072
3807461
3807707
3807955
3808566
3808933
3809149
3809292
3809555
3809806
3810421
3810560
3810749
3811433
3811838
3812091
3812330
3812459
3812716
3812826
3813077
3813489
3813729
3813982
3814653
3816408
3816701
3816905
3817159
3817481
3817801
3818050
3818300
3818701
3818957
3819337
3819503
3819770
3819909
3820318
3820454
3820896
3821199
3821367
3821694
3822067
3822309
3822606
3822811
3822945
3823221
3823473
3824522
3824759
3825011
3825277
3825617
3825989
3826237
3826523
3826776
3827064
3827212
3827539
3828767
3829092
3829332
3829810
3830081
3830458
3831221
3831466
3831681
3831874
3832208
3832513
3832620
3832767
3833280
3834270
3834556
3834784
3835225
3835431
3835804
3836069
3836327
3836726
3836978
3837258
3837403
3837565
3837931
3838220
3838467
3838817
3839177
3839342
3839559
3839741
3839871
3840024
3840148
3840316
3840433
3840551
3840673
3840794
3840906
3841996
3842134
3842252
3842370
3842526
3842644
3842733
3842756
3842768
3842901
3843019
3843273
3843518
3843765
3843940
3844105
3844752
3845035
3845450
3845943
3846200
3846447
3846696
3847053
3847442
3847538
3847782
3847997
3848058
3848216
3848435
3848824
3849087
3849226
3849634
3849748
3849861
3850119
3850500
3850685
3850910
3851033
3851300
3851668
3851787
3852043
3852435
3852641
3852912
3852931
3853048
3853427
3853598
3853838
3853953
3854229
3854479
3854730
3854923
3855179
3855297
3855515
3855768
3856003
3856681
3856836
3856953
3857212
3857321
3857459
3857869
3858149
3858268
3858429
3858763
3858968
3859256
3859595
3859880
3860144
3860300
3860443
3860559
3860670
3860764
3860870
3861501
3861540
3861796
3862048
3862192
3862397
3862599
3862741
3862996
3863580
3863828
3864003
3864218
3864336
3864648
3864894
3865026
3865205
3865454
3865700
3865982
3866236
3866488
3866728
3866912
3867235
3867489
3867992
3868198
3868648
3868871
3869106
3869158
3869232
3869365
3869501
3869718
3869973
3870136
3870392
3870633
3870718
3871017
3871253
3871588
3871832
3872074
3872229
3872567
3872811
3873068
3873269
3873466
3873709
3873900
3874080
3874304
3874665
3875045
3875195
3875458
3875593
3875795
3875997
3876140
3876275
3876771
3876904
3877259
3877483
3877685
3877816
3877999
3878133
3878201
3878328
3878451
3878687
3878814
3878942
3879199
3879455
3879726
3879905
3880011
3880134
3880204
3880459
3880707
3881070
3881383
3881487
3881774
3882021
3882178
3882424
3882668
3882870
3883232
3883414
3883832
3884033
3884308
3884432
3884574
3884698
3884869
3884904
3885019
3885141
3885267
3885373
3885499
3885679
3885803
3885953
3886012
3886140
3886445
3886687
3886942
3887188
3887532
3887773
3888325
3888620
3890011
3890283
3890510
3890771
3891037
3891291
3891531
3891872
3892078
3892499
3892623
3892845
3892894
3893096
3893317
3893550
3893883
3894127
3894767
3895016
3895153
3895401
3895794
3896381
3896591
3896703
3896816
3896921
3897020
3897263
3898406
3898704
3899068
3899391
3899557
3900352
3900488
3900738
3900984
3900986
3901373
3901617
3902499
3902691
3902815
3903058
3903544
3903748
3903931
3904063
3904369
3904476
3904859
3905173
3905307
3905426
3905568
3905758
3906008
3906257
3906425
3906709
3907011
3907330
3907870
3908003
3908248
3908380
3908457
3908593
3909159
3909288
3909489
3909639
3909986
3910098
3910310
3910555
3910797
3911005
3911786
3911971
3912291
3912403
3912517
3912623
3912844
3912951
3913199
3913473
3913705
3914315
3914449
3914722
3914831
3914941
3915371
3915480
3915853
3916023
3916149
3916290
3916475
3916545
3916661
3916820
3916979
3917043
3918280
3918532
3918777
3919186
3919808
3920139
3920321
3920574
3920801
3921008
3921174
3921425
3921550
3921553
3921960
3922161
3922383
3922503
3922757
3923177
3923300
3923623
3924276
3924508
3924687
3924806
3924916
3925044
3925179
3925271
3925396
3925490
3925609
3925728
3926028
3926324
3926676
3927075
3927444
3927701
3927850
3927900
3928053
3928286
3928541
3929024
3929257
3930090
3930217
3930471
3930695
3930820
3931070
3931173
3931299
3931542
3931649
3931897
3932019
3932266
3932382
3932628
3932764
3932859
3932992
3933388
3933945
3934060
3934190
3934351
3934558
3934805
3935049
3935333
3935689
3935791
3936099
3936418
3936817
3937257
3937567
3937940
3938189
3938323
3938564
3938808
3939106
3939361
3939710
3939947
3940184
3940381
3940631
3941222
3941441
3941585
3941835
3942245
3942852
3943115
3943373
3943628
3943877
3944394
3944778
3945395
3945535
3945703
3945929
3946217
3946354
3946486
3946616
3946869
3947449
3947691
3948068
3948307
3948806
3949051
3949306
3949545
3949790
3949917
3950184
3950430
3950624
3951165
3951305
3951443
3951574
3951832
3952083
3952487
3952646
3952954
3953281
3954012
3954672
3954920
3955375
3955619
3955810
3956260
3956453
3956708
3956963
3957225
3957400
3957922
3958365
3958502
3958642
3958954
3959193
3959331
3959597
3959844
3960205
3960636
3961102
3961353
3961762
3961998
3962237
3962492
3962764
3962964
3963094
3963448
3963693
3963974
3964248
3964497
3964738
3964984
3965267
3965495
3965653
3965778
3965997
3966253
3966588
3966884
3967147
3967547
3967802
3967947
3968073
3968199
3968478
3968606
3968722
3968909
3969272
3969408
3969647
3969791
3970124
3970540
3970675
3970825
3971038
3971319
3971563
3971810
3972040
3972532
3972785
3972996
3973124
3973716
3974196
3974439
3974686
3975003
3975406
3975560
3975848
3976097
3976381
3976628
3976754
3976935
3977182
3977435
3977782
3978036
3978151
3978477
3978635
3978805
3979003
3980614
3980865
3981043
3981278
3981468
3981694
3981819
3982296
3982524
3982653
3982902
3983149
3983390
3983534
3983890
3984187
3984295
3984795
3985043
3985267
3985406
3986536
3986933
3987258
3987507
3987754
3987990
3988397
3988747
3988988
3989202
3989506
3989811
3990066
3990214
3990460
3990599
3991288
3991518
3991748
3991928
3992196
3992341
3992585
3992807
3993180
3993453
3993608
3993870
3994275
3994433
3994582
3994632
3994774
3994863
3995008
3995151
3995245
3995367
3995506
3995635
3995690
3995824
3995867
3996012
3996160
3997564
3997823
3997971
3998226
3998471
3998719
3998949
3999074
3999548
4000297
4000573
4001058
4001310
4001369
4001610
4001671
4001921
4002658
4003130
4003382
4003634
4003872
4004920
4005077
4005098
4005353
4005543
4005740
4005988
4006257
4006466
4006813
4007065
4007119
4007376
4007585
4007750
4007996
4008240
4008459
4008705
4008939
4009595
4009623
4009776
4010087
4010337
4010594
4010849
4010966
4011189
4011405
4011832
4012061
4012187
4012559
4012779
4012828
4012977
4013199
4013537
4013876
4014047
4014194
4014311
4014556
4014651
4014892
4015139
4015258
4015514
4015776
4015971
4016073
4016328
4016453
4016708
4016937
4017043
4017507
4017616
4017870
4017933
4018035
4018252
4018498
4018593
4018693
4018826
4019957
4021379
4021610
4021714
4021779
4022046
4022135
4022225
4022317
4022400
4022495
4022589
4022682
4022774
4022869
4023121
4023215
4023476
4023580
4023685
4023751
4023942
4024192
4024516
4024625
4024696
4024810
4025073
4025169
4025418
4025697
4025793
4025853
4025969
4026078
4026173
4026262
4026354
4026435
4026496
4026580
4026682
4026763
4026813
4026897
4027006
4027102
4027188
4027257
4027355
4027487
4027582
4027687
4027791
4027866
4027958
4028052
4028302
4028568
4028804
4028893
4028984
4029234
4029343
4029610
4029859
4030116
4030567
4030784
4030881
4030969
4031054
4031307
4031381
4031561
4031768
4032006
4032115
4032871
4033089
4033319
4033850
4033920
4034504
4034757
4035149
4035404
4035945
4036280
4036710
4036980
4037233
4037659
4037919
4038111
4038347
4038977
4039145
4039314
4039596
4039892
4040126
4040231
4040413
4040575
4040731
4040901
4041006
4041091
4041254
4041446
4041613
4041790
4042041
4042436
4042718
4042879
4043149
4043336
4044080
4044325
4044515
4044937
4045270
4045530
4045709
4045957
4046317
4046995
4047519
4047908
4048069
4048142
4048390
4048672
4048823
4049185
4050230
4050480
4050719
4050931
4051235
4051341
4051444
4051588
4051869
4052197
4052411
4052902
4053242
4053403
4053560
4053817
4053993
4054498
4054669
4054826
4055106
4055361
4055525
4055776
4055931
4056426
4056588
4057153
4057328
4057596
4057668
4057823
4057981
4058140
4058917
4059353
4060546
4060661
4060828
4060978
4061072
4061397
4061653
4061891
4062076
4062311
4062661
4062913
4063295
4063457
4063761
4064044
4064457
4064617
4064893
4065239
4065511
4065971
4066128
4066257
4066385
4066563
4066944
4067199
4067840
4068219
4068594
4068953
4069201
4069466
4069679
4070267
4070657
4071141
4071394
4071677
4071842
4072126
4072337
4072610
4073117
4073248
4073561
4075568
4075708
4076138
4076392
4076758
4077034
4077399
4077622
4077863
4078146
4078537
4079100
4079336
4079716
4080126
4080373
4080702
4080953
4081202
4081448
4081763
4082007
4082142
4082308
4082322
4082741
4082975
4083170
4083418
4083556
4083684
4083820
4083947
4084104
4084256
4084683
4085196
4085445
4085623
4085892
4086145
4086895
4087171
4087449
4087856
4088276
4088642
4089197
4089436
4089675
4090052
4090298
4090568
4090908
4091378
4091526
4092027
4092204
4092524
4093173
4093901
4093918
4094154
4094273
4094638
4094840
4095134
4095252
4095366
4095609
4095931
4096374
4096493
4096547
4096747
4096828
4097110
4097330
4097659
4097772
4097893
4098124
4098244
4099096
4099357
4099465
4099526
4099644
4100196
4100297
4100417
4100628
4100759
4101134
4101250
4101488
4101571
4101829
4102109
4104264
4104625
4104980
4105255
4105606
4105979
4106149
4106398
4106723
4106880
4107074
4107409
4107542
4107680
4107899
4108033
4108170
4108465
4108593
4108931
4109017
4109158
4109399
4109518
4109729
4109985
4110219
4110344
4110476
4110714
4111541
4112124
4112297
4112427
4112654
4112863
4113026
4113150
4113218
4113333
4113483
4113704
4114222
4114393
4114546
4114956
4115091
4115543
4115779
4115958
4116525
4116918
4117125
4117369
4117825
4117968
4118103
4118306
4118456
4118938
4119144
4119366
4119607
4119750
4119865
4120108
4120445
4120642
4120670
4120799
4120930
4121044
4121216
4121448
4121553
4121658
4121915
4122030
4122147
4122391
4122636
4123538
4124799
4124905
4124983
4125102
4125231
4125340
4125438
4125539
4125652
4125838
4125935
4126035
4126136
4126233
4126282
4126301
4126627
4126731
4126945
4127188
4127501
4127753
4127988
4128124
4128227
4128325
4128424
4128429
4128672
4128823
4128920
4130432
4130538
4130791
4130991
4131230
4131364
4131461
4131713
4131970
4132821
4133066
4133209
4133319
4133417
4133514
4133612
4133722
4133805
4133898
4133984
4134032
4134256
4134407
4134658
4134906
4135006
4135263
4135526
4135654
4135865
4136147
4136390
4136645
4136921
4137165
4137402
4137715
4137796
4138119
4138354
4138459
4138773
4138889
4139145
4139258
4139358
4139845
4140102
4140316
4140448
4140687
4140859
4140997
4141247
4141401
4141548
4141970
4142220
4142378
4142519
4142794
4143206
4143447
4143701
4143834
4143964
4144051
4144262
4144495
4144746
4144999
4145255
4145478
4145625
4145762
4145898
4146015
4146220
4146579
4146868
4147208
4147459
4148218
4148610
4148857
4149064
4149196
4149645
4149839
4149979
4150483
4150522
4150652
4150725
4150947
4151124
4151256
4151655
4151784
4152063
4152402
4152913
4153229
4153483
4153950
4154608
4155001
4155276
4155522
4155863
4156578
4156753
4157055
4157198
4157767
4158011
4158254
4158259
4158489
4158624
4158840
4158967
4160114
4160322
4160560
4160799
4160934
4161171
4161477
4161604
4162071
4162206
4162430
4162733
4163377
4163515
4163781
4163962
4164134
4164359
4164698
4164892
4165132
4165260
4165385
4165410
4165821
4166049
4166302
4166546
4166751
4166919
4167161
4167778
4168231
4168424
4168554
4168765
4168911
4169134
4169649
4169710
4169846
4169943
4170197
4170501
4170724
4170944
4171215
4171432
4171615
4171785
4172197
4172483
4172697
4172921
4173137
4173266
4173528
4173745
4173941
4173960
4174024
4174346
4174524
4174753
4174969
4175187
4175410
4175540
4175771
4175991
4176196
4176572
4176931
4177139
4177342
4177662
4177785
4177903
4178203
4178424
4178645
4178785
4179003
4179221
4179425
4179767
4180069
4180283
4180491
4180703
4180914
4181159
4181360
4181568
4181931
4182101
4182333
4182623
4182683
4182692
4182707
4182841
4183005
4183209
4183405
4183826
4184160
4184276
4184395
4184546
4184656
4184746
4184856
4184966
4185033
4185226
4185351
4185559
4185756
4186001
4186072
4186300
4186499
4186638
3683062
3683139
3683230
3683414
3683498
3683587
3684897
3685156
3685407
3685523
3685750
3685874
3686144
3686232
3686362
3686888
3686987
3687065
3687139
3687228
3687588
3687682
3687790
3687875
3688044
3688548
3688701
3689004
3689094
3689190
3689278
3689885
3690101
3690281
3690392
3690477
3690569
3690839
3691014
3691214
3691370
3691460
3691575
3691751
3692542
3692842
3692937
3693123
3693348
3693479
3693564
3693645
3693845
3693881
3693970
3694489
3694616
3695077
3695221
3695306
3695400
3695586
3695782
3695956
3696106
3696291
3696448
3696545
3696644
3696786
3696949
3697033
3697481
3697675
3697816
3698256
3698369
3698442
3698543
3698606
3698656
3698679
3698708
3698868
3698977
3699161
3699266
3699458
3699655
3699754
3699852
3699940
3700019
3700108
3700213
3700312
3700725
3701109
3701226
3701317
3701711
3701761
3701864
3702020
3702129
3702178
3702365
3702452
3702546
3702632
3702696
3702951
3703000
3703099
3703315
3703424
3703901
3704223
3704432
3704508
3705075
3705170
3705276
3705376
3705480
3705588
3705704
3705951
3706082
3706188
3706297
3706394
3706597
3706813
3706907
3707298
3707511
3707672
3707834
3708035
3708237
3708370
3708702
3709164
3709626
3709728
3710057
3710165
3710217
3710327
3710553
3710949
3711167
3711378
3711857
3712061
3712120
3712366
3712692
3712786
3712962
3713054
3713147
3713236
3713345
3713448
3713950
3714019
3714136
3714185
3714497
3714739
3715115
3715527
3715647
3715756
3715853
3715945
3716150
3716247
3716625
3716659
3717156
3717409
3717606
3717776
3717985
3718328
3718524
3718717
3718990
3719232
3719619
3719859
3720028
3720343
3720927
3721166
3721402
3721510
3721991
3722219
3722489
3722677
3722904
3723122
3723335
3723653
3724028
3724139
3724452
3724620
3724749
3724888
3725013
3725190
3725309
3725433
3725594
3725710
3725831
3725946
3726059
3726188
3726622
3726872
3727138
3727273
3727700
3728392
3728610
3728739
3728974
3729348
3729501
3729750
3729889
3730148
3730299
3730417
3730580
3730695
3730814
3731815
3731944
3732637
3732797
3732934
3733058
3733189
3733315
3733433
3733551
3733670
3733797
3733930
3734060
3734174
3734329
3734439
3735080
3735332
3735458
3735712
3736251
3736680
3737010
3737255
3737400
3737650
3737760
3738161
3738230
3738605
3738834
3739123
3739498
3739749
3739977
3740531
3740897
3741830
3741865
3742008
3742112
3742790
3743050
3743306
3743697
3744279
3744583
3744835
3745431
3745689
3745945
3746229
3746490
3746874
3747211
3747323
3747770
3747892
3748124
3748544
3748984
3749160
3749405
3749674
3749809
3750072
3750325
3750457
3750613
3750799
3751075
3751340
3751590
3752232
3752525
3752781
3752988
3753239
3753379
3753512
3753642
3755587
3755724
3755858
3755989
3756121
3756252
3756386
3756550
3756687
3756849
3756981
3757099
3757202
3757341
3757600
3757759
3757899
3758219
3758473
3758721
3759017
3759320
3759783
3760020
3760373
3760561
3760763
3760887
3761107
3761346
3761667
3762089
3762314
3762535
3762773
3763034
3763282
3763427
3763875
3764317
3764577
3764961
3765590
3765679
3766163
3766415
3766538
3767129
3767254
3767398
3767622
3767773
3768044
3768298
3768423
3768987
3769195
3769545
3770037
3770186
3770303
3770591
3770840
3771092
3771335
3771447
3771689
3771809
3771960
3772012
3772144
3772398
3774511
3774650
3775508
3775733
3776360
3776597
3776724
3776997
3777316
3777454
3778138
3778677
3778820
3778938
3779267
3780392
3780572
3781047
3781238
3781486
3781612
3781751
3782004
3782137
3782270
3782520
3782964
3783188
3783406
3784894
3785187
3785533
3785670
3786370
3786817
3787052
3787290
3787529
3787723
3788036
3788180
3788355
3788493
3788627
3788754
3788924
3789148
3789321
3789459
3789588
3789734
3789795
3790047
3790541
3790665
3791085
3791334
3791611
3791934
3792257
3792321
3792568
3792678
3792801
3793807
3794060
3794201
3794538
3795017
3795198
3795486
3795623
3796545
3796991
3797245
3797378
3797628
3797914
3798056
3798313
3798554
3798793
3799132
3799275
3799530
3799668
3799798
3799919
3800128
3800320
3800603
3800872
3801244
3801502
3801762
3802317
3802541
3802780
3802789
3802943
3803301
3803537
3803805
3804326
3804553
3804814
3805551
3805794
3806026
3806386
3806621
3807040
3807427
3807676
3807925
3808531
3808894
3809115
3809284
3809425
3809775
3810339
3810458
3810555
3810743
3811398
3811804
3812057
3812296
3812426
3812669
3812793
3813047
3813289
3813413
3813615
3813698
3813953
3814202
3814319
3814559
3816374
3816666
3816870
3817124
3817243
3817452
3817766
3818016
3818260
3818472
3818799
3818922
3819302
3819468
3819733
3819876
3820285
3820419
3820441
3820859
3821059
3821307
3821352
3821658
3822030
3822276
3822571
3822774
3822919
3823160
3823390
3823641
3824496
3824727
3824977
3825068
3825326
3825580
3825970
3826222
3826489
3826744
3826975
3827086
3827199
3827469
3827599
3827850
3828057
3828176
3828320
3828661
3828790
3829052
3829442
3829774
3830041
3830304
3830956
3831110
3831268
3831720
3831889
3832047
3832160
3834349
3834703
3835269
3835478
3835848
3836370
3836777
3837071
3837304
3837449
3837612
3837996
3838269
3838570
3838948
3839084
3839632
3841114
3841254
3841366
3841505
3841765
3841896
3843178
3843432
3843689
3844017
3844188
3844365
3844530
3844790
3844933
3844986
3845240
3845255
3845510
3845650
3845788
3846107
3846374
3846654
3846891
3847224
3847387
3847604
3847712
3847939
3848609
3848874
3849132
3849385
3849547
3850032
3850272
3850421
3850817
3851216
3851458
3851593
3851655
3851946
3852209
3852350
3852823
3853253
3853518
3853759
3854143
3854410
3854650
3855015
3855437
3855655
3855905
3856139
3856292
3856424
3856597
3857115
3857616
3858001
3858237
3858359
3858664
3858928
3859181
3859406
3859715
3860351
3861522
3861660
3861920
3862166
3862450
3862712
3862972
3863211
3863639
3863896
3864083
3864268
3864698
3864943
3865073
3865263
3865509
3865757
3866039
3866292
3866544
3866784
3866943
3867209
3867548
3868007
3868970
3869144
3869280
3869431
3869557
3869779
3870201
3870453
3870708
3870943
3871232
3871639
3871890
3872538
3872755
3873038
3873335
3873534
3873770
3873965
3874148
3874389
3874732
3875108
3875268
3875276
3875526
3875855
3876064
3876206
3876335
3876464
3876748
3876855
3877131
3877327
3877557
3877753
3878057
3878187
3878320
3878443
3878695
3878879
3879005
3879256
3879517
3879842
3879969
3880093
3880267
3880522
3880767
3881045
3881410
3881496
3881783
3882087
3882211
3882453
3882763
3883070
3883320
3883580
3883775
3883900
3884143
3884400
3884565
3884688
3884810
3884928
3885008
3885130
3885255
3885362
3885485
3885607
3885729
3885792
3885941
3886010
3886325
3886581
3886827
3887085
3887330
3887577
3887829
3888009
3888140
3888432
3888704
3888851
3888989
3889107
3889222
3889291
3889303
3889412
3889484
3889597
3889734
3889867
3889931
3890340
3890681
3890857
3891116
3891362
3891609
3891769
3892002
3892245
3892390
3892680
3893039
3893377
3893890
3894157
3894346
3894476
3894610
3894846
3894956
3895180
3895423
3895604
3895738
3895861
3895980
3896098
3896225
3897101
3897317
3897453
3897580
3897709
3897846
3897949
3898087
3898216
3898472
3898900
3899144
3899246
3899445
3899624
3899766
3899898
3900049
3900182
3902006
3902310
3902455
3902553
3902909
3903161
3903286
3903385
3903638
3903731
3904162
3904564
3904740
3905013
3905853
3906058
3906307
3906482
3906610
3906877
3907054
3907170
3907409
3907602
3907724
3908089
3908488
3908757
3908885
3909081
3909614
3909798
3909918
3910222
3910478
3910717
3910926
3911177
3911290
3911414
3911523
3913052
3913317
3913408
3913772
3913942
3914071
3914192
3914509
3914992
3915121
3915258
3915592
3915721
3917154
3917302
3917437
3917525
3917663
3917832
3917921
3918052
3918140
3918390
3918642
3918893
3919059
3919302
3919486
3919610
3919914
3920082
3920370
3920604
3920904
3921249
3921662
3921809
3922059
3922314
3922645
3922897
3922985
3923025
3923047
3923319
3923529
3923876
3924090
3924412
3925890
3926140
3926379
3926555
3926806
3926817
3927157
3927513
3927766
3927965
3928131
3928407
3929879
3929932
3930365
3930575
3930909
3931399
3931767
3931846
3932135
3932531
3932901
3933017
3933144
3933247
3933484
3933721
3933903
3934021
3934148
3934307
3934312
3934505
3934755
3934999
3936182
3936377
3936762
3937134
3937713
3937970
3938212
3938509
3938594
3938858
3939122
3939382
3939737
3939755
3940118
3940334
3940460
3940706
3941247
3941374
3941514
3941862
3942268
3942879
3943142
3943402
3943744
3944421
3944806
3945426
3945577
3945729
3945745
3945958
3946244
3946398
3946567
3946877
3947170
3947470
3947716
3948090
3948310
3948814
3949059
3949334
3949798
3950061
3950273
3950552
3950845
3951283
3951433
3951587
3951847
3952094
3952508
3952648
3952977
3953304
3954036
3954698
3955014
3955404
3955653
3955829
3956333
3956475
3956729
3956812
3957063
3957420
3957941
3958386
3958540
3958739
3958981
3959208
3959347
3959615
3959863
3960223
3960653
3961124
3961645
3962015
3962256
3962509
3962761
3963027
3963482
3963744
3964035
3964403
3964559
3964796
3965102
3965555
3965806
3966093
3966647
3966942
3967206
3967610
3967970
3968052
3968186
3968458
3968586
3968701
3968888
3969250
3969386
3969690
3970101
3970518
3970651
3971305
3971544
3971789
3972023
3972508
3972759
3972972
3973101
3973692
3974172
3974417
3974668
3974981
3975383
3975562
3975844
3976094
3976376
3976622
3976699
3976826
3976911
3977159
3977410
3977663
3977756
3978011
3978257
3978521
3978648
3978795
3978978
3980591
3980842
3981020
3981199
3981776
3981905
3982365
3982571
3982813
3982962
3983321
3983468
3983726
3983962
3984172
3984231
3984385
3984772
3985020
3985242
3985384
3986512
3986909
3987233
3987729
3987968
3988375
3988720
3988852
3989053
3989179
3989195
3989477
3989784
3990051
3990201
3990449
3990513
3991332
3991562
3991792
3991966
3992245
3992388
3992854
3993225
3993497
3993830
3993849
3993936
3994321
3994479
3994667
3994813
3994959
3995168
3995339
3995472
3995665
3995703
3995836
3995885
3996030
3996178
3997582
3997841
3998238
3998489
3998735
3998952
3999078
3999191
4000180
4000398
4000596
4001075
4001327
4001383
4001625
4001687
4002045
4002697
4003148
4003400
4003650
4003895
4004937
4005114
4005369
4005561
4005759
4006060
4006277
4006484
4006829
4007129
4007387
4007603
4007768
4008012
4008255
4008476
4008721
4008956
4009478
4009636
4009784
4010327
4010609
4010874
4011204
4011420
4011846
4012073
4012201
4012345
4012640
4013758
4014015
4014170
4014326
4014595
4014666
4014918
4015355
4015613
4015857
4016198
4016553
4016758
4016963
4017267
4017701
4018107
4018339
4018820
4019862
4020005
4020159
4020185
4020217
4020252
4020428
4020493
4020644
4020797
4020853
4020998
4021140
4021417
4021851
4022965
4023333
4023788
4024043
4024280
4024578
4024752
4024873
4025128
4025224
4025538
4025755
4025907
4026045
4026136
4026226
4026333
4026388
4026543
4026627
4026766
4026858
4026957
4027054
4027167
4027309
4027404
4027564
4027653
4027753
4027912
4028010
4028262
4028366
4028781
4028880
4028983
4029235
4029395
4029667
4030099
4030617
4030834
4030933
4031022
4031104
4031348
4031388
4031568
4031814
4032070
4032394
4032660
4032757
4032850
4033210
4033484
4033569
4033681
4033782
4034180
4034268
4034359
4034433
4034689
4034983
4035069
4035324
4035522
4035656
4035752
4035837
4035872
4036050
4036130
4036444
4036551
4036645
4036898
4037178
4037431
4037521
4037766
4038180
4038265
4038511
4038721
4038799
4038930
4039533
4040355
4042150
4042321
4042682
4042964
4043225
4043481
4043636
4043747
4043856
4044001
4044275
4044438
4044678
4044991
4045335
4045758
4046016
4046431
4047053
4047580
4048021
4048196
4048439
4048726
4048878
4049236
4050278
4050524
4050869
4051019
4051283
4051382
4051921
4052264
4052465
4052955
4053293
4053448
4053612
4054044
4054552
4054723
4054880
4055161
4055415
4055578
4055828
4056110
4056616
4056871
4057119
4057385
4057656
4057881
4058039
4058197
4058502
4058813
4059116
4059359
4059503
4059893
4060294
4060436
4060562
4060781
4060916
4061419
4061793
4062039
4062289
4062640
4062893
4063275
4063619
4063737
4063984
4064436
4064596
4064872
4065216
4065486
4065836
4066019
4066162
4066369
4066543
4066939
4067194
4067817
4067969
4068197
4068445
4069071
4069206
4069439
4069653
4070243
4070627
4071116
4071367
4071650
4071713
4071817
4072100
4072333
4072468
4072698
4073095
4073227
4073468
4073579
4075547
4075778
4076082
4076353
4076603
4076628
4076745
4077018
4077360
4077587
4077883
4078107
4078156
4078497
4079061
4079454
4079678
4080088
4080333
4080660
4080910
4081157
4081398
4081724
4081973
4082138
4082266
4082708
4082934
4083134
4083256
4083490
4083637
4083762
4083902
4084207
4084641
4085156
4085405
4085582
4085709
4085946
4086189
4086511
4086757
4086893
4087163
4087444
4087663
4087858
4088227
4088600
4089148
4089396
4089635
4089774
4090180
4090531
4090871
4091341
4091482
4091981
4092160
4092333
4092467
4092736
4092861
4092964
4093102
4093371
4093499
4093626
4093756
4093853
4094199
4094460
4094598
4095023
4095540
4095777
4095907
4096154
4096319
4096640
4097022
4097269
4097512
4097910
4098081
4098337
4098460
4098675
4098807
4098931
4099053
4099301
4099740
4099917
4100076
4100574
4100871
4101137
4101254
4101491
4101574
4101832
4102111
4104269
4104629
4104984
4105258
4105609
4105983
4106155
4106406
4106726
4106882
4107079
4107413
4107546
4107683
4107902
4108037
4108173
4108468
4108716
4108934
4109021
4109161
4109437
4109521
4109730
4109988
4110220
4110348
4110479
4110718
4111544
4112126
4112296
4112429
4112657
4112867
4113030
4113151
4113220
4113336
4113519
4113750
4114235
4114410
4114657
4114959
4115097
4115671
4115784
4115963
4116528
4116921
4117185
4117372
4117828
4117974
4118104
4118309
4118457
4119848
4120239
4120494
4120716
4121249
4121745
4122209
4122457
4122658
4122924
4123251
4123398
4123556
4123706
4123764
4123913
4124067
4124096
4124243
4124354
4124445
4124539
4124682
4126398
4126756
4127016
4127240
4127384
4127567
4127819
4128496
4128749
4128959
4129110
4129161
4129311
4129462
4129584
4129734
4129870
4129942
4130087
4130232
4130600
4130861
4131570
4131820
4132048
4132191
4132330
4132470
4132608
4132738
4132881
4133146
4134325
4134477
4134731
4135070
4135373
4135715
4135855
4136098
4136221
4136466
4136722
4136878
4137098
4137316
4137817
4137948
4138419
4138592
4138971
4139609
4139853
4140095
4140408
4140545
4140674
4140815
4140925
4141044
4141281
4141422
4141570
4141958
4142205
4142344
4142506
4142781
4143193
4143435
4143689
4143752
4143869
4143996
4144134
4144470
4144727
4144980
4145245
4145489
4145612
4145747
4145878
4146003
4146217
4146544
4146845
4147193
4147445
4147692
4148227
4148594
4148838
4149048
4149181
4149630
4149823
4149963
4150092
4150350
4150552
4150683
4150931
4151106
4151240
4151639
4151877
4152142
4152386
4152902
4153210
4153465
4153830
4154077
4154193
4154303
4154390
4154503
4154739
4154869
4155114
4155213
4155462
4155700
4155810
4156050
4156126
4156235
4156352
4156415
4156526
4156691
4156887
4156996
4157227
4157415
4157518
4157618
4157720
4157964
4158200
4158431
4158520
4158754
4159171
4159258
4159366
4159482
4159614
4159719
4159812
4159917
4159963
4160201
4160385
4160641
4160863
4161305
4161373
4161740
4161843
4161969
4162322
4162576
4162677
4162880
4162977
4163076
4163169
4163276
4163563
4163798
4164015
4164243
4164491
4164591
4164830
4165029
4165307
4165418
4165628
4165742
4165999
4166219
4166475
4167024
4167272
4167366
4167460
4167561
4167661
4167882
4168100
4168255
4168637
4169000
4169234
4169331
4169431
4169527
4169574
4170081
4170305
4170402
4170625
4170846
4171018
4171363
4171479
4171618
4171857
4171955
4172307
4172461
4172680
4172901
4173501
4173715
4173934
4174019
4174335
4174515
4174741
4174950
4175168
4175391
4175520
4175737
4175908
4176161
4176512
4176898
4177111
4177315
4177632
4177757
4177875
4178170
4178393
4178608
4178754
4178971
4179190
4179405
4179738
4180033
4180248
4180458
4180665
4180880
4181129
4181327
4181527
4181644
4181907
4182069
4182299
4182846
4182974
4183176
4183310
4183450
4183792
4184124
4184241
4184357
4184468
4184515
4184626
4184712
4184821
4184935
4184996
4185110
4185215
4185326
4185535
4185741
4185941
4186071
4186272
4186475
4186607
4186797
4187238
4187649
4187934
4188136
4188298
4188396
4188493
4188653
4188829
4188912
4189176
4189630
4189926
4190133
4190328
4190678
4191026
4191132
4191329
4191535
4191644
4192586
4192732
4192996
4193189
4193316
4193508
4193992
3683293
3683515
3683694
3683787
3683882
3683973
3684036
3684130
3684221
3684312
3684363
3684462
3684556
3684650
3684767
3684823
3684965
3685081
3685257
3685345
3685492
3685647
3685776
3685952
3686035
3686430
3686536
3686627
3686739
3686809
3687288
3687364
3687414
3687493
3687737
3688017
3688100
3688182
3688277
3688414
3688510
3688562
3688830
3688923
3689373
3689441
3689533
3689623
3689721
3689779
3689918
3690006
3690161
3690350
3690679
3690740
3690922
3691072
3691267
3691664
3691823
3691934
3692017
3692113
3692135
3692214
3692296
3692370
3692428
3692617
3692921
3693162
3693247
3693421
3694007
3694142
3694219
3694269
3694288
3694312
3694368
3694705
3694793
3694884
3694918
3695007
3695151
3695467
3695667
3695815
3695999
3696155
3696342
3696818
3697114
3697204
3697255
3697352
3697554
3697752
3698020
3698109
3698203
3698807
3699081
3699391
3699579
3700439
3700660
3700816
3700902
3700992
3701590
3701968
3702301
3702840
3703241
3703543
3703716
3703826
3704040
3704071
3704168
3704372
3704599
3704708
3704817
3704930
3706558
3706770
3707011
3707126
3707243
3707447
3707771
3707980
3708193
3708559
3708774
3708927
3709104
3709320
3709371
3709496
3709593
3709850
3709967
3710488
3710747
3710891
3711113
3711329
3711508
3711627
3711851
3712286
3712541
3712843
3713542
3713746
3713884
3714297
3714429
3714670
3714916
3715051
3715286
3715461
3716088
3716350
3716513
3716754
3716885
3717036
3717340
3717545
3717828
3718090
3718256
3718485
3718819
3718957
3719202
3719418
3719557
3719797
3720013
3720157
3720430
3720618
3720724
3720865
3721107
3721347
3721679
3721910
3722138
3722312
3726324
3726472
3726780
3727020
3727408
3727580
3727834
3727987
3728123
3728245
3728493
3728877
3729114
3729243
3729639
3730033
3730549
3731124
3731548
3731794
3732075
3732335
3734544
3734713
3734871
3735229
3735610
3735978
3736137
3736397
3736565
3736815
3737151
3737544
3737918
3738063
3738501
3738741
3738984
3739252
3739394
3739655
3740006
3740225
3740370
3740638
3740810
3741207
3741551
3741774
3741828
3741890
3742257
3742401
3742566
3742686
3742947
3743206
3743451
3743595
3743847
3744063
3744305
3744456
3744484
3744735
3745019
3745254
3745583
3745838
3746086
3746643
3746902
3747106
3747819
3748170
3748612
3749030
3749207
3749449
3749723
3749863
3750123
3750374
3750510
3750520
3750659
3750851
3751128
3751391
3751641
3752287
3752583
3752852
3753036
3753286
3753425
3753558
3755625
3755761
3755895
3756078
3757437
3757811
3758061
3758315
3758555
3758803
3759066
3759181
3759404
3759597
3759867
3760100
3760207
3760348
3760630
3760960
3761196
3761420
3761646
3761890
3762005
3762164
3762393
3762619
3762889
3763125
3763509
3763637
3763753
3763779
3764051
3764413
3764662
3764799
3765047
3765250
3765502
3765764
3765891
3766016
3766260
3766636
3767025
3767870
3768130
3768499
3768634
3768767
3768892
3769134
3769171
3769313
3769596
3769827
3769952
3770434
3770681
3770932
3771183
3771535
3772194
3772497
3772625
3772747
3772855
3772948
3773075
3773197
3773324
3773457
3773604
3773734
3773846
3773961
3774103
3774151
3774236
3774258
3774298
3774422
3774776
3774897
3775014
3775130
3775228
3775353
3775599
3775842
3775961
3776068
3776166
3776280
3776526
3776810
3777071
3777177
3777575
3777692
3777805
3777910
3777979
3778204
3778378
3778503
3779105
3779404
3779641
3780020
3780251
3780425
3780671
3780785
3780899
3781149
3781337
3781525
3781854
3782351
3782608
3782769
3782886
3783131
3783508
3783773
3783927
3784121
3784336
3784470
3784704
3784796
3784816
3785121
3785131
3785398
3785714
3785866
3785964
3786086
3786239
3786479
3786590
3786848
3786954
3787206
3787416
3787826
3787986
3789030
3789904
3790169
3790287
3790403
3790711
3790919
3790978
3791235
3791493
3791753
3791874
3792046
3792156
3792323
3792868
3792985
3793094
3793193
3793671
3793914
3794295
3794775
3794781
3794922
3795083
3795219
3795374
3795736
3795855
3795953
3796053
3796164
3796276
3796396
3796698
3796793
3796906
3797168
3797493
3797725
3797835
3798161
3798471
3798917
3798921
3798959
3799226
3799393
3800010
3800146
3800575
3800865
3801163
3801390
3801625
3801877
3801993
3802073
3802189
3802438
3802680
3802998
3803107
3803201
3803427
3803606
3803832
3804037
3804078
3804327
3804540
3804790
3805524
3805766
3805994
3806361
3806597
3806728
3807012
3807400
3807648
3807896
3808501
3808866
3809087
3809231
3809346
3809501
3809749
3809990
3810372
3810548
3810589
3810888
3811371
3811627
3811776
3812029
3812230
3812274
3812404
3812646
3812767
3813024
3813269
3813391
3813512
3813622
3813675
3813933
3813995
3814250
3814487
3816288
3816641
3816844
3817096
3817220
3817430
3817742
3817989
3818237
3818446
3818773
3819193
3819276
3819439
3819699
3819849
3820258
3820393
3820643
3820835
3820967
3821036
3821283
3821342
3821594
3821886
3822139
3822381
3822552
3822757
3822892
3823105
3823207
3823456
3824450
3824592
3824701
3824952
3825042
3825505
3825764
3825823
3826078
3826325
3826609
3826823
3827312
3827752
3827987
3828393
3828547
3828731
3828906
3829154
3829396
3829521
3829652
3829898
3830172
3830347
3830566
3830673
3830775
3830845
3831393
3831641
3832318
3832784
3832977
3833096
3833317
3833424
3833555
3833662
3833769
3833873
3833977
3834090
3834187
3834403
3834668
3834877
3834982
3835063
3835309
3835529
3835652
3835905
3836012
3836110
3836116
3836217
3836478
3836584
3836830
3837086
3837658
3837780
3838031
3838342
3838543
3839098
3839250
3839305
3839520
3839704
3839709
3839836
3839987
3840109
3840237
3840353
3840405
3840520
3840634
3840758
3840874
3841957
3842075
3842202
3842350
3842491
3842609
3842726
3842750
3842826
3842979
3843234
3843482
3843731
3843907
3844714
3844998
3845410
3845907
3846165
3846414
3846662
3847017
3847439
3847776
3847992
3848055
3848213
3848430
3848818
3849066
3849220
3849627
3849743
3849849
3850113
3850494
3850678
3850904
3851025
3851294
3851661
3851783
3852036
3852431
3852635
3852911
3853025
3853418
3853593
3853829
3853949
3854225
3854471
3854724
3854919
3855290
3855523
3855763
3855998
3856674
3856829
3856947
3857203
3857313
3857445
3857860
3858141
3858264
3858426
3858760
3858964
3859254
3859592
3859877
3860141
3860293
3860416
3860552
3860664
3860826
3860958
3861063
3861215
3861331
3861744
3861988
3862338
3862534
3862882
3862902
3863224
3863397
3863515
3863779
3864148
3864433
3864567
3864824
3865139
3865386
3865659
3865904
3866177
3866422
3866662
3866877
3867122
3867416
3867680
3867731
3867799
3867915
3868126
3868347
3868474
3868603
3868801
3869047
3869654
3869907
3870086
3870345
3870551
3870840
3870989
3871345
3871465
3871703
3871952
3872233
3872323
3872431
3872680
3872940
3873163
3873406
3873643
3873883
3874192
3874445
3874565
3874821
3874948
3875361
3875666
3875988
3876551
3876738
3876830
3876883
3877145
3877396
3877576
3877905
3878589
3879065
3879317
3879611
3880191
3880368
3880564
3880807
3881003
3881140
3881298
3881475
3881611
3881877
3882336
3882576
3882699
3882928
3883146
3883384
3883672
3883944
3884192
3886224
3886356
3886706
3886979
3887004
3887242
3887379
3887592
3887835
3887998
3888142
3888435
3888707
3888854
3888992
3889110
3889166
3889295
3889416
3889487
3889600
3889738
3889869
3889933
3890097
3890345
3890603
3890861
3890948
3891184
3891365
3891612
3891775
3892006
3892248
3892394
3892685
3892936
3893182
3893420
3893933
3894164
3894351
3894481
3894615
3895022
3895157
3895446
3896360
3896530
3896690
3896779
3896903
3897068
3898454
3898752
3898867
3899115
3899439
3899602
3900398
3900536
3900786
3901043
3901417
3901970
3902207
3902732
3902869
3903118
3903599
3903753
3903979
3904145
3904391
3904526
3904959
3905228
3905371
3905536
3905676
3905808
3906193
3906416
3906756
3907000
3907378
3907919
3908052
3908300
3908434
3908588
3909205
3909342
3909688
3909867
3910244
3910501
3910745
3911121
3912011
3912235
3912794
3913131
3913382
3913417
3913781
3913954
3914091
3914232
3914566
3915052
3915657
3915783
3917239
3917366
3917590
3917731
3917901
3917987
3918196
3918452
3918707
3918953
3919125
3919472
3919598
3919741
3920022
3920275
3920575
3920954
3921356
3921727
3921874
3922283
3922693
3922939
3923034
3923364
3923576
3923946
3924192
3924474
3925963
3926219
3926548
3926799
3926973
3927153
3927508
3927762
3927958
3928124
3928400
3928636
3928761
3928880
3929124
3929342
3929467
3929596
3929716
3929871
3929926
3930356
3930568
3930900
3931392
3931757
3932125
3932522
3932894
3933012
3933140
3933243
3933482
3933717
3933895
3934013
3934141
3934299
3934438
3934496
3934747
3934993
3935293
3936582
3936754
3937004
3937183
3937511
3937885
3938134
3938660
3938875
3939074
3939306
3939662
3939788
3940129
3940322
3940448
3940691
3941196
3941296
3941423
3941559
3941792
3942195
3942196
3942796
3943069
3943313
3943558
3943791
3944340
3944563
3944724
3945338
3945537
3945646
3945783
3945873
3946161
3946298
3946438
3946574
3946812
3946998
3947393
3947640
3948014
3948257
3948769
3949067
3949245
3949537
3949717
3949848
3950089
3950285
3950527
3950810
3951225
3951816
3952056
3952214
3952315
3952552
3952828
3953077
3953323
3953439
3953543
3953679
3953855
3954100
3954395
3954442
3954515
3954789
3955037
3955151
3955256
3955513
3955952
3956113
3956496
3956764
3957012
3957260
3957280
3957532
3957649
3957763
3957999
3958107
3958212
3958826
3959038
3959420
3959686
3959924
3960037
3960282
3960415
3960525
3960823
3960933
3961183
3961427
3961476
3961541
3961795
3962042
3962315
3962656
3962843
3963185
3963303
3963555
3963845
3964125
3964376
3964613
3964855
3965172
3965376
3965707
3965810
3966063
3966280
3966390
3966484
3966747
3966996
3967245
3967358
3967645
3968332
3968834
3969154
3969543
3969880
3970004
3970261
3970383
3970885
3971743
3971970
3972246
3972399
3972674
3973415
3973536
3973808
3973944
3974065
3974316
3974572
3974821
3975066
3975202
3975318
3975563
3975861
3976110
3976396
3976645
3976777
3976977
3977255
3977509
3978021
3978344
3978589
3978770
3979048
3980662
3980941
3981266
3981503
3981734
3981865
3982334
3982594
3982844
3983109
3983419
3983561
3983916
3984216
3984368
3984835
3985290
3986581
3986976
3987304
3987549
3987802
3988088
3988431
3988792
3989035
3989248
3989551
3989854
3990172
3990320
3990577
3990850
3992064
3992316
3992632
3992929
3993304
3993570
3993652
3993901
3994402
3994557
3994745
3994941
3995130
3995321
3995467
3995624
3995795
3995978
3996130
3996272
3997675
3997948
3998342
3998592
3998900
3999151
4000205
4000444
4000706
4001184
4001664
4001928
4002794
4003256
4003503
4003761
4004047
4005050
4005225
4005664
4005918
4006350
4006804
4007072
4007342
4007718
4008122
4008529
4008773
4009006
4009563
4009683
4009868
4010343
4010600
4010859
4011197
4011412
4011838
4012064
4012192
4012335
4012633
4012793
4012835
4012986
4013206
4013544
4013882
4014048
4014197
4014319
4014606
4014657
4014909
4015343
4015543
4015771
4016190
4016545
4016752
4016900
4017263
4017698
4018103
4018334
4018814
4019227
4019451
4019675
4019878
4020046
4020183
4020208
4020240
4020284
4020400
4020484
4020635
4020788
4020846
4020991
4021132
4021410
4021843
4022958
4023317
4023781
4024034
4024285
4024428
4024920
4025263
4025546
4025645
4028031
4028274
4028555
4028607
4029095
4029442
4029704
4029893
4030857
4031156
4031419
4031595
4031837
4032125
4032301
4032868
4033083
4033284
4033813
4034068
4034470
4034718
4034809
4035114
4035909
4036246
4036674
4036941
4037199
4037619
4037879
4038017
4038314
4038843
4039101
4039272
4039342
4039821
4040150
4040273
4040455
4040618
4040769
4040939
4041012
4041039
4041195
4041370
4041489
4041653
4041832
4042080
4042235
4042479
4042737
4043017
4043376
4044124
4044552
4044977
4045317
4045744
4045999
4046414
4047040
4047185
4047568
4048009
4048184
4048427
4048715
4048864
4049225
4050269
4050515
4050745
4050965
4051271
4051372
4051909
4052239
4052475
4052484
4052944
4053280
4053484
4053489
4053741
4054029
4054541
4054712
4054870
4055147
4055401
4055566
4055816
4056098
4056471
4056617
4056860
4057108
4057375
4057642
4057869
4058027
4058185
4058411
4058569
4058803
4059108
4059348
4059494
4059976
4060285
4060324
4060461
4060636
4060861
4060990
4061105
4061239
4061369
4061496
4061784
4062032
4062280
4062632
4062885
4063266
4063420
4063729
4063977
4064426
4064586
4064864
4065207
4065477
4065829
4066549
4066940
4067195
4067823
4068093
4068229
4068589
4068936
4069185
4069446
4069661
4070249
4070636
4070676
4071125
4071376
4071660
4071825
4072107
4072334
4072609
4073101
4073231
4073476
4073586
4075554
4075692
4076122
4076375
4076624
4076750
4077023
4077382
4077607
4077848
4078129
4078516
4079082
4079320
4079699
4080109
4080355
4080682
4080930
4081178
4081432
4081743
4081993
4082139
4082305
4082729
4082955
4083155
4083277
4083508
4083658
4083786
4083925
4084231
4084666
4085181
4085429
4085606
4085878
4085910
4086153
4086380
4086639
4086867
4087137
4087377
4087691
4087885
4088255
4088627
4089175
4089420
4089661
4090039
4090286
4090554
4090894
4091365
4091510
4092008
4092190
4092360
4092687
4093017
4093132
4093399
4093541
4093607
4093732
4093863
4094123
4094488
4094626
4095050
4095568
4095921
4096156
4096300
4096600
4096945
4097217
4097457
4097584
4098021
4098288
4098415
4098623
4098758
4098883
4099005
4099255
4099691
4099872
4099997
4100118
4100526
4100824
4100947
4101069
4101317
4101710
4101982
4102266
4102273
4102397
4102522
4102663
4102782
4102890
4103012
4103122
4103275
4103408
4103524
4103580
4103705
4103823
4103932
4104038
4104161
4104413
4104528
4104912
4105160
4105405
4105510
4105563
4105734
4105868
4106307
4106548
4107282
4107773
4108250
4108362
4108609
4108787
4109274
4109638
4109885
4110543
4110694
4110877
4110894
4110970
4111110
4111227
4111296
4111395
4111477
4112012
4112060
4112483
4112787
4113007
4113635
4113948
4114068
4114182
4114468
4114705
4114815
4114915
4115206
4115317
4115434
4115710
4116049
4116159
4116261
4116362
4116497
4116707
4116797
4116894
4117223
4117470
4117925
4118368
4118561
4118687
4118868
4119240
4119564
4120027
4120345
4120679
4121321
4121842
4122308
4122562
4122802
4123220
4123491
4123650
4123859
4124016
4124196
4124383
4124520
4124666
4126472
4126859
4127225
4127358
4127667
4127917
4128595
4129059
4129266
4129424
4129571
4129720
4129895
4130047
4130197
4130342
4130376
4130719
4130972
4131683
4131923
4132158
4132324
4132466
4132617
4133820
4134362
4134612
4134839
4135178
4135485
4135828
4136073
4136320
4136577
4136817
4137070
4137342
4137614
4137963
4138846
4139205
4139718
4139960
4140279
4140521
4140781
4140966
4141100
4141352
4141525
4142062
4142313
4142615
4142886
4143300
4143543
4143812
4143948
4144113
4144369
4144588
4144842
4145348
4145584
4145715
4145864
4145997
4146219
4146484
4146727
4146950
4147300
4147553
4147777
4148303
4148672
4148921
4149124
4149602
4149903
4150755
4150999
4151197
4151442
4151714
4152007
4152461
4152975
4153290
4153539
4154009
4154667
4155062
4155334
4155585
4155923
4156639
4156834
4157126
4157174
4157828
4158071
4158318
4158628
4158809
4158947
4159076
4160145
4160449
4160755
4160992
4161232
4161538
4161663
4162127
4162261
4162500
4162791
4163438
4163677
4163915
4164190
4164422
4164757
4164952
4165189
4165394
4165738
4165915
4166124
4166312
4166559
4166779
4166929
4167172
4167794
4168025
4168343
4168501
4168775
4168923
4169164
4169659
4169712
4169854
4169945
4170207
4170513
4171059
4171243
4171464
4171709
4172209
4172496
4172709
4172934
4173200
4173539
4173756
4173945
4174027
4174356
4174536
4174764
4174983
4175200
4175423
4175553
4175786
4176006
4176208
4176588
4176946
4177668
4177792
4177920
4178207
4178430
4178464
4178680
4178790
4179007
4179227
4179430
4179773
4180073
4180287
4180495
4180705
4180917
4181163
4181380
4181573
4181938
4182105
4182337
4182627
4182686
4182694
4182733
4183009
4183211
4183408
4183831
4184162
4184279
4184397
4184549
4184659
4184750
4184859
4184968
4185036
4185146
4185254
4185466
4185678
4185856
4186014
4186199
4186348
4186640
4186832
4187277
4187680
4187968
4188170
4188330
4188427
4188628
4188843
4188943
4189210
4189670
4189962
4190163
4190361
4190714
4191057
4191267
4191472
4191619
4191719
4192667
4192835
4193032
4193225
4193355
4193542
4193765
4193949
4193995
4194011
4194020
4194021
4194075
4194196
4194300
4194627
4194830
4194983
4195207
4195514
4195530
4195712
4195894
4196002
4196114
4196339
4196527
4196864
4197001
4197169